"displayName","rating","userRatingCount","primaryType","placeUri","address","latitude","longitude","weekdayDescriptions","nextCloseTime","nextCloseHour","trueCoffee"
"LOT61 Coffee Roasters","4.6","1930","food_store","https://maps.google.com/?cid=15526938402491586985&g_mp=Cidnb29nbGUubWFwcy5wbGFjZXMudjEuUGxhY2VzLlNlYXJjaFRleHQQABgEIAA","Kinkerstraat 112, 1053 ED Amsterdam, Netherlands","52.3668272","4.870314","Monday: 8:00 AM - 6:00 PM
Tuesday: 8:00 AM - 6:00 PM
Wednesday: 8:00 AM - 6:00 PM
Thursday: 8:00 AM - 6:00 PM
Friday: 8:00 AM - 6:00 PM
Saturday: 9:00 AM - 6:00 PM
Sunday: 9:00 AM - 6:00 PM","2025-08-13T16:00:00Z","18.0","1"
"Hummingbird Coffee Amsterdam","4.6","852","coffee_shop","https://maps.google.com/?cid=16912688596054977832&g_mp=Cidnb29nbGUubWFwcy5wbGFjZXMudjEuUGxhY2VzLlNlYXJjaFRleHQQABgEIAA","Spuistraat 217, 1012 RN Amsterdam, Netherlands","52.371586799999996","4.8895102999999995","Monday: 8:30 AM - 5:00 PM
Tuesday: 8:30 AM - 5:00 PM
Wednesday: 8:30 AM - 5:00 PM
Thursday: 8:30 AM - 5:00 PM
Friday: 8:30 AM - 5:00 PM
Saturday: 9:00 AM - 5:30 PM
Sunday: 9:00 AM - 5:30 PM","2025-08-13T15:00:00Z","17.0","1"
"Bocca Coffee","4.4","1863","coffee_shop","https://maps.google.com/?cid=18188383309989194106&g_mp=Cidnb29nbGUubWFwcy5wbGFjZXMudjEuUGxhY2VzLlNlYXJjaFRleHQQABgEIAA","Kerkstraat 96H, 1017 GP Amsterdam, Netherlands","52.3643905","4.8868164","Monday: 8:00 AM - 6:00 PM
Tuesday: 8:00 AM - 6:00 PM
Wednesday: 8:00 AM - 6:00 PM
Thursday: 8:00 AM - 6:00 PM
Friday: 8:00 AM - 6:00 PM
Saturday: 9:00 AM - 6:00 PM
Sunday: 9:00 AM - 6:00 PM","2025-08-13T16:00:00Z","18.0","1"
"Kafenion Amsterdam","4.9","3042","cafe","https://maps.google.com/?cid=13799867098777125081&g_mp=Cidnb29nbGUubWFwcy5wbGFjZXMudjEuUGxhY2VzLlNlYXJjaFRleHQQABgEIAA","Bloemgracht 49, 1016 KD Amsterdam, Netherlands","52.374677","4.8813721999999995","Monday: 8:00 AM - 7:00 PM
Tuesday: 8:00 AM - 7:00 PM
Wednesday: 8:00 AM - 7:00 PM
Thursday: 8:00 AM - 7:00 PM
Friday: 8:00 AM - 7:00 PM
Saturday: 9:00 AM - 7:30 PM
Sunday: 9:00 AM - 7:30 PM","2025-08-13T17:00:00Z","19.0","1"
"Monks Coffee Roasters.","4.7","874","cafe","https://maps.google.com/?cid=5891699866678143707&g_mp=Cidnb29nbGUubWFwcy5wbGFjZXMudjEuUGxhY2VzLlNlYXJjaFRleHQQABgEIAA","Bilderdijkstraat 46H, 1052 NB Amsterdam, Netherlands","52.3712151","4.8702463","Monday: 8:00 AM - 4:00 PM
Tuesday: 8:00 AM - 4:00 PM
Wednesday: 8:00 AM - 4:00 PM
Thursday: 8:00 AM - 4:00 PM
Friday: 8:00 AM - 4:00 PM
Saturday: 9:00 AM - 4:00 PM
Sunday: 9:00 AM - 4:00 PM","2025-08-13T14:00:00Z","16.0","1"
"Black Gold Amsterdam","4.8","749","coffee_shop","https://maps.google.com/?cid=13817876557388349051&g_mp=Cidnb29nbGUubWFwcy5wbGFjZXMudjEuUGxhY2VzLlNlYXJjaFRleHQQABgEIAA","Korte Koningsstraat 13 H, 1011 EX Amsterdam, Netherlands","52.371787999999995","4.9030432","Monday: 9:00 AM - 5:00 PM
Tuesday: 9:00 AM - 5:00 PM
Wednesday: 9:00 AM - 5:00 PM
Thursday: 9:00 AM - 5:00 PM
Friday: 9:00 AM - 5:00 PM
Saturday: 10:00 AM - 6:00 PM
Sunday: 10:00 AM - 6:00 PM","2025-08-13T15:00:00Z","17.0","1"
"Berry Amsterdam","4.7","460","coffee_shop","https://maps.google.com/?cid=1163045397431648299&g_mp=Cidnb29nbGUubWFwcy5wbGFjZXMudjEuUGxhY2VzLlNlYXJjaFRleHQQABgEIAA","Bilderdijkkade 27, 1053 VH Amsterdam, Netherlands","52.3684802","4.8701227","Monday: Closed
Tuesday: 8:00 AM - 5:00 PM
Wednesday: 8:00 AM - 5:00 PM
Thursday: 8:00 AM - 5:00 PM
Friday: 8:00 AM - 5:00 PM
Saturday: 9:00 AM - 5:00 PM
Sunday: 10:00 AM - 5:00 PM","2025-08-13T15:00:00Z","17.0","1"
"Caffè il Momento","4.6","873","coffee_shop","https://maps.google.com/?cid=16136560569487544155&g_mp=Cidnb29nbGUubWFwcy5wbGFjZXMudjEuUGxhY2VzLlNlYXJjaFRleHQQABgEIAA","Singel 180, 1015 AJ Amsterdam, Netherlands","52.374684599999995","4.8890461","Monday: 8:00 AM - 6:00 PM
Tuesday: 8:00 AM - 6:00 PM
Wednesday: 8:00 AM - 6:00 PM
Thursday: 8:00 AM - 6:00 PM
Friday: 8:00 AM - 6:00 PM
Saturday: 9:00 AM - 5:00 PM
Sunday: 9:00 AM - 5:00 PM","2025-08-13T16:00:00Z","18.0","1"
"De Koffieschenkerij","4.7","3057","cafe","https://maps.google.com/?cid=5588248605643341817&g_mp=Cidnb29nbGUubWFwcy5wbGFjZXMudjEuUGxhY2VzLlNlYXJjaFRleHQQABgEIAA","Oudekerksplein 27, 1012 GX Amsterdam, Netherlands","52.3741148","4.898346699999999","Monday: 9:00 AM - 6:00 PM
Tuesday: 9:00 AM - 6:00 PM
Wednesday: 9:00 AM - 6:00 PM
Thursday: 9:00 AM - 6:00 PM
Friday: 9:00 AM - 6:00 PM
Saturday: 9:00 AM - 6:00 PM
Sunday: 9:00 AM - 6:00 PM","2025-08-13T16:00:00Z","18.0","1"
"Five Ways Coffee Roasters","4.6","310","cafe","https://maps.google.com/?cid=6515543384646289734&g_mp=Cidnb29nbGUubWFwcy5wbGFjZXMudjEuUGxhY2VzLlNlYXJjaFRleHQQABgEIAA","Kinkerstraat 186, 1053 CG Amsterdam, Netherlands","52.366029499999996","4.8673108","Monday: 7:30 AM - 4:30 PM
Tuesday: 7:30 AM - 4:30 PM
Wednesday: 7:30 AM - 4:30 PM
Thursday: 7:30 AM - 4:30 PM
Friday: 7:30 AM - 4:30 PM
Saturday: 8:30 AM - 5:30 PM
Sunday: 8:30 AM - 5:30 PM","2025-08-13T14:30:00Z","16.0","1"
"Koffie Academie","4.6","851","cafe","https://maps.google.com/?cid=17553798295527386772&g_mp=Cidnb29nbGUubWFwcy5wbGFjZXMudjEuUGxhY2VzLlNlYXJjaFRleHQQABgEIAA","Overtoom 95, 1054 HD Amsterdam, Netherlands","52.362382999999994","4.8746811","Monday: 8:30 AM - 4:00 PM
Tuesday: 8:30 AM - 4:00 PM
Wednesday: 8:30 AM - 4:00 PM
Thursday: 8:30 AM - 4:00 PM
Friday: 8:30 AM - 4:00 PM
Saturday: 9:00 AM - 4:00 PM
Sunday: 9:00 AM - 4:00 PM","2025-08-13T14:00:00Z","16.0","1"
"Luuk's Coffee Noordermarkt","4.8","882","coffee_shop","https://maps.google.com/?cid=11045848961108365584&g_mp=Cidnb29nbGUubWFwcy5wbGFjZXMudjEuUGxhY2VzLlNlYXJjaFRleHQQABgEIAA","Westerstraat 3, 1015 LT Amsterdam, Netherlands","52.378763899999996","4.8862575","Monday: 7:30 AM - 4:30 PM
Tuesday: 7:30 AM - 4:30 PM
Wednesday: 7:30 AM - 4:30 PM
Thursday: 7:30 AM - 4:30 PM
Friday: 7:30 AM - 4:30 PM
Saturday: 8:00 AM - 5:00 PM
Sunday: 9:00 AM - 5:00 PM","2025-08-13T14:30:00Z","16.0","1"
"KOF Amsterdam Coffee Roasters","4.5","160","coffee_shop","https://maps.google.com/?cid=12834393538407371771&g_mp=Cidnb29nbGUubWFwcy5wbGFjZXMudjEuUGxhY2VzLlNlYXJjaFRleHQQABgEIAA","Huidenstraat 30I, 1016 ET Amsterdam, Netherlands","52.368895599999995","4.8851448","Monday: 8:00 AM - 6:00 PM
Tuesday: 8:00 AM - 6:00 PM
Wednesday: 8:00 AM - 6:00 PM
Thursday: 8:00 AM - 6:00 PM
Friday: 8:00 AM - 6:00 PM
Saturday: 8:00 AM - 6:00 PM
Sunday: 8:00 AM - 6:00 PM","2025-08-13T16:00:00Z","18.0","1"
"Dak Showroom by Dak Coffee Roasters","4.8","124","coffee_shop","https://maps.google.com/?cid=10131096394286370724&g_mp=Cidnb29nbGUubWFwcy5wbGFjZXMudjEuUGxhY2VzLlNlYXJjaFRleHQQABgEIAA","Bellamyplein 16H, 1053 AS Amsterdam, Netherlands","52.3684127","4.867310499999999","Monday: 8:00 AM - 5:00 PM
Tuesday: 8:00 AM - 5:00 PM
Wednesday: 8:00 AM - 5:00 PM
Thursday: 8:00 AM - 5:00 PM
Friday: 8:00 AM - 5:00 PM
Saturday: 9:00 AM - 5:00 PM
Sunday: 9:00 AM - 5:00 PM","2025-08-13T15:00:00Z","17.0","1"
"Screaming Beans","4.7","645","","https://maps.google.com/?cid=3501433397202032065&g_mp=Cidnb29nbGUubWFwcy5wbGFjZXMudjEuUGxhY2VzLlNlYXJjaFRleHQQABgEIAA","Runstraat 6, 1016 GK Amsterdam, Netherlands","52.368960599999994","4.883902","Monday: 8:00 AM - 6:00 PM
Tuesday: 8:00 AM - 6:00 PM
Wednesday: 8:00 AM - 6:00 PM
Thursday: 8:00 AM - 6:00 PM
Friday: 8:00 AM - 6:00 PM
Saturday: 9:00 AM - 6:00 PM
Sunday: 9:00 AM - 6:00 PM","2025-08-13T16:00:00Z","18.0","1"
"Haku Specialty Coffee","4.8","329","food_store","https://maps.google.com/?cid=6154733505273622538&g_mp=Cidnb29nbGUubWFwcy5wbGFjZXMudjEuUGxhY2VzLlNlYXJjaFRleHQQABgEIAA","Rozengracht 69, 1016 LT Amsterdam, Netherlands","52.373287999999995","4.880800499999999","Monday: 8:00 AM - 5:00 PM
Tuesday: 8:00 AM - 5:00 PM
Wednesday: 8:00 AM - 5:00 PM
Thursday: 8:00 AM - 5:00 PM
Friday: 8:00 AM - 5:00 PM
Saturday: 9:00 AM - 6:00 PM
Sunday: 9:00 AM - 6:00 PM","2025-08-13T15:00:00Z","17.0","1"
"Barney's Coffeeshop Amsterdam THC Cannabis Dispensary","4.6","4783","store","https://maps.google.com/?cid=16644677838783126486&g_mp=Cidnb29nbGUubWFwcy5wbGFjZXMudjEuUGxhY2VzLlNlYXJjaFRleHQQABgEIAA","Haarlemmerstraat 102, 1013 EW Amsterdam, Netherlands","52.3806892","4.8908553","Monday: 9:00 AM - 1:00 AM
Tuesday: 9:00 AM - 1:00 AM
Wednesday: 9:00 AM - 1:00 AM
Thursday: 9:00 AM - 1:00 AM
Friday: 9:00 AM - 1:00 AM
Saturday: 9:00 AM - 1:00 AM
Sunday: 9:00 AM - 1:00 AM","2025-08-13T23:00:00Z","1.0","0"
"Back to Black","4.7","564","coffee_shop","https://maps.google.com/?cid=2757951390767131292&g_mp=Cidnb29nbGUubWFwcy5wbGFjZXMudjEuUGxhY2VzLlNlYXJjaFRleHQQABgEIAA","Van Hallstraat 268, 1051 HM Amsterdam, Netherlands","52.379399299999996","4.8714727","Monday: 8:00 AM - 6:00 PM
Tuesday: 8:00 AM - 6:00 PM
Wednesday: 8:00 AM - 6:00 PM
Thursday: 8:00 AM - 6:00 PM
Friday: 8:00 AM - 6:00 PM
Saturday: 9:00 AM - 6:00 PM
Sunday: 9:00 AM - 6:00 PM","2025-08-13T16:00:00Z","18.0","1"
"Back to Black","4.7","1719","","https://maps.google.com/?cid=10287456413340688134&g_mp=Cidnb29nbGUubWFwcy5wbGFjZXMudjEuUGxhY2VzLlNlYXJjaFRleHQQABgEIAA","Weteringstraat 48, 1017 RN Amsterdam, Netherlands","52.361076999999995","4.888494","Monday: 8:00 AM - 6:00 PM
Tuesday: 8:00 AM - 6:00 PM
Wednesday: 8:00 AM - 6:00 PM
Thursday: 8:00 AM - 6:00 PM
Friday: 8:00 AM - 6:00 PM
Saturday: 9:00 AM - 6:00 PM
Sunday: 9:00 AM - 6:00 PM","2025-08-13T16:00:00Z","18.0","1"
"Wandu Amsterdam","4.5","297","coffee_shop","https://maps.google.com/?cid=9430587355522644994&g_mp=Cidnb29nbGUubWFwcy5wbGFjZXMudjEuUGxhY2VzLlNlYXJjaFRleHQQABgEIAA","Lauriergracht 71 H, 1016 RH Amsterdam, Netherlands","52.3709293","4.8796324","Monday: 9:00 AM - 5:00 PM
Tuesday: 8:30 AM - 5:00 PM
Wednesday: 8:30 AM - 5:00 PM
Thursday: 8:30 AM - 5:00 PM
Friday: 8:30 AM - 5:00 PM
Saturday: 9:00 AM - 5:00 PM
Sunday: 10:00 AM - 5:00 PM","2025-08-13T15:00:00Z","17.0","1"
"Coffee Room.","4.3","869","coffee_shop","https://maps.google.com/?cid=11138241219506320027&g_mp=Cidnb29nbGUubWFwcy5wbGFjZXMudjEuUGxhY2VzLlNlYXJjaFRleHQQABgEIAA","Kinkerstraat 110, 1053 EC Amsterdam, Netherlands","52.367047199999995","4.8711193999999995","Monday: 8:00 AM - 7:00 PM
Tuesday: 8:00 AM - 7:00 PM
Wednesday: 8:00 AM - 7:00 PM
Thursday: 8:00 AM - 7:00 PM
Friday: 8:00 AM - 7:00 PM
Saturday: 8:00 AM - 7:00 PM
Sunday: 9:00 AM - 7:00 PM","2025-08-13T17:00:00Z","19.0","1"
"Strain Hunters Coffeeshop","4.4","563","coffee_shop","https://maps.google.com/?cid=5226085297297991484&g_mp=Cidnb29nbGUubWFwcy5wbGFjZXMudjEuUGxhY2VzLlNlYXJjaFRleHQQABgEIAA","Singel 387, 1012 WN Amsterdam, Netherlands","52.368757699999996","4.8882696999999995","Monday: 9:00 AM - 1:00 AM
Tuesday: 9:00 AM - 1:00 AM
Wednesday: 9:00 AM - 1:00 AM
Thursday: 9:00 AM - 1:00 AM
Friday: 9:00 AM - 1:00 AM
Saturday: 9:00 AM - 1:00 AM
Sunday: 9:00 AM - 1:00 AM","2025-08-13T23:00:00Z","1.0","0"
"Chapo Amsterdam","4.8","60","coffee_shop","https://maps.google.com/?cid=3833706606732370756&g_mp=Cidnb29nbGUubWFwcy5wbGFjZXMudjEuUGxhY2VzLlNlYXJjaFRleHQQABgEIAA","Kerkstraat 155, 1017 GG Amsterdam, Netherlands","52.363436799999995","4.8888845","Monday: 9:00 AM - 5:00 PM
Tuesday: 9:00 AM - 5:00 PM
Wednesday: 9:00 AM - 5:00 PM
Thursday: 9:00 AM - 5:00 PM
Friday: 9:00 AM - 5:00 PM
Saturday: 9:00 AM - 5:00 PM
Sunday: 9:00 AM - 5:00 PM","2025-08-13T15:00:00Z","17.0","1"
"Good Beans","4.8","477","coffee_shop","https://maps.google.com/?cid=18056186638478723781&g_mp=Cidnb29nbGUubWFwcy5wbGFjZXMudjEuUGxhY2VzLlNlYXJjaFRleHQQABgEIAA","Binnen Oranjestraat 4, 1013 JA Amsterdam, Netherlands","52.382381","4.887274199999999","Monday: 8:30 AM - 5:00 PM
Tuesday: 8:30 AM - 5:00 PM
Wednesday: 8:30 AM - 5:00 PM
Thursday: 8:30 AM - 5:00 PM
Friday: 8:30 AM - 5:00 PM
Saturday: 9:00 AM - 6:00 PM
Sunday: 10:00 AM - 5:00 PM","2025-08-13T15:00:00Z","17.0","1"
"Koffiespot","4.5","595","coffee_shop","https://maps.google.com/?cid=2122484869929095106&g_mp=Cidnb29nbGUubWFwcy5wbGFjZXMudjEuUGxhY2VzLlNlYXJjaFRleHQQABgEIAA","Elandsgracht 53, 1016 TN Amsterdam, Netherlands","52.3694002","4.8805982","Monday: 8:00 AM - 6:00 PM
Tuesday: 8:00 AM - 6:00 PM
Wednesday: 8:00 AM - 6:00 PM
Thursday: 8:00 AM - 6:00 PM
Friday: 8:00 AM - 6:00 PM
Saturday: 9:00 AM - 6:00 PM
Sunday: 9:00 AM - 6:00 PM","2025-08-13T16:00:00Z","18.0","1"
"Rum Baba","4.7","421","","https://maps.google.com/?cid=6154861780410789025&g_mp=Cidnb29nbGUubWFwcy5wbGFjZXMudjEuUGxhY2VzLlNlYXJjaFRleHQQABgEIAA","Elandsgracht 134, 1016 VC Amsterdam, Netherlands","52.3691337","4.8787234","Monday: 8:00 AM - 4:30 PM
Tuesday: 8:00 AM - 4:30 PM
Wednesday: 8:00 AM - 4:30 PM
Thursday: 8:00 AM - 4:30 PM
Friday: 8:00 AM - 4:30 PM
Saturday: 9:00 AM - 5:00 PM
Sunday: 9:00 AM - 5:00 PM","2025-08-13T14:30:00Z","16.0","1"
"Luuk's Coffee Vijzelgracht","4.7","285","coffee_shop","https://maps.google.com/?cid=4240338882888545458&g_mp=Cidnb29nbGUubWFwcy5wbGFjZXMudjEuUGxhY2VzLlNlYXJjaFRleHQQABgEIAA","Vijzelgracht 49, 1017 HP Amsterdam, Netherlands","52.360563500000005","4.8914177","Monday: 7:30 AM - 4:30 PM
Tuesday: 7:30 AM - 4:30 PM
Wednesday: 7:30 AM - 4:30 PM
Thursday: 7:30 AM - 4:30 PM
Friday: 7:30 AM - 4:30 PM
Saturday: 8:30 AM - 5:00 PM
Sunday: 9:00 AM - 5:00 PM","2025-08-13T14:30:00Z","16.0","1"
"Alpha coffee Amsterdam","4.9","192","coffee_shop","https://maps.google.com/?cid=4986897687822909375&g_mp=Cidnb29nbGUubWFwcy5wbGFjZXMudjEuUGxhY2VzLlNlYXJjaFRleHQQABgEIAA","Amstel 47, 1011 PW Amsterdam, Netherlands","52.3662631","4.9018763","Monday: 9:00 AM - 6:00 PM
Tuesday: 9:00 AM - 6:00 PM
Wednesday: 9:00 AM - 6:00 PM
Thursday: 9:00 AM - 6:00 PM
Friday: 9:00 AM - 6:00 PM
Saturday: 9:30 AM - 6:00 PM
Sunday: 9:30 AM - 6:00 PM","2025-08-13T16:00:00Z","18.0","1"
"Coffeeshop Get Down","4.4","1608","store","https://maps.google.com/?cid=14488763558202109286&g_mp=Cidnb29nbGUubWFwcy5wbGFjZXMudjEuUGxhY2VzLlNlYXJjaFRleHQQABgEIAA","Korte Leidsedwarsstraat 77, 1017 PW Amsterdam, Netherlands","52.36401","4.8838","Monday: 9:30 AM - 1:00 AM
Tuesday: 9:30 AM - 1:00 AM
Wednesday: 9:30 AM - 1:00 AM
Thursday: 9:30 AM - 1:00 AM
Friday: 9:30 AM - 1:00 AM
Saturday: 9:30 AM - 1:00 AM
Sunday: 9:30 AM - 1:00 AM","2025-08-13T23:00:00Z","1.0","0"
"Hagen Espresso Bar (Hagen Kleine Gartmanplantsoen)","4.9","102","coffee_shop","https://maps.google.com/?cid=2780747951265489092&g_mp=Cidnb29nbGUubWFwcy5wbGFjZXMudjEuUGxhY2VzLlNlYXJjaFRleHQQABgEIAA","Kleine-Gartmanplantsoen 28, 1017 RR Amsterdam, Netherlands","52.3625541","4.8835014999999995","Monday: 7:30 AM - 6:00 PM
Tuesday: 7:30 AM - 6:00 PM
Wednesday: 7:30 AM - 6:00 PM
Thursday: 7:30 AM - 6:00 PM
Friday: 7:30 AM - 6:00 PM
Saturday: 8:30 AM - 6:00 PM
Sunday: 8:30 AM - 6:00 PM","2025-08-13T16:00:00Z","18.0","1"
"Kaldi koffie & thee Amsterdam Herengracht","4.7","398","food_store","https://maps.google.com/?cid=10305850915157660175&g_mp=Cidnb29nbGUubWFwcy5wbGFjZXMudjEuUGxhY2VzLlNlYXJjaFRleHQQABgEIAA","Herengracht 300, 1016 CD Amsterdam, Netherlands","52.3702334","4.886512499999999","Monday: 8:30 AM - 5:30 PM
Tuesday: 8:30 AM - 5:30 PM
Wednesday: 8:30 AM - 5:30 PM
Thursday: 8:30 AM - 5:30 PM
Friday: 8:30 AM - 6:00 PM
Saturday: 10:00 AM - 6:00 PM
Sunday: 10:00 AM - 5:00 PM","2025-08-13T15:30:00Z","17.0","1"
"First Coffee","4.8","54","coffee_shop","https://maps.google.com/?cid=1980585937553856170&g_mp=Cidnb29nbGUubWFwcy5wbGFjZXMudjEuUGxhY2VzLlNlYXJjaFRleHQQABgEIAA","Vondelpark, 1071 AA Amsterdam, Netherlands","52.3609283","4.8739707","Monday: Closed
Tuesday: 10:30 AM - 5:00 PM
Wednesday: 10:30 AM - 5:00 PM
Thursday: 10:30 AM - 5:00 PM
Friday: 10:30 AM - 5:00 PM
Saturday: 10:30 AM - 5:00 PM
Sunday: 10:30 AM - 5:00 PM","2025-08-13T15:00:00Z","17.0","1"
"Coffee & Cakes","4.6","1140","coffee_shop","https://maps.google.com/?cid=9808674227877766445&g_mp=Cidnb29nbGUubWFwcy5wbGFjZXMudjEuUGxhY2VzLlNlYXJjaFRleHQQABgEIAA","Warmoesstraat 133, 1012 JB Amsterdam, Netherlands","52.3738628","4.896120799999999","Monday: 8:00 AM - 10:00 PM
Tuesday: 8:00 AM - 10:00 PM
Wednesday: 8:00 AM - 10:00 PM
Thursday: 8:00 AM - 10:00 PM
Friday: 8:00 AM - 10:00 PM
Saturday: 8:00 AM - 10:00 PM
Sunday: 8:00 AM - 10:00 PM","2025-08-13T20:00:00Z","22.0","1"
"Sam’s koffie - West","4.8","271","coffee_shop","https://maps.google.com/?cid=18345924891019177012&g_mp=Cidnb29nbGUubWFwcy5wbGFjZXMudjEuUGxhY2VzLlNlYXJjaFRleHQQABgEIAA","Wenslauerstraat 2a, 1053 BA Amsterdam, Netherlands","52.36771170000001","4.8660551","Monday: 8:00 AM - 5:00 PM
Tuesday: 8:00 AM - 5:00 PM
Wednesday: 8:00 AM - 5:00 PM
Thursday: 8:00 AM - 5:00 PM
Friday: 8:00 AM - 5:00 PM
Saturday: 8:00 AM - 5:00 PM
Sunday: 9:00 AM - 5:00 PM","2025-08-13T15:00:00Z","17.0","1"
"Wakuli specialty coffee bar","4.7","72","cafe","https://maps.google.com/?cid=11275652231488648513&g_mp=Cidnb29nbGUubWFwcy5wbGFjZXMudjEuUGxhY2VzLlNlYXJjaFRleHQQABgEIAA","Vijzelgracht 37, 1017 HP Amsterdam, Netherlands","52.3608019","4.8914608","Monday: 7:00 AM - 6:00 PM
Tuesday: 7:00 AM - 6:00 PM
Wednesday: 7:00 AM - 6:00 PM
Thursday: 7:00 AM - 6:00 PM
Friday: 7:00 AM - 6:00 PM
Saturday: 8:00 AM - 6:00 PM
Sunday: 8:00 AM - 6:00 PM","2025-08-13T16:00:00Z","18.0","1"
"Coffeeshop The Greenhouse Effect Amsterdam","4.4","3492","","https://maps.google.com/?cid=13751898002963946213&g_mp=Cidnb29nbGUubWFwcy5wbGFjZXMudjEuUGxhY2VzLlNlYXJjaFRleHQQABgEIAA","Nieuwmarkt 14, 1012 CR Amsterdam, Netherlands","52.372849","4.899859","Monday: 8:00 AM - 1:00 AM
Tuesday: 8:00 AM - 1:00 AM
Wednesday: 8:00 AM - 1:00 AM
Thursday: 8:00 AM - 1:00 AM
Friday: 8:00 AM - 1:00 AM
Saturday: 8:00 AM - 1:00 AM
Sunday: 8:00 AM - 1:00 AM","2025-08-13T23:00:00Z","1.0","0"
"Ikaria Food","4.8","368","cafe","https://maps.google.com/?cid=5661905777306122201&g_mp=Cidnb29nbGUubWFwcy5wbGFjZXMudjEuUGxhY2VzLlNlYXJjaFRleHQQABgEIAA","Bilderdijkstraat 108k, 1053 KZ Amsterdam, Netherlands","52.368778899999995","4.8708165","Monday: 7:30 AM - 4:30 PM
Tuesday: 7:30 AM - 4:30 PM
Wednesday: 7:30 AM - 4:30 PM
Thursday: 7:30 AM - 4:30 PM
Friday: 7:30 AM - 4:30 PM
Saturday: 8:00 AM - 5:00 PM
Sunday: 8:00 AM - 5:00 PM","2025-08-13T14:30:00Z","16.0","1"
"Caffènation Amsterdam","4.6","874","coffee_shop","https://maps.google.com/?cid=12794073776530560271&g_mp=Cidnb29nbGUubWFwcy5wbGFjZXMudjEuUGxhY2VzLlNlYXJjaFRleHQQABgEIAA","Warmondstraat 120, 1058 KZ Amsterdam, Netherlands","52.354718","4.8493189999999995","Monday: 8:00 AM - 5:00 PM
Tuesday: 8:00 AM - 5:00 PM
Wednesday: 8:00 AM - 5:00 PM
Thursday: 8:00 AM - 5:00 PM
Friday: 8:00 AM - 5:00 PM
Saturday: 9:00 AM - 5:00 PM
Sunday: 9:00 AM - 5:00 PM","2025-08-13T15:00:00Z","17.0","1"
"Sango Specialty Coffee Roasters","4.7","986","","https://maps.google.com/?cid=8425108917556132359&g_mp=Cidnb29nbGUubWFwcy5wbGFjZXMudjEuUGxhY2VzLlNlYXJjaFRleHQQABgEIAA","Stromarkt 15, 1012 MZ Amsterdam, Netherlands","52.3785368","4.8945098","Monday: 8:30 AM - 4:00 PM
Tuesday: 8:30 AM - 4:00 PM
Wednesday: 8:30 AM - 4:00 PM
Thursday: 8:30 AM - 4:00 PM
Friday: 8:30 AM - 4:00 PM
Saturday: 8:30 AM - 4:00 PM
Sunday: 9:00 AM - 4:00 PM","2025-08-13T14:00:00Z","16.0","1"
"Prix d'Ami.","4.4","10049","store","https://maps.google.com/?cid=6838805495389945681&g_mp=Cidnb29nbGUubWFwcy5wbGFjZXMudjEuUGxhY2VzLlNlYXJjaFRleHQQABgEIAA","Haringpakkerssteeg 3, 1012 LR Amsterdam, Netherlands","52.3768702","4.897145699999999","Monday: 7:00 AM - 1:00 AM
Tuesday: 7:00 AM - 1:00 AM
Wednesday: 7:00 AM - 1:00 AM
Thursday: 7:00 AM - 1:00 AM
Friday: 7:00 AM - 1:00 AM
Saturday: 7:00 AM - 1:00 AM
Sunday: 7:00 AM - 1:00 AM","2025-08-13T23:00:00Z","1.0","0"
"Coffee & Cakes.","4.4","943","coffee_shop","https://maps.google.com/?cid=12887066011726907892&g_mp=Cidnb29nbGUubWFwcy5wbGFjZXMudjEuUGxhY2VzLlNlYXJjaFRleHQQABgEIAA","Sint Luciënsteeg 21, 1012 PM Amsterdam, Netherlands","52.3706508","4.8910036","Monday: 10:00 AM - 7:00 PM
Tuesday: 10:00 AM - 7:00 PM
Wednesday: 10:00 AM - 7:00 PM
Thursday: 10:00 AM - 7:00 PM
Friday: 10:00 AM - 8:00 PM
Saturday: 10:00 AM - 8:00 PM
Sunday: 10:00 AM - 8:00 PM","2025-08-13T17:00:00Z","19.0","1"
"Clapham Specialty Coffee","4.7","252","coffee_shop","https://maps.google.com/?cid=8044940400056397335&g_mp=Cidnb29nbGUubWFwcy5wbGFjZXMudjEuUGxhY2VzLlNlYXJjaFRleHQQABgEIAA","Willemsparkweg 152H, 1071 HS Amsterdam, Netherlands","52.3562255","4.8710219","Monday: 8:00 AM - 4:00 PM
Tuesday: 8:00 AM - 4:00 PM
Wednesday: 8:00 AM - 4:00 PM
Thursday: 8:00 AM - 4:00 PM
Friday: 8:00 AM - 5:00 PM
Saturday: 8:30 AM - 5:00 PM
Sunday: 8:30 AM - 5:00 PM","2025-08-13T14:00:00Z","16.0","1"
"Café Maha Amsterdam","4.5","61","coffee_shop","https://maps.google.com/?cid=11351862092541696172&g_mp=Cidnb29nbGUubWFwcy5wbGFjZXMudjEuUGxhY2VzLlNlYXJjaFRleHQQABgEIAA","Vijzelstraat 103h, 1017 HH Amsterdam, Netherlands","52.363139800000006","4.8923606","Monday: 8:30 AM - 4:30 PM
Tuesday: 8:30 AM - 4:30 PM
Wednesday: 8:30 AM - 4:30 PM
Thursday: 8:30 AM - 4:30 PM
Friday: 8:30 AM - 4:30 PM
Saturday: 10:00 AM - 5:00 PM
Sunday: 11:00 AM - 5:00 PM","2025-08-13T14:30:00Z","16.0","1"
"WesterPerk Coffee & Shop","5.0","174","coffee_shop","https://maps.google.com/?cid=8089785487367323549&g_mp=Cidnb29nbGUubWFwcy5wbGFjZXMudjEuUGxhY2VzLlNlYXJjaFRleHQQABgEIAA","Kostverlorenstraat 11H, 1052 GS Amsterdam, Netherlands","52.3786067","4.8740747","Monday: 7:30 AM - 4:30 PM
Tuesday: 7:30 AM - 4:30 PM
Wednesday: 7:30 AM - 4:30 PM
Thursday: 7:30 AM - 4:30 PM
Friday: 7:30 AM - 4:30 PM
Saturday: 8:00 AM - 4:00 PM
Sunday: 9:00 AM - 4:00 PM","2025-08-13T14:30:00Z","16.0","1"
"Uncommon Cafe","4.5","1014","cafe","https://maps.google.com/?cid=10560784699188680835&g_mp=Cidnb29nbGUubWFwcy5wbGFjZXMudjEuUGxhY2VzLlNlYXJjaFRleHQQABgEIAA","Eerste Constantijn Huygensstraat 63H, 1054 BT Amsterdam, Netherlands","52.3632851","4.8751823","Monday: 8:00 AM - 5:00 PM
Tuesday: 8:00 AM - 5:00 PM
Wednesday: 8:00 AM - 5:00 PM
Thursday: 8:00 AM - 5:00 PM
Friday: 8:00 AM - 5:00 PM
Saturday: 9:00 AM - 6:00 PM
Sunday: 9:00 AM - 6:00 PM","2025-08-13T15:00:00Z","17.0","1"
"Coffeeshop The Otherside","4.0","1140","store","https://maps.google.com/?cid=6493893213967095037&g_mp=Cidnb29nbGUubWFwcy5wbGFjZXMudjEuUGxhY2VzLlNlYXJjaFRleHQQABgEIAA","Reguliersdwarsstraat 6, 1017 BM Amsterdam, Netherlands","52.366786","4.8892283","Monday: 10:00 AM - 12:00 AM
Tuesday: 10:00 AM - 12:00 AM
Wednesday: 10:00 AM - 12:00 AM
Thursday: 10:00 AM - 12:00 AM
Friday: 10:00 AM - 12:00 AM
Saturday: 10:00 AM - 12:00 AM
Sunday: 10:00 AM - 12:00 AM","2025-08-13T22:00:00Z","0.0","0"
"Coffeeshop Amsterdam","4.5","2292","store","https://maps.google.com/?cid=18172252392115299358&g_mp=Cidnb29nbGUubWFwcy5wbGFjZXMudjEuUGxhY2VzLlNlYXJjaFRleHQQABgEIAA","Haarlemmerstraat 44, 1013 ES Amsterdam, Netherlands","52.3800848","4.8929082","Monday: 8:00 AM - 1:00 AM
Tuesday: 8:00 AM - 1:00 AM
Wednesday: 8:00 AM - 1:00 AM
Thursday: 8:00 AM - 1:00 AM
Friday: 8:00 AM - 1:00 AM
Saturday: 8:00 AM - 1:00 AM
Sunday: 8:00 AM - 1:00 AM","2025-08-13T23:00:00Z","1.0","0"
"Coffee Shop","4.5","95","coffee_shop","https://maps.google.com/?cid=3497098841906748640&g_mp=Cidnb29nbGUubWFwcy5wbGFjZXMudjEuUGxhY2VzLlNlYXJjaFRleHQQABgEIAA","Utrechtsestraat 27HS, 1017 VH Amsterdam, Netherlands","52.364776199999994","4.8980473","Monday: 8:00 AM - 11:30 PM
Tuesday: 8:00 AM - 11:30 PM
Wednesday: 8:00 AM - 11:30 PM
Thursday: 8:00 AM - 11:30 PM
Friday: 8:00 AM - 11:30 PM
Saturday: 8:00 AM - 11:30 PM
Sunday: 8:00 AM - 11:30 PM","2025-08-13T21:30:00Z","23.0","0"
"Bruno’s Amsterdam","4.9","306","coffee_shop","https://maps.google.com/?cid=16925071792895390583&g_mp=Cidnb29nbGUubWFwcy5wbGFjZXMudjEuUGxhY2VzLlNlYXJjaFRleHQQABgEIAA","Tweede Goudsbloemdwarsstraat 3C, 1015 JX Amsterdam, Netherlands","52.381000199999995","4.8840619","Monday: 7:30 AM - 1:00 PM
Tuesday: 7:30 AM - 2:00 PM
Wednesday: 7:30 AM - 2:00 PM
Thursday: 7:30 AM - 2:00 PM
Friday: 7:30 AM - 2:00 PM
Saturday: 7:30 AM - 4:00 PM
Sunday: 10:00 AM - 2:00 PM","2025-08-13T12:00:00Z","14.0","1"
"LOT61 Amsterdam Centraal Station","4.4","746","coffee_shop","https://maps.google.com/?cid=4810359084861603137&g_mp=Cidnb29nbGUubWFwcy5wbGFjZXMudjEuUGxhY2VzLlNlYXJjaFRleHQQABgEIAA","Oosterdoksstraat 4, 1011 DK Amsterdam, Netherlands","52.376894","4.9043325","Monday: 6:30 AM - 9:00 PM
Tuesday: 6:30 AM - 9:00 PM
Wednesday: 6:30 AM - 9:00 PM
Thursday: 6:30 AM - 9:00 PM
Friday: 6:30 AM - 9:00 PM
Saturday: 7:00 AM - 9:00 PM
Sunday: 7:00 AM - 9:00 PM","2025-08-13T19:00:00Z","21.0","1"
"Craft Coffee & Pastry Amsterdam","4.9","671","bakery","https://maps.google.com/?cid=12541768513388343419&g_mp=Cidnb29nbGUubWFwcy5wbGFjZXMudjEuUGxhY2VzLlNlYXJjaFRleHQQABgEIAA","Gerard Doustraat 103A, 1073 VS Amsterdam, Netherlands","52.356151999999994","4.8934824","Monday: Closed
Tuesday: Closed
Wednesday: 10:00 AM - 4:00 PM
Thursday: 10:00 AM - 4:00 PM
Friday: 10:00 AM - 4:00 PM
Saturday: 10:00 AM - 4:00 PM
Sunday: Closed","2025-08-13T14:00:00Z","16.0","1"
"white label coffee","4.5","660","coffee_shop","https://maps.google.com/?cid=12347546851632540050&g_mp=Cidnb29nbGUubWFwcy5wbGFjZXMudjEuUGxhY2VzLlNlYXJjaFRleHQQABgEIAA","Jan Evertsenstraat 136, 1056 EK Amsterdam, Netherlands","52.370430999999996","4.851578","Monday: 7:30 AM - 5:30 PM
Tuesday: 7:30 AM - 5:30 PM
Wednesday: 7:30 AM - 5:30 PM
Thursday: 7:30 AM - 5:30 PM
Friday: 7:30 AM - 5:30 PM
Saturday: 8:00 AM - 5:30 PM
Sunday: 8:00 AM - 5:30 PM","2025-08-13T15:30:00Z","17.0","1"
"BounceSpace Coffee & Coworking","4.8","328","coffee_shop","https://maps.google.com/?cid=4484527239915097339&g_mp=Cidnb29nbGUubWFwcy5wbGFjZXMudjEuUGxhY2VzLlNlYXJjaFRleHQQABgEIAA","Overtoom 141, 1054 HG Amsterdam, Netherlands","52.361863500000005","4.8729211","Monday: 8:00 AM - 5:00 PM
Tuesday: 8:00 AM - 5:00 PM
Wednesday: 8:00 AM - 5:00 PM
Thursday: 8:00 AM - 5:00 PM
Friday: 8:00 AM - 5:00 PM
Saturday: 9:00 AM - 5:00 PM
Sunday: 9:00 AM - 5:00 PM","2025-08-13T15:00:00Z","17.0","1"
"de koffiesalon spui","4.3","1187","coffee_shop","https://maps.google.com/?cid=1116871452306062634&g_mp=Cidnb29nbGUubWFwcy5wbGFjZXMudjEuUGxhY2VzLlNlYXJjaFRleHQQABgEIAA","Spuistraat 281, 1012 VR Amsterdam, Netherlands","52.3695824","4.8890002","Monday: 7:00 AM - 7:00 PM
Tuesday: 7:00 AM - 7:00 PM
Wednesday: 7:00 AM - 7:00 PM
Thursday: 7:00 AM - 7:00 PM
Friday: 7:00 AM - 7:00 PM
Saturday: 7:00 AM - 7:00 PM
Sunday: 7:00 AM - 7:00 PM","2025-08-13T17:00:00Z","19.0","1"
"Kaldi Amsterdam Utrechtsestraat","4.9","480","coffee_shop","https://maps.google.com/?cid=6651395700089812166&g_mp=Cidnb29nbGUubWFwcy5wbGFjZXMudjEuUGxhY2VzLlNlYXJjaFRleHQQABgEIAA","Utrechtsestraat 129, 1017 VM Amsterdam, Netherlands","52.3616975","4.8993359","Monday: 8:30 AM - 5:00 PM
Tuesday: 8:30 AM - 5:00 PM
Wednesday: 8:30 AM - 5:00 PM
Thursday: 8:30 AM - 5:00 PM
Friday: 8:30 AM - 5:00 PM
Saturday: 9:00 AM - 5:00 PM
Sunday: 9:30 AM - 3:00 PM","2025-08-13T15:00:00Z","17.0","1"
"Cafecito | Nassaukade | ℃ Coffeebar","4.3","328","coffee_shop","https://maps.google.com/?cid=13666086278521302819&g_mp=Cidnb29nbGUubWFwcy5wbGFjZXMudjEuUGxhY2VzLlNlYXJjaFRleHQQABgEIAA","Nassaukade 330 H, 1053 LT Amsterdam, Netherlands","52.3683996","4.8759174","Monday: 7:00 AM - 6:00 PM
Tuesday: 7:00 AM - 6:00 PM
Wednesday: 7:00 AM - 6:00 PM
Thursday: 7:00 AM - 6:00 PM
Friday: 7:00 AM - 7:00 PM
Saturday: 8:30 AM - 7:00 PM
Sunday: 8:30 AM - 7:00 PM","2025-08-13T16:00:00Z","18.0","1"
"CoffeeConcepts","4.2","561","coffee_shop","https://maps.google.com/?cid=11855240687133872953&g_mp=Cidnb29nbGUubWFwcy5wbGFjZXMudjEuUGxhY2VzLlNlYXJjaFRleHQQABgEIAA","Jacob Obrechtstraat 5, 1071 KC Amsterdam, Netherlands","52.3577782","4.874293199999999","Monday: 8:00 AM - 4:00 PM
Tuesday: 8:00 AM - 4:00 PM
Wednesday: 8:00 AM - 4:00 PM
Thursday: 8:00 AM - 4:00 PM
Friday: 8:00 AM - 4:00 PM
Saturday: 9:00 AM - 4:00 PM
Sunday: 9:00 AM - 4:00 PM","2025-08-13T14:00:00Z","16.0","1"
"Cafecito","4.3","493","coffee_shop","https://maps.google.com/?cid=17227965688056932035&g_mp=Cidnb29nbGUubWFwcy5wbGFjZXMudjEuUGxhY2VzLlNlYXJjaFRleHQQABgEIAA","Van Baerlestraat 83, 1071 AS Amsterdam, Netherlands","52.3542065","4.8816198","Monday: 7:00 AM - 9:00 PM
Tuesday: 7:00 AM - 9:00 PM
Wednesday: 7:00 AM - 9:00 PM
Thursday: 7:00 AM - 9:00 PM
Friday: 7:00 AM - 10:00 PM
Saturday: 8:00 AM - 10:00 PM
Sunday: 8:00 AM - 10:00 PM","2025-08-13T19:00:00Z","21.0","1"
"Five Ways Coffee Roasters","4.7","559","brunch_restaurant","https://maps.google.com/?cid=8361652983497465977&g_mp=Cidnb29nbGUubWFwcy5wbGFjZXMudjEuUGxhY2VzLlNlYXJjaFRleHQQABgEIAA","Boerhaaveplein 3, 1091 DH Amsterdam, Netherlands","52.3598712","4.9123059","Monday: 8:00 AM - 5:00 PM
Tuesday: 8:00 AM - 5:00 PM
Wednesday: 8:00 AM - 5:00 PM
Thursday: 8:00 AM - 5:00 PM
Friday: 8:00 AM - 5:00 PM
Saturday: 9:00 AM - 6:00 PM
Sunday: 9:00 AM - 6:00 PM","2025-08-13T15:00:00Z","17.0","1"
"Coffee shop","4.5","31","coffee_shop","https://maps.google.com/?cid=5536902477587549596&g_mp=Cidnb29nbGUubWFwcy5wbGFjZXMudjEuUGxhY2VzLlNlYXJjaFRleHQQABgEIAA","Blues Brothers Coffee Shop, Amstel 54HS, 1017 AB Amsterdam, Netherlands","52.3669351","4.8956979","Monday: 9:30 AM - 5:00 PM
Tuesday: 9:30 AM - 5:00 PM
Wednesday: 9:30 AM - 5:00 PM
Thursday: 9:30 AM - 5:00 PM
Friday: 9:30 AM - 5:00 PM
Saturday: 9:30 AM - 5:00 PM
Sunday: 10:00 AM - 6:00 PM","2025-08-13T15:00:00Z","17.0","1"
"Coffee & Cakes.","4.4","943","coffee_shop","https://maps.google.com/?cid=12887066011726907892&g_mp=Cidnb29nbGUubWFwcy5wbGFjZXMudjEuUGxhY2VzLlNlYXJjaFRleHQQABgEIAA","Sint Luciënsteeg 21, 1012 PM Amsterdam, Netherlands","52.3706508","4.8910036","Monday: 10:00 AM - 7:00 PM
Tuesday: 10:00 AM - 7:00 PM
Wednesday: 10:00 AM - 7:00 PM
Thursday: 10:00 AM - 7:00 PM
Friday: 10:00 AM - 8:00 PM
Saturday: 10:00 AM - 8:00 PM
Sunday: 10:00 AM - 8:00 PM","2025-08-13T17:00:00Z","19.0","1"
"Clapham Specialty Coffee","4.7","252","coffee_shop","https://maps.google.com/?cid=8044940400056397335&g_mp=Cidnb29nbGUubWFwcy5wbGFjZXMudjEuUGxhY2VzLlNlYXJjaFRleHQQABgEIAA","Willemsparkweg 152H, 1071 HS Amsterdam, Netherlands","52.3562255","4.8710219","Monday: 8:00 AM - 4:00 PM
Tuesday: 8:00 AM - 4:00 PM
Wednesday: 8:00 AM - 4:00 PM
Thursday: 8:00 AM - 4:00 PM
Friday: 8:00 AM - 5:00 PM
Saturday: 8:30 AM - 5:00 PM
Sunday: 8:30 AM - 5:00 PM","2025-08-13T14:00:00Z","16.0","1"
"Café Maha Amsterdam","4.5","61","coffee_shop","https://maps.google.com/?cid=11351862092541696172&g_mp=Cidnb29nbGUubWFwcy5wbGFjZXMudjEuUGxhY2VzLlNlYXJjaFRleHQQABgEIAA","Vijzelstraat 103h, 1017 HH Amsterdam, Netherlands","52.363139800000006","4.8923606","Monday: 8:30 AM - 4:30 PM
Tuesday: 8:30 AM - 4:30 PM
Wednesday: 8:30 AM - 4:30 PM
Thursday: 8:30 AM - 4:30 PM
Friday: 8:30 AM - 4:30 PM
Saturday: 10:00 AM - 5:00 PM
Sunday: 11:00 AM - 5:00 PM","2025-08-13T14:30:00Z","16.0","1"
"WesterPerk Coffee & Shop","5.0","174","coffee_shop","https://maps.google.com/?cid=8089785487367323549&g_mp=Cidnb29nbGUubWFwcy5wbGFjZXMudjEuUGxhY2VzLlNlYXJjaFRleHQQABgEIAA","Kostverlorenstraat 11H, 1052 GS Amsterdam, Netherlands","52.3786067","4.8740747","Monday: 7:30 AM - 4:30 PM
Tuesday: 7:30 AM - 4:30 PM
Wednesday: 7:30 AM - 4:30 PM
Thursday: 7:30 AM - 4:30 PM
Friday: 7:30 AM - 4:30 PM
Saturday: 8:00 AM - 4:00 PM
Sunday: 9:00 AM - 4:00 PM","2025-08-13T14:30:00Z","16.0","1"
"Uncommon Cafe","4.5","1014","cafe","https://maps.google.com/?cid=10560784699188680835&g_mp=Cidnb29nbGUubWFwcy5wbGFjZXMudjEuUGxhY2VzLlNlYXJjaFRleHQQABgEIAA","Eerste Constantijn Huygensstraat 63H, 1054 BT Amsterdam, Netherlands","52.3632851","4.8751823","Monday: 8:00 AM - 5:00 PM
Tuesday: 8:00 AM - 5:00 PM
Wednesday: 8:00 AM - 5:00 PM
Thursday: 8:00 AM - 5:00 PM
Friday: 8:00 AM - 5:00 PM
Saturday: 9:00 AM - 6:00 PM
Sunday: 9:00 AM - 6:00 PM","2025-08-13T15:00:00Z","17.0","1"
"Coffeeshop The Otherside","4.0","1140","store","https://maps.google.com/?cid=6493893213967095037&g_mp=Cidnb29nbGUubWFwcy5wbGFjZXMudjEuUGxhY2VzLlNlYXJjaFRleHQQABgEIAA","Reguliersdwarsstraat 6, 1017 BM Amsterdam, Netherlands","52.366786","4.8892283","Monday: 10:00 AM - 12:00 AM
Tuesday: 10:00 AM - 12:00 AM
Wednesday: 10:00 AM - 12:00 AM
Thursday: 10:00 AM - 12:00 AM
Friday: 10:00 AM - 12:00 AM
Saturday: 10:00 AM - 12:00 AM
Sunday: 10:00 AM - 12:00 AM","2025-08-13T22:00:00Z","0.0","0"
"Coffeeshop Amsterdam","4.5","2292","store","https://maps.google.com/?cid=18172252392115299358&g_mp=Cidnb29nbGUubWFwcy5wbGFjZXMudjEuUGxhY2VzLlNlYXJjaFRleHQQABgEIAA","Haarlemmerstraat 44, 1013 ES Amsterdam, Netherlands","52.3800848","4.8929082","Monday: 8:00 AM - 1:00 AM
Tuesday: 8:00 AM - 1:00 AM
Wednesday: 8:00 AM - 1:00 AM
Thursday: 8:00 AM - 1:00 AM
Friday: 8:00 AM - 1:00 AM
Saturday: 8:00 AM - 1:00 AM
Sunday: 8:00 AM - 1:00 AM","2025-08-13T23:00:00Z","1.0","0"
"Coffee Shop","4.5","95","coffee_shop","https://maps.google.com/?cid=3497098841906748640&g_mp=Cidnb29nbGUubWFwcy5wbGFjZXMudjEuUGxhY2VzLlNlYXJjaFRleHQQABgEIAA","Utrechtsestraat 27HS, 1017 VH Amsterdam, Netherlands","52.364776199999994","4.8980473","Monday: 8:00 AM - 11:30 PM
Tuesday: 8:00 AM - 11:30 PM
Wednesday: 8:00 AM - 11:30 PM
Thursday: 8:00 AM - 11:30 PM
Friday: 8:00 AM - 11:30 PM
Saturday: 8:00 AM - 11:30 PM
Sunday: 8:00 AM - 11:30 PM","2025-08-13T21:30:00Z","23.0","0"
"Bruno’s Amsterdam","4.9","306","coffee_shop","https://maps.google.com/?cid=16925071792895390583&g_mp=Cidnb29nbGUubWFwcy5wbGFjZXMudjEuUGxhY2VzLlNlYXJjaFRleHQQABgEIAA","Tweede Goudsbloemdwarsstraat 3C, 1015 JX Amsterdam, Netherlands","52.381000199999995","4.8840619","Monday: 7:30 AM - 1:00 PM
Tuesday: 7:30 AM - 2:00 PM
Wednesday: 7:30 AM - 2:00 PM
Thursday: 7:30 AM - 2:00 PM
Friday: 7:30 AM - 2:00 PM
Saturday: 7:30 AM - 4:00 PM
Sunday: 10:00 AM - 2:00 PM","2025-08-13T12:00:00Z","14.0","1"
"LOT61 Amsterdam Centraal Station","4.4","746","coffee_shop","https://maps.google.com/?cid=4810359084861603137&g_mp=Cidnb29nbGUubWFwcy5wbGFjZXMudjEuUGxhY2VzLlNlYXJjaFRleHQQABgEIAA","Oosterdoksstraat 4, 1011 DK Amsterdam, Netherlands","52.376894","4.9043325","Monday: 6:30 AM - 9:00 PM
Tuesday: 6:30 AM - 9:00 PM
Wednesday: 6:30 AM - 9:00 PM
Thursday: 6:30 AM - 9:00 PM
Friday: 6:30 AM - 9:00 PM
Saturday: 7:00 AM - 9:00 PM
Sunday: 7:00 AM - 9:00 PM","2025-08-13T19:00:00Z","21.0","1"
"Craft Coffee & Pastry Amsterdam","4.9","671","bakery","https://maps.google.com/?cid=12541768513388343419&g_mp=Cidnb29nbGUubWFwcy5wbGFjZXMudjEuUGxhY2VzLlNlYXJjaFRleHQQABgEIAA","Gerard Doustraat 103A, 1073 VS Amsterdam, Netherlands","52.356151999999994","4.8934824","Monday: Closed
Tuesday: Closed
Wednesday: 10:00 AM - 4:00 PM
Thursday: 10:00 AM - 4:00 PM
Friday: 10:00 AM - 4:00 PM
Saturday: 10:00 AM - 4:00 PM
Sunday: Closed","2025-08-13T14:00:00Z","16.0","1"
"white label coffee","4.5","660","coffee_shop","https://maps.google.com/?cid=12347546851632540050&g_mp=Cidnb29nbGUubWFwcy5wbGFjZXMudjEuUGxhY2VzLlNlYXJjaFRleHQQABgEIAA","Jan Evertsenstraat 136, 1056 EK Amsterdam, Netherlands","52.370430999999996","4.851578","Monday: 7:30 AM - 5:30 PM
Tuesday: 7:30 AM - 5:30 PM
Wednesday: 7:30 AM - 5:30 PM
Thursday: 7:30 AM - 5:30 PM
Friday: 7:30 AM - 5:30 PM
Saturday: 8:00 AM - 5:30 PM
Sunday: 8:00 AM - 5:30 PM","2025-08-13T15:30:00Z","17.0","1"
"BounceSpace Coffee & Coworking","4.8","328","coffee_shop","https://maps.google.com/?cid=4484527239915097339&g_mp=Cidnb29nbGUubWFwcy5wbGFjZXMudjEuUGxhY2VzLlNlYXJjaFRleHQQABgEIAA","Overtoom 141, 1054 HG Amsterdam, Netherlands","52.361863500000005","4.8729211","Monday: 8:00 AM - 5:00 PM
Tuesday: 8:00 AM - 5:00 PM
Wednesday: 8:00 AM - 5:00 PM
Thursday: 8:00 AM - 5:00 PM
Friday: 8:00 AM - 5:00 PM
Saturday: 9:00 AM - 5:00 PM
Sunday: 9:00 AM - 5:00 PM","2025-08-13T15:00:00Z","17.0","1"
"de koffiesalon spui","4.3","1187","coffee_shop","https://maps.google.com/?cid=1116871452306062634&g_mp=Cidnb29nbGUubWFwcy5wbGFjZXMudjEuUGxhY2VzLlNlYXJjaFRleHQQABgEIAA","Spuistraat 281, 1012 VR Amsterdam, Netherlands","52.3695824","4.8890002","Monday: 7:00 AM - 7:00 PM
Tuesday: 7:00 AM - 7:00 PM
Wednesday: 7:00 AM - 7:00 PM
Thursday: 7:00 AM - 7:00 PM
Friday: 7:00 AM - 7:00 PM
Saturday: 7:00 AM - 7:00 PM
Sunday: 7:00 AM - 7:00 PM","2025-08-13T17:00:00Z","19.0","1"
"Kaldi Amsterdam Utrechtsestraat","4.9","480","coffee_shop","https://maps.google.com/?cid=6651395700089812166&g_mp=Cidnb29nbGUubWFwcy5wbGFjZXMudjEuUGxhY2VzLlNlYXJjaFRleHQQABgEIAA","Utrechtsestraat 129, 1017 VM Amsterdam, Netherlands","52.3616975","4.8993359","Monday: 8:30 AM - 5:00 PM
Tuesday: 8:30 AM - 5:00 PM
Wednesday: 8:30 AM - 5:00 PM
Thursday: 8:30 AM - 5:00 PM
Friday: 8:30 AM - 5:00 PM
Saturday: 9:00 AM - 5:00 PM
Sunday: 9:30 AM - 3:00 PM","2025-08-13T15:00:00Z","17.0","1"
"Cafecito | Nassaukade | ℃ Coffeebar","4.3","328","coffee_shop","https://maps.google.com/?cid=13666086278521302819&g_mp=Cidnb29nbGUubWFwcy5wbGFjZXMudjEuUGxhY2VzLlNlYXJjaFRleHQQABgEIAA","Nassaukade 330 H, 1053 LT Amsterdam, Netherlands","52.3683996","4.8759174","Monday: 7:00 AM - 6:00 PM
Tuesday: 7:00 AM - 6:00 PM
Wednesday: 7:00 AM - 6:00 PM
Thursday: 7:00 AM - 6:00 PM
Friday: 7:00 AM - 7:00 PM
Saturday: 8:30 AM - 7:00 PM
Sunday: 8:30 AM - 7:00 PM","2025-08-13T16:00:00Z","18.0","1"
"CoffeeConcepts","4.2","561","coffee_shop","https://maps.google.com/?cid=11855240687133872953&g_mp=Cidnb29nbGUubWFwcy5wbGFjZXMudjEuUGxhY2VzLlNlYXJjaFRleHQQABgEIAA","Jacob Obrechtstraat 5, 1071 KC Amsterdam, Netherlands","52.3577782","4.874293199999999","Monday: 8:00 AM - 4:00 PM
Tuesday: 8:00 AM - 4:00 PM
Wednesday: 8:00 AM - 4:00 PM
Thursday: 8:00 AM - 4:00 PM
Friday: 8:00 AM - 4:00 PM
Saturday: 9:00 AM - 4:00 PM
Sunday: 9:00 AM - 4:00 PM","2025-08-13T14:00:00Z","16.0","1"
"Cafecito","4.3","493","coffee_shop","https://maps.google.com/?cid=17227965688056932035&g_mp=Cidnb29nbGUubWFwcy5wbGFjZXMudjEuUGxhY2VzLlNlYXJjaFRleHQQABgEIAA","Van Baerlestraat 83, 1071 AS Amsterdam, Netherlands","52.3542065","4.8816198","Monday: 7:00 AM - 9:00 PM
Tuesday: 7:00 AM - 9:00 PM
Wednesday: 7:00 AM - 9:00 PM
Thursday: 7:00 AM - 9:00 PM
Friday: 7:00 AM - 10:00 PM
Saturday: 8:00 AM - 10:00 PM
Sunday: 8:00 AM - 10:00 PM","2025-08-13T19:00:00Z","21.0","1"
"Five Ways Coffee Roasters","4.7","559","brunch_restaurant","https://maps.google.com/?cid=8361652983497465977&g_mp=Cidnb29nbGUubWFwcy5wbGFjZXMudjEuUGxhY2VzLlNlYXJjaFRleHQQABgEIAA","Boerhaaveplein 3, 1091 DH Amsterdam, Netherlands","52.3598712","4.9123059","Monday: 8:00 AM - 5:00 PM
Tuesday: 8:00 AM - 5:00 PM
Wednesday: 8:00 AM - 5:00 PM
Thursday: 8:00 AM - 5:00 PM
Friday: 8:00 AM - 5:00 PM
Saturday: 9:00 AM - 6:00 PM
Sunday: 9:00 AM - 6:00 PM","2025-08-13T15:00:00Z","17.0","1"
"Coffee shop","4.5","31","coffee_shop","https://maps.google.com/?cid=5536902477587549596&g_mp=Cidnb29nbGUubWFwcy5wbGFjZXMudjEuUGxhY2VzLlNlYXJjaFRleHQQABgEIAA","Blues Brothers Coffee Shop, Amstel 54HS, 1017 AB Amsterdam, Netherlands","52.3669351","4.8956979","Monday: 9:30 AM - 5:00 PM
Tuesday: 9:30 AM - 5:00 PM
Wednesday: 9:30 AM - 5:00 PM
Thursday: 9:30 AM - 5:00 PM
Friday: 9:30 AM - 5:00 PM
Saturday: 9:30 AM - 5:00 PM
Sunday: 10:00 AM - 6:00 PM","2025-08-13T15:00:00Z","17.0","1"
"Coffee & Cakes.","4.4","943","coffee_shop","https://maps.google.com/?cid=12887066011726907892&g_mp=Cidnb29nbGUubWFwcy5wbGFjZXMudjEuUGxhY2VzLlNlYXJjaFRleHQQABgEIAA","Sint Luciënsteeg 21, 1012 PM Amsterdam, Netherlands","52.3706508","4.8910036","Monday: 10:00 AM - 7:00 PM
Tuesday: 10:00 AM - 7:00 PM
Wednesday: 10:00 AM - 7:00 PM
Thursday: 10:00 AM - 7:00 PM
Friday: 10:00 AM - 8:00 PM
Saturday: 10:00 AM - 8:00 PM
Sunday: 10:00 AM - 8:00 PM","2025-08-13T17:00:00Z","19.0","1"
"Clapham Specialty Coffee","4.7","252","coffee_shop","https://maps.google.com/?cid=8044940400056397335&g_mp=Cidnb29nbGUubWFwcy5wbGFjZXMudjEuUGxhY2VzLlNlYXJjaFRleHQQABgEIAA","Willemsparkweg 152H, 1071 HS Amsterdam, Netherlands","52.3562255","4.8710219","Monday: 8:00 AM - 4:00 PM
Tuesday: 8:00 AM - 4:00 PM
Wednesday: 8:00 AM - 4:00 PM
Thursday: 8:00 AM - 4:00 PM
Friday: 8:00 AM - 5:00 PM
Saturday: 8:30 AM - 5:00 PM
Sunday: 8:30 AM - 5:00 PM","2025-08-13T14:00:00Z","16.0","1"
"Café Maha Amsterdam","4.5","61","coffee_shop","https://maps.google.com/?cid=11351862092541696172&g_mp=Cidnb29nbGUubWFwcy5wbGFjZXMudjEuUGxhY2VzLlNlYXJjaFRleHQQABgEIAA","Vijzelstraat 103h, 1017 HH Amsterdam, Netherlands","52.363139800000006","4.8923606","Monday: 8:30 AM - 4:30 PM
Tuesday: 8:30 AM - 4:30 PM
Wednesday: 8:30 AM - 4:30 PM
Thursday: 8:30 AM - 4:30 PM
Friday: 8:30 AM - 4:30 PM
Saturday: 10:00 AM - 5:00 PM
Sunday: 11:00 AM - 5:00 PM","2025-08-13T14:30:00Z","16.0","1"
"WesterPerk Coffee & Shop","5.0","174","coffee_shop","https://maps.google.com/?cid=8089785487367323549&g_mp=Cidnb29nbGUubWFwcy5wbGFjZXMudjEuUGxhY2VzLlNlYXJjaFRleHQQABgEIAA","Kostverlorenstraat 11H, 1052 GS Amsterdam, Netherlands","52.3786067","4.8740747","Monday: 7:30 AM - 4:30 PM
Tuesday: 7:30 AM - 4:30 PM
Wednesday: 7:30 AM - 4:30 PM
Thursday: 7:30 AM - 4:30 PM
Friday: 7:30 AM - 4:30 PM
Saturday: 8:00 AM - 4:00 PM
Sunday: 9:00 AM - 4:00 PM","2025-08-13T14:30:00Z","16.0","1"
"Uncommon Cafe","4.5","1014","cafe","https://maps.google.com/?cid=10560784699188680835&g_mp=Cidnb29nbGUubWFwcy5wbGFjZXMudjEuUGxhY2VzLlNlYXJjaFRleHQQABgEIAA","Eerste Constantijn Huygensstraat 63H, 1054 BT Amsterdam, Netherlands","52.3632851","4.8751823","Monday: 8:00 AM - 5:00 PM
Tuesday: 8:00 AM - 5:00 PM
Wednesday: 8:00 AM - 5:00 PM
Thursday: 8:00 AM - 5:00 PM
Friday: 8:00 AM - 5:00 PM
Saturday: 9:00 AM - 6:00 PM
Sunday: 9:00 AM - 6:00 PM","2025-08-13T15:00:00Z","17.0","1"
"Coffeeshop The Otherside","4.0","1140","store","https://maps.google.com/?cid=6493893213967095037&g_mp=Cidnb29nbGUubWFwcy5wbGFjZXMudjEuUGxhY2VzLlNlYXJjaFRleHQQABgEIAA","Reguliersdwarsstraat 6, 1017 BM Amsterdam, Netherlands","52.366786","4.8892283","Monday: 10:00 AM - 12:00 AM
Tuesday: 10:00 AM - 12:00 AM
Wednesday: 10:00 AM - 12:00 AM
Thursday: 10:00 AM - 12:00 AM
Friday: 10:00 AM - 12:00 AM
Saturday: 10:00 AM - 12:00 AM
Sunday: 10:00 AM - 12:00 AM","2025-08-13T22:00:00Z","0.0","0"
"Coffeeshop Amsterdam","4.5","2292","store","https://maps.google.com/?cid=18172252392115299358&g_mp=Cidnb29nbGUubWFwcy5wbGFjZXMudjEuUGxhY2VzLlNlYXJjaFRleHQQABgEIAA","Haarlemmerstraat 44, 1013 ES Amsterdam, Netherlands","52.3800848","4.8929082","Monday: 8:00 AM - 1:00 AM
Tuesday: 8:00 AM - 1:00 AM
Wednesday: 8:00 AM - 1:00 AM
Thursday: 8:00 AM - 1:00 AM
Friday: 8:00 AM - 1:00 AM
Saturday: 8:00 AM - 1:00 AM
Sunday: 8:00 AM - 1:00 AM","2025-08-13T23:00:00Z","1.0","0"
"Coffee Shop","4.5","95","coffee_shop","https://maps.google.com/?cid=3497098841906748640&g_mp=Cidnb29nbGUubWFwcy5wbGFjZXMudjEuUGxhY2VzLlNlYXJjaFRleHQQABgEIAA","Utrechtsestraat 27HS, 1017 VH Amsterdam, Netherlands","52.364776199999994","4.8980473","Monday: 8:00 AM - 11:30 PM
Tuesday: 8:00 AM - 11:30 PM
Wednesday: 8:00 AM - 11:30 PM
Thursday: 8:00 AM - 11:30 PM
Friday: 8:00 AM - 11:30 PM
Saturday: 8:00 AM - 11:30 PM
Sunday: 8:00 AM - 11:30 PM","2025-08-13T21:30:00Z","23.0","0"
"Bruno’s Amsterdam","4.9","306","coffee_shop","https://maps.google.com/?cid=16925071792895390583&g_mp=Cidnb29nbGUubWFwcy5wbGFjZXMudjEuUGxhY2VzLlNlYXJjaFRleHQQABgEIAA","Tweede Goudsbloemdwarsstraat 3C, 1015 JX Amsterdam, Netherlands","52.381000199999995","4.8840619","Monday: 7:30 AM - 1:00 PM
Tuesday: 7:30 AM - 2:00 PM
Wednesday: 7:30 AM - 2:00 PM
Thursday: 7:30 AM - 2:00 PM
Friday: 7:30 AM - 2:00 PM
Saturday: 7:30 AM - 4:00 PM
Sunday: 10:00 AM - 2:00 PM","2025-08-13T12:00:00Z","14.0","1"
"LOT61 Amsterdam Centraal Station","4.4","746","coffee_shop","https://maps.google.com/?cid=4810359084861603137&g_mp=Cidnb29nbGUubWFwcy5wbGFjZXMudjEuUGxhY2VzLlNlYXJjaFRleHQQABgEIAA","Oosterdoksstraat 4, 1011 DK Amsterdam, Netherlands","52.376894","4.9043325","Monday: 6:30 AM - 9:00 PM
Tuesday: 6:30 AM - 9:00 PM
Wednesday: 6:30 AM - 9:00 PM
Thursday: 6:30 AM - 9:00 PM
Friday: 6:30 AM - 9:00 PM
Saturday: 7:00 AM - 9:00 PM
Sunday: 7:00 AM - 9:00 PM","2025-08-13T19:00:00Z","21.0","1"
"Craft Coffee & Pastry Amsterdam","4.9","671","bakery","https://maps.google.com/?cid=12541768513388343419&g_mp=Cidnb29nbGUubWFwcy5wbGFjZXMudjEuUGxhY2VzLlNlYXJjaFRleHQQABgEIAA","Gerard Doustraat 103A, 1073 VS Amsterdam, Netherlands","52.356151999999994","4.8934824","Monday: Closed
Tuesday: Closed
Wednesday: 10:00 AM - 4:00 PM
Thursday: 10:00 AM - 4:00 PM
Friday: 10:00 AM - 4:00 PM
Saturday: 10:00 AM - 4:00 PM
Sunday: Closed","2025-08-13T14:00:00Z","16.0","1"
"white label coffee","4.5","660","coffee_shop","https://maps.google.com/?cid=12347546851632540050&g_mp=Cidnb29nbGUubWFwcy5wbGFjZXMudjEuUGxhY2VzLlNlYXJjaFRleHQQABgEIAA","Jan Evertsenstraat 136, 1056 EK Amsterdam, Netherlands","52.370430999999996","4.851578","Monday: 7:30 AM - 5:30 PM
Tuesday: 7:30 AM - 5:30 PM
Wednesday: 7:30 AM - 5:30 PM
Thursday: 7:30 AM - 5:30 PM
Friday: 7:30 AM - 5:30 PM
Saturday: 8:00 AM - 5:30 PM
Sunday: 8:00 AM - 5:30 PM","2025-08-13T15:30:00Z","17.0","1"
"BounceSpace Coffee & Coworking","4.8","328","coffee_shop","https://maps.google.com/?cid=4484527239915097339&g_mp=Cidnb29nbGUubWFwcy5wbGFjZXMudjEuUGxhY2VzLlNlYXJjaFRleHQQABgEIAA","Overtoom 141, 1054 HG Amsterdam, Netherlands","52.361863500000005","4.8729211","Monday: 8:00 AM - 5:00 PM
Tuesday: 8:00 AM - 5:00 PM
Wednesday: 8:00 AM - 5:00 PM
Thursday: 8:00 AM - 5:00 PM
Friday: 8:00 AM - 5:00 PM
Saturday: 9:00 AM - 5:00 PM
Sunday: 9:00 AM - 5:00 PM","2025-08-13T15:00:00Z","17.0","1"
"de koffiesalon spui","4.3","1187","coffee_shop","https://maps.google.com/?cid=1116871452306062634&g_mp=Cidnb29nbGUubWFwcy5wbGFjZXMudjEuUGxhY2VzLlNlYXJjaFRleHQQABgEIAA","Spuistraat 281, 1012 VR Amsterdam, Netherlands","52.3695824","4.8890002","Monday: 7:00 AM - 7:00 PM
Tuesday: 7:00 AM - 7:00 PM
Wednesday: 7:00 AM - 7:00 PM
Thursday: 7:00 AM - 7:00 PM
Friday: 7:00 AM - 7:00 PM
Saturday: 7:00 AM - 7:00 PM
Sunday: 7:00 AM - 7:00 PM","2025-08-13T17:00:00Z","19.0","1"
"Kaldi Amsterdam Utrechtsestraat","4.9","480","coffee_shop","https://maps.google.com/?cid=6651395700089812166&g_mp=Cidnb29nbGUubWFwcy5wbGFjZXMudjEuUGxhY2VzLlNlYXJjaFRleHQQABgEIAA","Utrechtsestraat 129, 1017 VM Amsterdam, Netherlands","52.3616975","4.8993359","Monday: 8:30 AM - 5:00 PM
Tuesday: 8:30 AM - 5:00 PM
Wednesday: 8:30 AM - 5:00 PM
Thursday: 8:30 AM - 5:00 PM
Friday: 8:30 AM - 5:00 PM
Saturday: 9:00 AM - 5:00 PM
Sunday: 9:30 AM - 3:00 PM","2025-08-13T15:00:00Z","17.0","1"
"Cafecito | Nassaukade | ℃ Coffeebar","4.3","328","coffee_shop","https://maps.google.com/?cid=13666086278521302819&g_mp=Cidnb29nbGUubWFwcy5wbGFjZXMudjEuUGxhY2VzLlNlYXJjaFRleHQQABgEIAA","Nassaukade 330 H, 1053 LT Amsterdam, Netherlands","52.3683996","4.8759174","Monday: 7:00 AM - 6:00 PM
Tuesday: 7:00 AM - 6:00 PM
Wednesday: 7:00 AM - 6:00 PM
Thursday: 7:00 AM - 6:00 PM
Friday: 7:00 AM - 7:00 PM
Saturday: 8:30 AM - 7:00 PM
Sunday: 8:30 AM - 7:00 PM","2025-08-13T16:00:00Z","18.0","1"
"CoffeeConcepts","4.2","561","coffee_shop","https://maps.google.com/?cid=11855240687133872953&g_mp=Cidnb29nbGUubWFwcy5wbGFjZXMudjEuUGxhY2VzLlNlYXJjaFRleHQQABgEIAA","Jacob Obrechtstraat 5, 1071 KC Amsterdam, Netherlands","52.3577782","4.874293199999999","Monday: 8:00 AM - 4:00 PM
Tuesday: 8:00 AM - 4:00 PM
Wednesday: 8:00 AM - 4:00 PM
Thursday: 8:00 AM - 4:00 PM
Friday: 8:00 AM - 4:00 PM
Saturday: 9:00 AM - 4:00 PM
Sunday: 9:00 AM - 4:00 PM","2025-08-13T14:00:00Z","16.0","1"
"Cafecito","4.3","493","coffee_shop","https://maps.google.com/?cid=17227965688056932035&g_mp=Cidnb29nbGUubWFwcy5wbGFjZXMudjEuUGxhY2VzLlNlYXJjaFRleHQQABgEIAA","Van Baerlestraat 83, 1071 AS Amsterdam, Netherlands","52.3542065","4.8816198","Monday: 7:00 AM - 9:00 PM
Tuesday: 7:00 AM - 9:00 PM
Wednesday: 7:00 AM - 9:00 PM
Thursday: 7:00 AM - 9:00 PM
Friday: 7:00 AM - 10:00 PM
Saturday: 8:00 AM - 10:00 PM
Sunday: 8:00 AM - 10:00 PM","2025-08-13T19:00:00Z","21.0","1"
"Five Ways Coffee Roasters","4.7","559","brunch_restaurant","https://maps.google.com/?cid=8361652983497465977&g_mp=Cidnb29nbGUubWFwcy5wbGFjZXMudjEuUGxhY2VzLlNlYXJjaFRleHQQABgEIAA","Boerhaaveplein 3, 1091 DH Amsterdam, Netherlands","52.3598712","4.9123059","Monday: 8:00 AM - 5:00 PM
Tuesday: 8:00 AM - 5:00 PM
Wednesday: 8:00 AM - 5:00 PM
Thursday: 8:00 AM - 5:00 PM
Friday: 8:00 AM - 5:00 PM
Saturday: 9:00 AM - 6:00 PM
Sunday: 9:00 AM - 6:00 PM","2025-08-13T15:00:00Z","17.0","1"
"Coffee shop","4.5","31","coffee_shop","https://maps.google.com/?cid=5536902477587549596&g_mp=Cidnb29nbGUubWFwcy5wbGFjZXMudjEuUGxhY2VzLlNlYXJjaFRleHQQABgEIAA","Blues Brothers Coffee Shop, Amstel 54HS, 1017 AB Amsterdam, Netherlands","52.3669351","4.8956979","Monday: 9:30 AM - 5:00 PM
Tuesday: 9:30 AM - 5:00 PM
Wednesday: 9:30 AM - 5:00 PM
Thursday: 9:30 AM - 5:00 PM
Friday: 9:30 AM - 5:00 PM
Saturday: 9:30 AM - 5:00 PM
Sunday: 10:00 AM - 6:00 PM","2025-08-13T15:00:00Z","17.0","1"
"LOT61 Coffee Roasters","4.6","1930","food_store","https://maps.google.com/?cid=15526938402491586985&g_mp=Cidnb29nbGUubWFwcy5wbGFjZXMudjEuUGxhY2VzLlNlYXJjaFRleHQQABgEIAA","Kinkerstraat 112, 1053 ED Amsterdam, Netherlands","52.3668272","4.870314","Monday: 8:00 AM - 6:00 PM
Tuesday: 8:00 AM - 6:00 PM
Wednesday: 8:00 AM - 6:00 PM
Thursday: 8:00 AM - 6:00 PM
Friday: 8:00 AM - 6:00 PM
Saturday: 9:00 AM - 6:00 PM
Sunday: 9:00 AM - 6:00 PM","2025-08-13T16:00:00Z","18.0","1"
"Monks Coffee Roasters.","4.7","874","cafe","https://maps.google.com/?cid=5891699866678143707&g_mp=Cidnb29nbGUubWFwcy5wbGFjZXMudjEuUGxhY2VzLlNlYXJjaFRleHQQABgEIAA","Bilderdijkstraat 46H, 1052 NB Amsterdam, Netherlands","52.3712151","4.8702463","Monday: 8:00 AM - 4:00 PM
Tuesday: 8:00 AM - 4:00 PM
Wednesday: 8:00 AM - 4:00 PM
Thursday: 8:00 AM - 4:00 PM
Friday: 8:00 AM - 4:00 PM
Saturday: 9:00 AM - 4:00 PM
Sunday: 9:00 AM - 4:00 PM","2025-08-13T14:00:00Z","16.0","1"
"Berry Amsterdam","4.7","460","coffee_shop","https://maps.google.com/?cid=1163045397431648299&g_mp=Cidnb29nbGUubWFwcy5wbGFjZXMudjEuUGxhY2VzLlNlYXJjaFRleHQQABgEIAA","Bilderdijkkade 27, 1053 VH Amsterdam, Netherlands","52.3684802","4.8701227","Monday: Closed
Tuesday: 8:00 AM - 5:00 PM
Wednesday: 8:00 AM - 5:00 PM
Thursday: 8:00 AM - 5:00 PM
Friday: 8:00 AM - 5:00 PM
Saturday: 9:00 AM - 5:00 PM
Sunday: 10:00 AM - 5:00 PM","2025-08-13T15:00:00Z","17.0","1"
"Sam’s koffie - West","4.8","271","coffee_shop","https://maps.google.com/?cid=18345924891019177012&g_mp=Cidnb29nbGUubWFwcy5wbGFjZXMudjEuUGxhY2VzLlNlYXJjaFRleHQQABgEIAA","Wenslauerstraat 2a, 1053 BA Amsterdam, Netherlands","52.36771170000001","4.8660551","Monday: 8:00 AM - 5:00 PM
Tuesday: 8:00 AM - 5:00 PM
Wednesday: 8:00 AM - 5:00 PM
Thursday: 8:00 AM - 5:00 PM
Friday: 8:00 AM - 5:00 PM
Saturday: 8:00 AM - 5:00 PM
Sunday: 9:00 AM - 5:00 PM","2025-08-13T15:00:00Z","17.0","1"
"Noi Coffee and Eatery","4.9","134","cafe","https://maps.google.com/?cid=825279035724126912&g_mp=Cidnb29nbGUubWFwcy5wbGFjZXMudjEuUGxhY2VzLlNlYXJjaFRleHQQABgEIAA","Jan Evertsenstraat 123, 1057 BT Amsterdam, Netherlands","52.3701752","4.8518884","Monday: 7:30 AM - 5:00 PM
Tuesday: 7:30 AM - 5:00 PM
Wednesday: 7:30 AM - 5:00 PM
Thursday: 7:30 AM - 5:00 PM
Friday: 7:30 AM - 5:00 PM
Saturday: 8:00 AM - 5:00 PM
Sunday: 8:00 AM - 5:00 PM","2025-08-13T15:00:00Z","17.0","1"
"The Coffee","4.7","88","coffee_shop","https://maps.google.com/?cid=357014870337086946&g_mp=Cidnb29nbGUubWFwcy5wbGFjZXMudjEuUGxhY2VzLlNlYXJjaFRleHQQABgEIAA","Eerste Constantijn Huygensstraat 33, 1054 BR Amsterdam, Netherlands","52.3643064","4.8744765","Monday: 8:00 AM - 5:00 PM
Tuesday: 8:00 AM - 5:00 PM
Wednesday: 8:00 AM - 5:00 PM
Thursday: 8:00 AM - 5:00 PM
Friday: 8:00 AM - 5:00 PM
Saturday: 9:00 AM - 5:30 PM
Sunday: 9:00 AM - 5:30 PM","2025-08-13T15:00:00Z","17.0","1"
"Five Ways Coffee Roasters","4.6","310","cafe","https://maps.google.com/?cid=6515543384646289734&g_mp=Cidnb29nbGUubWFwcy5wbGFjZXMudjEuUGxhY2VzLlNlYXJjaFRleHQQABgEIAA","Kinkerstraat 186, 1053 CG Amsterdam, Netherlands","52.366029499999996","4.8673108","Monday: 7:30 AM - 4:30 PM
Tuesday: 7:30 AM - 4:30 PM
Wednesday: 7:30 AM - 4:30 PM
Thursday: 7:30 AM - 4:30 PM
Friday: 7:30 AM - 4:30 PM
Saturday: 8:30 AM - 5:30 PM
Sunday: 8:30 AM - 5:30 PM","2025-08-13T14:30:00Z","16.0","1"
"white label coffee","4.5","660","coffee_shop","https://maps.google.com/?cid=12347546851632540050&g_mp=Cidnb29nbGUubWFwcy5wbGFjZXMudjEuUGxhY2VzLlNlYXJjaFRleHQQABgEIAA","Jan Evertsenstraat 136, 1056 EK Amsterdam, Netherlands","52.370430999999996","4.851578","Monday: 7:30 AM - 5:30 PM
Tuesday: 7:30 AM - 5:30 PM
Wednesday: 7:30 AM - 5:30 PM
Thursday: 7:30 AM - 5:30 PM
Friday: 7:30 AM - 5:30 PM
Saturday: 8:00 AM - 5:30 PM
Sunday: 8:00 AM - 5:30 PM","2025-08-13T15:30:00Z","17.0","1"
"Dak Showroom by Dak Coffee Roasters","4.8","124","coffee_shop","https://maps.google.com/?cid=10131096394286370724&g_mp=Cidnb29nbGUubWFwcy5wbGFjZXMudjEuUGxhY2VzLlNlYXJjaFRleHQQABgEIAA","Bellamyplein 16H, 1053 AS Amsterdam, Netherlands","52.3684127","4.867310499999999","Monday: 8:00 AM - 5:00 PM
Tuesday: 8:00 AM - 5:00 PM
Wednesday: 8:00 AM - 5:00 PM
Thursday: 8:00 AM - 5:00 PM
Friday: 8:00 AM - 5:00 PM
Saturday: 9:00 AM - 5:00 PM
Sunday: 9:00 AM - 5:00 PM","2025-08-13T15:00:00Z","17.0","1"
"Uncommon Cafe","4.5","1014","cafe","https://maps.google.com/?cid=10560784699188680835&g_mp=Cidnb29nbGUubWFwcy5wbGFjZXMudjEuUGxhY2VzLlNlYXJjaFRleHQQABgEIAA","Eerste Constantijn Huygensstraat 63H, 1054 BT Amsterdam, Netherlands","52.3632851","4.8751823","Monday: 8:00 AM - 5:00 PM
Tuesday: 8:00 AM - 5:00 PM
Wednesday: 8:00 AM - 5:00 PM
Thursday: 8:00 AM - 5:00 PM
Friday: 8:00 AM - 5:00 PM
Saturday: 9:00 AM - 6:00 PM
Sunday: 9:00 AM - 6:00 PM","2025-08-13T15:00:00Z","17.0","1"
"Coffee Room.","4.3","869","coffee_shop","https://maps.google.com/?cid=11138241219506320027&g_mp=Cidnb29nbGUubWFwcy5wbGFjZXMudjEuUGxhY2VzLlNlYXJjaFRleHQQABgEIAA","Kinkerstraat 110, 1053 EC Amsterdam, Netherlands","52.367047199999995","4.8711193999999995","Monday: 8:00 AM - 7:00 PM
Tuesday: 8:00 AM - 7:00 PM
Wednesday: 8:00 AM - 7:00 PM
Thursday: 8:00 AM - 7:00 PM
Friday: 8:00 AM - 7:00 PM
Saturday: 8:00 AM - 7:00 PM
Sunday: 9:00 AM - 7:00 PM","2025-08-13T17:00:00Z","19.0","1"
"Koffie Academie","4.6","851","cafe","https://maps.google.com/?cid=17553798295527386772&g_mp=Cidnb29nbGUubWFwcy5wbGFjZXMudjEuUGxhY2VzLlNlYXJjaFRleHQQABgEIAA","Overtoom 95, 1054 HD Amsterdam, Netherlands","52.362382999999994","4.8746811","Monday: 8:30 AM - 4:00 PM
Tuesday: 8:30 AM - 4:00 PM
Wednesday: 8:30 AM - 4:00 PM
Thursday: 8:30 AM - 4:00 PM
Friday: 8:30 AM - 4:00 PM
Saturday: 9:00 AM - 4:00 PM
Sunday: 9:00 AM - 4:00 PM","2025-08-13T14:00:00Z","16.0","1"
"Back to Black","4.7","564","coffee_shop","https://maps.google.com/?cid=2757951390767131292&g_mp=Cidnb29nbGUubWFwcy5wbGFjZXMudjEuUGxhY2VzLlNlYXJjaFRleHQQABgEIAA","Van Hallstraat 268, 1051 HM Amsterdam, Netherlands","52.379399299999996","4.8714727","Monday: 8:00 AM - 6:00 PM
Tuesday: 8:00 AM - 6:00 PM
Wednesday: 8:00 AM - 6:00 PM
Thursday: 8:00 AM - 6:00 PM
Friday: 8:00 AM - 6:00 PM
Saturday: 9:00 AM - 6:00 PM
Sunday: 9:00 AM - 6:00 PM","2025-08-13T16:00:00Z","18.0","1"
"Trakteren","4.7","307","coffee_shop","https://maps.google.com/?cid=12391784245474322982&g_mp=Cidnb29nbGUubWFwcy5wbGFjZXMudjEuUGxhY2VzLlNlYXJjaFRleHQQABgEIAA","Jan Pieter Heijestraat 119-Ah, 1054 MD Amsterdam, Netherlands","52.3626072","4.8642517","Monday: 8:00 AM - 5:00 PM
Tuesday: 8:00 AM - 5:00 PM
Wednesday: 8:00 AM - 5:00 PM
Thursday: 8:00 AM - 5:00 PM
Friday: 8:00 AM - 5:00 PM
Saturday: 9:00 AM - 5:00 PM
Sunday: Closed","2025-08-13T15:00:00Z","17.0","1"
"Wakuli specialty coffee bar","4.4","116","cafe","https://maps.google.com/?cid=9102497873887935270&g_mp=Cidnb29nbGUubWFwcy5wbGFjZXMudjEuUGxhY2VzLlNlYXJjaFRleHQQABgEIAA","Jan Pieter Heijestraat 76, 1053 GS Amsterdam, Netherlands","52.364155499999995","4.8629123","Monday: 7:00 AM - 6:00 PM
Tuesday: 7:00 AM - 6:00 PM
Wednesday: 7:00 AM - 6:00 PM
Thursday: 7:00 AM - 6:00 PM
Friday: 7:00 AM - 6:00 PM
Saturday: 8:00 AM - 6:00 PM
Sunday: 8:00 AM - 6:00 PM","2025-08-13T16:00:00Z","18.0","1"
"Coffee lounge West","4.2","352","coffee_shop","https://maps.google.com/?cid=15148317941318159912&g_mp=Cidnb29nbGUubWFwcy5wbGFjZXMudjEuUGxhY2VzLlNlYXJjaFRleHQQABgEIAA","Eerste Constantijn Huygensstraat 82, 1054 BX Amsterdam, Netherlands","52.3632554","4.8746126","Monday: 7:00 AM - 6:00 PM
Tuesday: 7:00 AM - 6:00 PM
Wednesday: 7:00 AM - 6:00 PM
Thursday: 7:00 AM - 6:00 PM
Friday: 7:00 AM - 6:00 PM
Saturday: 7:00 AM - 6:00 PM
Sunday: 7:00 AM - 6:00 PM","2025-08-13T16:00:00Z","18.0","1"
"WesterPerk Coffee & Shop","5.0","174","coffee_shop","https://maps.google.com/?cid=8089785487367323549&g_mp=Cidnb29nbGUubWFwcy5wbGFjZXMudjEuUGxhY2VzLlNlYXJjaFRleHQQABgEIAA","Kostverlorenstraat 11H, 1052 GS Amsterdam, Netherlands","52.3786067","4.8740747","Monday: 7:30 AM - 4:30 PM
Tuesday: 7:30 AM - 4:30 PM
Wednesday: 7:30 AM - 4:30 PM
Thursday: 7:30 AM - 4:30 PM
Friday: 7:30 AM - 4:30 PM
Saturday: 8:00 AM - 4:00 PM
Sunday: 9:00 AM - 4:00 PM","2025-08-13T14:30:00Z","16.0","1"
"Coffee & Juices","4.5","262","coffee_shop","https://maps.google.com/?cid=4163540985041803790&g_mp=Cidnb29nbGUubWFwcy5wbGFjZXMudjEuUGxhY2VzLlNlYXJjaFRleHQQABgEIAA","Baarsjesweg 302, 1058 AH Amsterdam, Netherlands","52.358862099999996","4.8551817999999995","Monday: 7:30 AM - 5:00 PM
Tuesday: 7:30 AM - 5:00 PM
Wednesday: 7:30 AM - 5:00 PM
Thursday: 7:30 AM - 5:00 PM
Friday: 7:30 AM - 5:00 PM
Saturday: 8:30 AM - 5:00 PM
Sunday: 9:00 AM - 5:00 PM","2025-08-13T15:00:00Z","17.0","1"
"taal.coffee","4.9","84","coffee_shop","https://maps.google.com/?cid=2562888616764127300&g_mp=Cidnb29nbGUubWFwcy5wbGFjZXMudjEuUGxhY2VzLlNlYXJjaFRleHQQABgEIAA","J.J. Cremerplein 34H, 1054 TL Amsterdam, Netherlands","52.3600735","4.8581158","Monday: 8:30 AM - 4:30 PM
Tuesday: 8:30 AM - 4:30 PM
Wednesday: 8:30 AM - 4:30 PM
Thursday: 8:30 AM - 4:30 PM
Friday: 8:30 AM - 4:30 PM
Saturday: 8:30 AM - 4:30 PM
Sunday: 8:30 AM - 4:30 PM","2025-08-13T14:30:00Z","16.0","1"
"Café COOS","4.9","31","deli","https://maps.google.com/?cid=653811759483929319&g_mp=Cidnb29nbGUubWFwcy5wbGFjZXMudjEuUGxhY2VzLlNlYXJjaFRleHQQABgEIAA","Bilderdijkkade 25-H, 1053 VB Amsterdam, Netherlands","52.3689349","4.8698464","Monday: Closed
Tuesday: Closed
Wednesday: 8:00 AM - 4:00 PM
Thursday: 8:00 AM - 4:00 PM
Friday: 8:00 AM - 4:00 PM
Saturday: 9:00 AM - 4:00 PM
Sunday: 9:00 AM - 4:00 PM","2025-08-13T14:00:00Z","16.0","1"
"GoodNews Coffee Constantijn 67","4.7","59","coffee_shop","https://maps.google.com/?cid=1973049628910485453&g_mp=Cidnb29nbGUubWFwcy5wbGFjZXMudjEuUGxhY2VzLlNlYXJjaFRleHQQABgEIAA","Eerste Constantijn Huygensstraat 67, 1054 BT Amsterdam, Netherlands","52.3631981","4.875329","Monday: 8:00 AM - 5:30 PM
Tuesday: 8:00 AM - 5:30 PM
Wednesday: 8:00 AM - 5:30 PM
Thursday: 8:00 AM - 5:30 PM
Friday: 8:00 AM - 5:30 PM
Saturday: 9:00 AM - 5:30 PM
Sunday: 9:00 AM - 5:30 PM","2025-08-13T15:30:00Z","17.0","1"
"Doppio Espresso","4.6","438","coffee_shop","https://maps.google.com/?cid=16653151897837354046&g_mp=Cidnb29nbGUubWFwcy5wbGFjZXMudjEuUGxhY2VzLlNlYXJjaFRleHQQABgEIAA","Kinkerstraat 173, 1053 DP Amsterdam, Netherlands","52.365804399999995","4.8674656999999995","Monday: 8:00 AM - 6:00 PM
Tuesday: 8:00 AM - 6:00 PM
Wednesday: 8:00 AM - 6:00 PM
Thursday: 8:00 AM - 6:00 PM
Friday: 8:00 AM - 6:00 PM
Saturday: 9:00 AM - 6:00 PM
Sunday: 9:00 AM - 6:00 PM","2025-08-13T16:00:00Z","18.0","1"
"Cafecito Overtoom | Specialty Coffee & Matcha","4.5","173","coffee_shop","https://maps.google.com/?cid=4238626160019824377&g_mp=Cidnb29nbGUubWFwcy5wbGFjZXMudjEuUGxhY2VzLlNlYXJjaFRleHQQABgEIAA","Overtoom 429, 1054 KE Amsterdam, Netherlands","52.358930799999996","4.8606317","Monday: 7:30 AM - 8:00 PM
Tuesday: 7:30 AM - 8:00 PM
Wednesday: 7:30 AM - 8:00 PM
Thursday: 7:30 AM - 8:00 PM
Friday: 7:30 AM - 9:00 PM
Saturday: 8:30 AM - 9:00 PM
Sunday: 8:30 AM - 9:00 PM","2025-08-13T18:00:00Z","20.0","1"
"CoffeeRoastery Amsterdam","4.2","392","","https://maps.google.com/?cid=17271952354804148821&g_mp=Cidnb29nbGUubWFwcy5wbGFjZXMudjEuUGxhY2VzLlNlYXJjaFRleHQQABgEIAA","Jan Pieter Heijestraat 143, 1054 MG Amsterdam, Netherlands","52.3613826","4.8650449","Monday: 7:30 AM - 5:00 PM
Tuesday: 7:30 AM - 5:00 PM
Wednesday: 7:30 AM - 5:00 PM
Thursday: 7:30 AM - 5:00 PM
Friday: 7:30 AM - 5:00 PM
Saturday: 9:00 AM - 5:00 PM
Sunday: 9:00 AM - 5:00 PM","2025-08-13T15:00:00Z","17.0","1"
"First Coffee","4.8","54","coffee_shop","https://maps.google.com/?cid=1980585937553856170&g_mp=Cidnb29nbGUubWFwcy5wbGFjZXMudjEuUGxhY2VzLlNlYXJjaFRleHQQABgEIAA","Vondelpark, 1071 AA Amsterdam, Netherlands","52.3609283","4.8739707","Monday: Closed
Tuesday: 10:30 AM - 5:00 PM
Wednesday: 10:30 AM - 5:00 PM
Thursday: 10:30 AM - 5:00 PM
Friday: 10:30 AM - 5:00 PM
Saturday: 10:30 AM - 5:00 PM
Sunday: 10:30 AM - 5:00 PM","2025-08-13T15:00:00Z","17.0","1"
"louf - oud west","4.7","513","bakery","https://maps.google.com/?cid=14216289108422456440&g_mp=Cidnb29nbGUubWFwcy5wbGFjZXMudjEuUGxhY2VzLlNlYXJjaFRleHQQABgEIAA","Bilderdijkstraat 38, 1053 LA Amsterdam, Netherlands","52.3714613","4.870341499999999","Monday: 8:00 AM - 3:00 PM
Tuesday: 8:00 AM - 3:00 PM
Wednesday: 8:00 AM - 3:00 PM
Thursday: 8:00 AM - 3:00 PM
Friday: 8:00 AM - 3:00 PM
Saturday: 8:00 AM - 3:00 PM
Sunday: 8:00 AM - 3:00 PM","2025-08-13T13:00:00Z","15.0","1"
"Vanaut","4.9","548","coffee_shop","https://maps.google.com/?cid=12409265980219823295&g_mp=Cidnb29nbGUubWFwcy5wbGFjZXMudjEuUGxhY2VzLlNlYXJjaFRleHQQABgEIAA","Postjesweg 55, 1057 DW Amsterdam, Netherlands","52.3641188","4.8556174","Monday: 8:00 AM - 4:00 PM
Tuesday: 8:00 AM - 4:00 PM
Wednesday: 8:00 AM - 4:00 PM
Thursday: 8:00 AM - 4:00 PM
Friday: 8:00 AM - 4:00 PM
Saturday: 10:00 AM - 4:00 PM
Sunday: 10:00 AM - 4:00 PM","2025-08-13T14:00:00Z","16.0","1"
"Coffee & Juices","4.3","113","coffee_shop","https://maps.google.com/?cid=16204687375126797736&g_mp=Cidnb29nbGUubWFwcy5wbGFjZXMudjEuUGxhY2VzLlNlYXJjaFRleHQQABgEIAA","Jan van Galenstraat 109, 1056 BK Amsterdam, Netherlands","52.374612299999995","4.8594867","Monday: 7:30 AM - 5:00 PM
Tuesday: 7:30 AM - 5:00 PM
Wednesday: 7:30 AM - 5:00 PM
Thursday: 7:30 AM - 5:00 PM
Friday: 7:30 AM - 5:00 PM
Saturday: 8:30 AM - 5:00 PM
Sunday: 9:00 AM - 5:00 PM","2025-08-13T15:00:00Z","17.0","1"
"Cafecito | Nassaukade | ℃ Coffeebar","4.3","328","coffee_shop","https://maps.google.com/?cid=13666086278521302819&g_mp=Cidnb29nbGUubWFwcy5wbGFjZXMudjEuUGxhY2VzLlNlYXJjaFRleHQQABgEIAA","Nassaukade 330 H, 1053 LT Amsterdam, Netherlands","52.3683996","4.8759174","Monday: 7:00 AM - 6:00 PM
Tuesday: 7:00 AM - 6:00 PM
Wednesday: 7:00 AM - 6:00 PM
Thursday: 7:00 AM - 6:00 PM
Friday: 7:00 AM - 7:00 PM
Saturday: 8:30 AM - 7:00 PM
Sunday: 8:30 AM - 7:00 PM","2025-08-13T16:00:00Z","18.0","1"
"Bosco","4.4","914","restaurant","https://maps.google.com/?cid=14376467030960830636&g_mp=Cidnb29nbGUubWFwcy5wbGFjZXMudjEuUGxhY2VzLlNlYXJjaFRleHQQABgEIAA","Eerste Constantijn Huygensstraat 7, 1054 BN Amsterdam, Netherlands","52.365212799999995","4.8739235999999995","Monday: 8:00 AM - 12:00 AM
Tuesday: 8:00 AM - 12:00 AM
Wednesday: 8:00 AM - 12:00 AM
Thursday: 8:00 AM - 1:00 AM
Friday: 8:00 AM - 1:00 AM
Saturday: 8:00 AM - 1:00 AM
Sunday: 8:00 AM - 8:00 PM","2025-08-13T22:00:00Z","0.0","0"
"Coffee & Juices.","4.4","250","cafe","https://maps.google.com/?cid=1417133765277965500&g_mp=Cidnb29nbGUubWFwcy5wbGFjZXMudjEuUGxhY2VzLlNlYXJjaFRleHQQABgEIAA","Hugo de Grootplein 16I, 1052 KX Amsterdam, Netherlands","52.3750085","4.8725290999999995","Monday: 7:30 AM - 5:00 PM
Tuesday: 7:30 AM - 5:00 PM
Wednesday: 7:30 AM - 5:00 PM
Thursday: 7:30 AM - 5:00 PM
Friday: 7:30 AM - 5:00 PM
Saturday: 8:30 AM - 5:00 PM
Sunday: 9:00 AM - 5:00 PM","2025-08-13T15:00:00Z","17.0","1"
"Mundi","4.6","202","coffee_shop","https://maps.google.com/?cid=16944520297415958844&g_mp=Cidnb29nbGUubWFwcy5wbGFjZXMudjEuUGxhY2VzLlNlYXJjaFRleHQQABgEIAA","Postjesweg 98, 1057 EG Amsterdam, Netherlands","52.36444100000001","4.853974099999999","Monday: 8:00 AM - 4:00 PM
Tuesday: 8:00 AM - 4:00 PM
Wednesday: 8:00 AM - 4:00 PM
Thursday: 8:00 AM - 4:00 PM
Friday: 8:00 AM - 5:00 PM
Saturday: 9:00 AM - 5:00 PM
Sunday: 9:00 AM - 5:00 PM","2025-08-13T14:00:00Z","16.0","1"
"Mensink Breakfast & Lunch Café . 🍞🥖🥨🥐🥪🥯☕️🥛🥤","4.6","722","sandwich_shop","https://maps.google.com/?cid=12176729360476412967&g_mp=Cidnb29nbGUubWFwcy5wbGFjZXMudjEuUGxhY2VzLlNlYXJjaFRleHQQABgEIAA","Kinkerstraat 63, 1053 DE Amsterdam, Netherlands","52.3671832","4.8724373","Monday: 8:00 AM - 5:00 PM
Tuesday: 8:00 AM - 5:00 PM
Wednesday: 8:00 AM - 5:00 PM
Thursday: 8:00 AM - 5:00 PM
Friday: 8:00 AM - 5:00 PM
Saturday: 8:00 AM - 5:00 PM
Sunday: 8:00 AM - 5:00 PM","2025-08-13T15:00:00Z","17.0","1"
"BounceSpace Coffee & Coworking","4.8","328","coffee_shop","https://maps.google.com/?cid=4484527239915097339&g_mp=Cidnb29nbGUubWFwcy5wbGFjZXMudjEuUGxhY2VzLlNlYXJjaFRleHQQABgEIAA","Overtoom 141, 1054 HG Amsterdam, Netherlands","52.361863500000005","4.8729211","Monday: 8:00 AM - 5:00 PM
Tuesday: 8:00 AM - 5:00 PM
Wednesday: 8:00 AM - 5:00 PM
Thursday: 8:00 AM - 5:00 PM
Friday: 8:00 AM - 5:00 PM
Saturday: 9:00 AM - 5:00 PM
Sunday: 9:00 AM - 5:00 PM","2025-08-13T15:00:00Z","17.0","1"
"The Coffee Bridge","4.0","96","coffee_shop","https://maps.google.com/?cid=2608567747773663216&g_mp=Cidnb29nbGUubWFwcy5wbGFjZXMudjEuUGxhY2VzLlNlYXJjaFRleHQQABgEIAA","Baarsjesweg 211, 1057 HT Amsterdam, Netherlands","52.3648591","4.8597711","Monday: 10:00 AM - 5:00 PM
Tuesday: 10:00 AM - 5:00 PM
Wednesday: 10:00 AM - 5:00 PM
Thursday: 10:00 AM - 5:00 PM
Friday: 10:00 AM - 5:00 PM
Saturday: 10:00 AM - 5:00 PM
Sunday: Closed","2025-08-13T15:00:00Z","17.0","1"
"Uncommon Bar","4.8","104","cafe","https://maps.google.com/?cid=15621995018693113942&g_mp=Cidnb29nbGUubWFwcy5wbGFjZXMudjEuUGxhY2VzLlNlYXJjaFRleHQQABgEIAA","Eerste Constantijn Huygensstraat 86H, 1054 BX Amsterdam, Netherlands","52.3631612","4.8746955","Monday: 7:30 AM - 3:00 PM
Tuesday: Closed
Wednesday: 7:30 AM - 3:00 PM
Thursday: 7:30 AM - 3:00 PM, 5:00 - 11:00 PM
Friday: 7:30 AM - 3:00 PM, 5:00 - 11:00 PM
Saturday: 8:30 AM - 3:00 PM, 5:00 - 11:00 PM
Sunday: 8:30 AM - 3:00 PM","2025-08-13T13:00:00Z","15.0","1"
"Koffie ende Koeck","4.7","622","vegan_restaurant","https://maps.google.com/?cid=2803892237093387309&g_mp=Cidnb29nbGUubWFwcy5wbGFjZXMudjEuUGxhY2VzLlNlYXJjaFRleHQQABgEIAA","Haarlemmerweg 175, 1051 LA Amsterdam, Netherlands","52.385247","4.8717768999999995","Monday: Closed
Tuesday: Closed
Wednesday: 10:00 AM - 5:00 PM
Thursday: 10:00 AM - 5:00 PM
Friday: 10:00 AM - 5:00 PM
Saturday: 10:00 AM - 5:00 PM
Sunday: 10:00 AM - 5:00 PM","2025-08-13T15:00:00Z","17.0","1"
"Maracuyá","4.8","112","coffee_shop","https://maps.google.com/?cid=13171672101004717551&g_mp=Cidnb29nbGUubWFwcy5wbGFjZXMudjEuUGxhY2VzLlNlYXJjaFRleHQQABgEIAA","Jan Pieter Heijestraat 95, 1053 GM Amsterdam, Netherlands","52.363878199999995","4.8634461","Monday: 8:00 AM - 5:00 PM
Tuesday: Closed
Wednesday: 8:00 AM - 5:00 PM
Thursday: 8:00 AM - 11:00 PM
Friday: 8:00 AM - 11:00 PM
Saturday: 9:00 AM - 11:00 PM
Sunday: 9:00 AM - 5:00 PM","2025-08-13T15:00:00Z","17.0","1"
"Luuk's Coffee Noordermarkt","4.8","882","coffee_shop","https://maps.google.com/?cid=11045848961108365584&g_mp=Cidnb29nbGUubWFwcy5wbGFjZXMudjEuUGxhY2VzLlNlYXJjaFRleHQQABgEIAA","Westerstraat 3, 1015 LT Amsterdam, Netherlands","52.378763899999996","4.8862575","Monday: 7:30 AM - 4:30 PM
Tuesday: 7:30 AM - 4:30 PM
Wednesday: 7:30 AM - 4:30 PM
Thursday: 7:30 AM - 4:30 PM
Friday: 7:30 AM - 4:30 PM
Saturday: 8:00 AM - 5:00 PM
Sunday: 9:00 AM - 5:00 PM","2025-08-13T14:30:00Z","16.0","1"
"Eetcafé Dorus Amsterdam","4.7","133","restaurant","https://maps.google.com/?cid=14202656874860030034&g_mp=Cidnb29nbGUubWFwcy5wbGFjZXMudjEuUGxhY2VzLlNlYXJjaFRleHQQABgEIAA","De Clercqstraat 27, 1053 AA Amsterdam, Netherlands","52.3712902","4.8726537","Monday: 10:00 AM - 11:00 PM
Tuesday: 10:00 AM - 11:00 PM
Wednesday: 10:00 AM - 11:00 PM
Thursday: 10:00 AM - 11:00 PM
Friday: 10:00 AM - 11:00 PM
Saturday: 10:00 AM - 11:00 PM
Sunday: 10:00 AM - 8:00 PM","2025-08-13T21:00:00Z","23.0","0"
"KOF Amsterdam Coffee Roasters","4.5","160","coffee_shop","https://maps.google.com/?cid=12834393538407371771&g_mp=Cidnb29nbGUubWFwcy5wbGFjZXMudjEuUGxhY2VzLlNlYXJjaFRleHQQABgEIAA","Huidenstraat 30I, 1016 ET Amsterdam, Netherlands","52.368895599999995","4.8851448","Monday: 8:00 AM - 6:00 PM
Tuesday: 8:00 AM - 6:00 PM
Wednesday: 8:00 AM - 6:00 PM
Thursday: 8:00 AM - 6:00 PM
Friday: 8:00 AM - 6:00 PM
Saturday: 8:00 AM - 6:00 PM
Sunday: 8:00 AM - 6:00 PM","2025-08-13T16:00:00Z","18.0","1"
"Rum Baba","4.7","421","","https://maps.google.com/?cid=6154861780410789025&g_mp=Cidnb29nbGUubWFwcy5wbGFjZXMudjEuUGxhY2VzLlNlYXJjaFRleHQQABgEIAA","Elandsgracht 134, 1016 VC Amsterdam, Netherlands","52.3691337","4.8787234","Monday: 8:00 AM - 4:30 PM
Tuesday: 8:00 AM - 4:30 PM
Wednesday: 8:00 AM - 4:30 PM
Thursday: 8:00 AM - 4:30 PM
Friday: 8:00 AM - 4:30 PM
Saturday: 9:00 AM - 5:00 PM
Sunday: 9:00 AM - 5:00 PM","2025-08-13T14:30:00Z","16.0","1"
"Gosling Coffee pop-up bar","5.0","3","cafe","https://maps.google.com/?cid=556665038309333994&g_mp=Cidnb29nbGUubWFwcy5wbGFjZXMudjEuUGxhY2VzLlNlYXJjaFRleHQQABgEIAA","Overtoom 87, 1054 BV Amsterdam, Netherlands","52.3626625","4.8755736999999995","Monday: Closed
Tuesday: Closed
Wednesday: 7:30 AM - 3:00 PM
Thursday: 7:30 AM - 3:00 PM
Friday: 7:30 AM - 3:00 PM
Saturday: 8:00 AM - 3:00 PM
Sunday: 8:00 AM - 3:00 PM","2025-08-13T13:00:00Z","15.0","1"
"Friedhats FUKU Cafe","4.8","931","coffee_shop","https://maps.google.com/?cid=8266368095773811462&g_mp=Cidnb29nbGUubWFwcy5wbGFjZXMudjEuUGxhY2VzLlNlYXJjaFRleHQQABgEIAA","Bos en Lommerweg 136 HS, 1055 ED Amsterdam, Netherlands","52.3812737","4.855158100000001","Monday: 8:00 AM - 4:00 PM
Tuesday: 8:00 AM - 4:00 PM
Wednesday: 8:00 AM - 4:00 PM
Thursday: 8:00 AM - 4:00 PM
Friday: 8:00 AM - 4:00 PM
Saturday: 9:00 AM - 5:00 PM
Sunday: 9:00 AM - 5:00 PM","2025-08-13T14:00:00Z","16.0","1"
"Staring at Jacob","4.5","2403","brunch_restaurant","https://maps.google.com/?cid=7623297946045251180&g_mp=Cidnb29nbGUubWFwcy5wbGFjZXMudjEuUGxhY2VzLlNlYXJjaFRleHQQABgEIAA","Jacob Van Lennepkade 215, 1054 ZP Amsterdam, Netherlands","52.36231","4.861847099999999","Monday: 9:00 AM - 4:00 PM
Tuesday: 9:00 AM - 4:00 PM
Wednesday: 9:00 AM - 4:00 PM
Thursday: 9:00 AM - 4:00 PM
Friday: 9:00 AM - 4:00 PM
Saturday: 9:00 AM - 4:00 PM
Sunday: 9:00 AM - 4:00 PM","2025-08-13T14:00:00Z","16.0","1"
"Cafe Toussaint","4.2","583","diner","https://maps.google.com/?cid=10462564053319202331&g_mp=Cidnb29nbGUubWFwcy5wbGFjZXMudjEuUGxhY2VzLlNlYXJjaFRleHQQABgEIAA","Bosboom Toussaintstraat 26, 1054 AS Amsterdam, Netherlands","52.3657671","4.8761924","Monday: 11:00 AM - 12:00 AM
Tuesday: 11:00 AM - 12:00 AM
Wednesday: 11:00 AM - 12:00 AM
Thursday: 11:00 AM - 12:00 AM
Friday: 11:00 AM - 1:00 AM
Saturday: 10:00 AM - 1:00 AM
Sunday: 10:00 AM - 12:00 AM","2025-08-13T22:00:00Z","0.0","0"
"Kaffe Amsterdam","4.9","31","store","https://maps.google.com/?cid=10523512056584536314&g_mp=Cidnb29nbGUubWFwcy5wbGFjZXMudjEuUGxhY2VzLlNlYXJjaFRleHQQABgEIAA","Bos en Lommerweg 432, 1061 DJ Amsterdam, Netherlands","52.379020100000005","4.838235","Monday: 7:00 AM - 5:30 PM
Tuesday: 7:00 AM - 5:30 PM
Wednesday: 7:00 AM - 5:30 PM
Thursday: 7:00 AM - 5:30 PM
Friday: 7:00 AM - 5:30 PM
Saturday: 9:00 AM - 4:00 PM
Sunday: Closed","2025-08-13T15:30:00Z","17.0","1"
"Café Belcampo","4.1","309","cafe","https://maps.google.com/?cid=14602376729847071020&g_mp=Cidnb29nbGUubWFwcy5wbGFjZXMudjEuUGxhY2VzLlNlYXJjaFRleHQQABgEIAA","Hannie Dankbaarpassage 10, 1053 RT Amsterdam, Netherlands","52.3668894","4.8688723","Monday: 9:30 AM - 5:30 PM
Tuesday: 9:30 AM - 5:30 PM
Wednesday: 9:30 AM - 5:30 PM
Thursday: 9:30 AM - 5:30 PM
Friday: 9:30 AM - 7:30 PM
Saturday: 10:00 AM - 5:30 PM
Sunday: 10:00 AM - 5:30 PM","2025-08-13T15:30:00Z","17.0","1"
"Teds Amsterdam Oud West - All Day Brunch","4.1","2310","brunch_restaurant","https://maps.google.com/?cid=3863037798307536422&g_mp=Cidnb29nbGUubWFwcy5wbGFjZXMudjEuUGxhY2VzLlNlYXJjaFRleHQQABgEIAA","Bosboom Toussaintstraat 60, 1054 AV Amsterdam, Netherlands","52.3653","4.874789300000001","Monday: 9:00 AM - 5:00 PM
Tuesday: 9:00 AM - 5:00 PM
Wednesday: 9:00 AM - 5:00 PM
Thursday: 9:00 AM - 5:00 PM
Friday: 9:00 AM - 5:00 PM
Saturday: 9:00 AM - 5:00 PM
Sunday: 9:00 AM - 5:00 PM","2025-08-13T15:00:00Z","17.0","1"
"Lunchroom Fika Amsterdam","4.5","139","restaurant","https://maps.google.com/?cid=9537605688353729900&g_mp=Cidnb29nbGUubWFwcy5wbGFjZXMudjEuUGxhY2VzLlNlYXJjaFRleHQQABgEIAA","Bellamystraat 11, 1053 BE Amsterdam, Netherlands","52.3671594","4.866560499999999","Monday: 7:00 AM - 6:00 PM
Tuesday: 7:00 AM - 6:00 PM
Wednesday: 7:00 AM - 6:00 PM
Thursday: 7:00 AM - 6:00 PM
Friday: 7:00 AM - 6:00 PM
Saturday: 7:00 AM - 6:00 PM
Sunday: 9:00 AM - 6:00 PM","2025-08-13T16:00:00Z","18.0","1"
"La Chesa","4.3","164","cafe","https://maps.google.com/?cid=15928966388326402690&g_mp=Cidnb29nbGUubWFwcy5wbGFjZXMudjEuUGxhY2VzLlNlYXJjaFRleHQQABgEIAA","Kinkerstraat 31BG, 1053 DC Amsterdam, Netherlands","52.367843","4.874744","Monday: 7:30 AM - 7:00 PM
Tuesday: 7:30 AM - 7:00 PM
Wednesday: 7:30 AM - 7:00 PM
Thursday: 7:30 AM - 7:00 PM
Friday: 7:30 AM - 7:00 PM
Saturday: 9:00 AM - 7:00 PM
Sunday: 8:30 AM - 6:00 PM","2025-08-13T17:00:00Z","19.0","1"
"Conscious Café","4.8","13","coffee_shop","https://maps.google.com/?cid=9984319682816437440&g_mp=Cidnb29nbGUubWFwcy5wbGFjZXMudjEuUGxhY2VzLlNlYXJjaFRleHQQABgEIAA","Overtoom 519, 1054 LH Amsterdam, Netherlands","52.357843599999995","4.8565299","Monday: 7:00 AM - 11:00 PM
Tuesday: 7:00 AM - 11:00 PM
Wednesday: 7:00 AM - 11:00 PM
Thursday: 7:00 AM - 11:00 PM
Friday: 7:00 AM - 11:00 PM
Saturday: 7:00 AM - 11:00 PM
Sunday: 7:00 AM - 11:00 PM","2025-08-13T21:00:00Z","23.0","0"
"Cafecito","3.8","53","coffee_shop","https://maps.google.com/?cid=3346984126005896513&g_mp=Cidnb29nbGUubWFwcy5wbGFjZXMudjEuUGxhY2VzLlNlYXJjaFRleHQQABgEIAA","Van Oldenbarneveldtstraat 82I, 1052 KG Amsterdam, Netherlands","52.3743001","4.8738078","Monday: 7:00 AM - 9:00 PM
Tuesday: 7:00 AM - 9:00 PM
Wednesday: 7:00 AM - 9:00 PM
Thursday: 7:00 AM - 9:00 PM
Friday: 7:00 AM - 10:00 PM
Saturday: 8:00 AM - 10:00 PM
Sunday: 8:00 AM - 10:00 PM","2025-08-13T19:00:00Z","21.0","1"
"Coffeeshop Aktama","4.7","167","store","https://maps.google.com/?cid=8548499716583317512&g_mp=Cidnb29nbGUubWFwcy5wbGFjZXMudjEuUGxhY2VzLlNlYXJjaFRleHQQABgEIAA","Hudsonstraat 156, 1057 ST Amsterdam, Netherlands","52.3696604","4.8524764","Monday: 9:00 AM - 12:00 AM
Tuesday: 9:00 AM - 12:00 AM
Wednesday: 9:00 AM - 12:00 AM
Thursday: 9:00 AM - 12:00 AM
Friday: 9:00 AM - 12:00 AM
Saturday: 9:00 AM - 12:00 AM
Sunday: 9:00 AM - 12:00 AM","2025-08-13T22:00:00Z","0.0","0"
"Coffee Company","4.1","371","coffee_shop","https://maps.google.com/?cid=3728987105828904066&g_mp=Cidnb29nbGUubWFwcy5wbGFjZXMudjEuUGxhY2VzLlNlYXJjaFRleHQQABgEIAA","Kinkerstraat 330-332, 1053 GK Amsterdam, Netherlands","52.364985","4.862749","Monday: 7:30 AM - 6:00 PM
Tuesday: 7:30 AM - 6:00 PM
Wednesday: 7:30 AM - 6:00 PM
Thursday: 7:30 AM - 6:00 PM
Friday: 7:30 AM - 6:00 PM
Saturday: 8:30 AM - 6:00 PM
Sunday: 8:30 AM - 6:00 PM","2025-08-13T16:00:00Z","18.0","1"
"Ikaria Food","4.8","368","cafe","https://maps.google.com/?cid=5661905777306122201&g_mp=Cidnb29nbGUubWFwcy5wbGFjZXMudjEuUGxhY2VzLlNlYXJjaFRleHQQABgEIAA","Bilderdijkstraat 108k, 1053 KZ Amsterdam, Netherlands","52.368778899999995","4.8708165","Monday: 7:30 AM - 4:30 PM
Tuesday: 7:30 AM - 4:30 PM
Wednesday: 7:30 AM - 4:30 PM
Thursday: 7:30 AM - 4:30 PM
Friday: 7:30 AM - 4:30 PM
Saturday: 8:00 AM - 5:00 PM
Sunday: 8:00 AM - 5:00 PM","2025-08-13T14:30:00Z","16.0","1"
"Out of office coffee","4.9","9","coffee_shop","https://maps.google.com/?cid=10994753723193382594&g_mp=Cidnb29nbGUubWFwcy5wbGFjZXMudjEuUGxhY2VzLlNlYXJjaFRleHQQABgEIAA","Parkeerplaats, Haarlemmerweg 313, 1051 LG Amsterdam, Netherlands","52.3850911","4.8672716","","","","1"
"Boerejongens Coffeeshop West Amsterdam","4.6","2885","store","https://maps.google.com/?cid=9043965812478737731&g_mp=Cidnb29nbGUubWFwcy5wbGFjZXMudjEuUGxhY2VzLlNlYXJjaFRleHQQABgEIAA","Baarsjesweg 239, 1058 AA Amsterdam, Netherlands","52.362314999999995","4.8575481","Monday: 7:00 AM - 11:45 PM
Tuesday: 7:00 AM - 11:45 PM
Wednesday: 7:00 AM - 11:45 PM
Thursday: 7:00 AM - 11:45 PM
Friday: 7:00 AM - 11:45 PM
Saturday: 7:00 AM - 11:45 PM
Sunday: 7:00 AM - 11:45 PM","2025-08-13T21:45:00Z","23.0","0"
"Café Duzz Dat!","4.7","32","pub","https://maps.google.com/?cid=10732946877583983388&g_mp=Cidnb29nbGUubWFwcy5wbGFjZXMudjEuUGxhY2VzLlNlYXJjaFRleHQQABgEIAA","Bilderdijkstraat 151, 1053 KP Amsterdam, Netherlands","52.368242699999996","4.871746","Monday: Closed
Tuesday: 2:00 PM - 1:00 AM
Wednesday: 2:00 PM - 1:00 AM
Thursday: 2:00 PM - 1:00 AM
Friday: 2:00 PM - 3:00 AM
Saturday: 2:00 PM - 3:00 AM
Sunday: 2:00 PM - 1:00 AM","","","1"
"Amsterdam","4.7","3","coffee_shop","https://maps.google.com/?cid=10337718527676469356&g_mp=Cidnb29nbGUubWFwcy5wbGFjZXMudjEuUGxhY2VzLlNlYXJjaFRleHQQABgEIAA","Van Oldenbarneveldtstraat 82HS, 1052 KG Amsterdam, Netherlands","52.3743116","4.873757599999999","","","","1"
"KOF Amsterdam Coffee Roasters","4.5","160","coffee_shop","https://maps.google.com/?cid=12834393538407371771&g_mp=Cidnb29nbGUubWFwcy5wbGFjZXMudjEuUGxhY2VzLlNlYXJjaFRleHQQABgEIAA","Huidenstraat 30I, 1016 ET Amsterdam, Netherlands","52.368895599999995","4.8851448","Monday: 8:00 AM - 6:00 PM
Tuesday: 8:00 AM - 6:00 PM
Wednesday: 8:00 AM - 6:00 PM
Thursday: 8:00 AM - 6:00 PM
Friday: 8:00 AM - 6:00 PM
Saturday: 8:00 AM - 6:00 PM
Sunday: 8:00 AM - 6:00 PM","2025-08-13T16:00:00Z","18.0","1"
"Rum Baba","4.7","421","","https://maps.google.com/?cid=6154861780410789025&g_mp=Cidnb29nbGUubWFwcy5wbGFjZXMudjEuUGxhY2VzLlNlYXJjaFRleHQQABgEIAA","Elandsgracht 134, 1016 VC Amsterdam, Netherlands","52.3691337","4.8787234","Monday: 8:00 AM - 4:30 PM
Tuesday: 8:00 AM - 4:30 PM
Wednesday: 8:00 AM - 4:30 PM
Thursday: 8:00 AM - 4:30 PM
Friday: 8:00 AM - 4:30 PM
Saturday: 9:00 AM - 5:00 PM
Sunday: 9:00 AM - 5:00 PM","2025-08-13T14:30:00Z","16.0","1"
"Gosling Coffee pop-up bar","5.0","3","cafe","https://maps.google.com/?cid=556665038309333994&g_mp=Cidnb29nbGUubWFwcy5wbGFjZXMudjEuUGxhY2VzLlNlYXJjaFRleHQQABgEIAA","Overtoom 87, 1054 BV Amsterdam, Netherlands","52.3626625","4.8755736999999995","Monday: Closed
Tuesday: Closed
Wednesday: 7:30 AM - 3:00 PM
Thursday: 7:30 AM - 3:00 PM
Friday: 7:30 AM - 3:00 PM
Saturday: 8:00 AM - 3:00 PM
Sunday: 8:00 AM - 3:00 PM","2025-08-13T13:00:00Z","15.0","1"
"Friedhats FUKU Cafe","4.8","931","coffee_shop","https://maps.google.com/?cid=8266368095773811462&g_mp=Cidnb29nbGUubWFwcy5wbGFjZXMudjEuUGxhY2VzLlNlYXJjaFRleHQQABgEIAA","Bos en Lommerweg 136 HS, 1055 ED Amsterdam, Netherlands","52.3812737","4.855158100000001","Monday: 8:00 AM - 4:00 PM
Tuesday: 8:00 AM - 4:00 PM
Wednesday: 8:00 AM - 4:00 PM
Thursday: 8:00 AM - 4:00 PM
Friday: 8:00 AM - 4:00 PM
Saturday: 9:00 AM - 5:00 PM
Sunday: 9:00 AM - 5:00 PM","2025-08-13T14:00:00Z","16.0","1"
"Staring at Jacob","4.5","2403","brunch_restaurant","https://maps.google.com/?cid=7623297946045251180&g_mp=Cidnb29nbGUubWFwcy5wbGFjZXMudjEuUGxhY2VzLlNlYXJjaFRleHQQABgEIAA","Jacob Van Lennepkade 215, 1054 ZP Amsterdam, Netherlands","52.36231","4.861847099999999","Monday: 9:00 AM - 4:00 PM
Tuesday: 9:00 AM - 4:00 PM
Wednesday: 9:00 AM - 4:00 PM
Thursday: 9:00 AM - 4:00 PM
Friday: 9:00 AM - 4:00 PM
Saturday: 9:00 AM - 4:00 PM
Sunday: 9:00 AM - 4:00 PM","2025-08-13T14:00:00Z","16.0","1"
"Cafe Toussaint","4.2","583","diner","https://maps.google.com/?cid=10462564053319202331&g_mp=Cidnb29nbGUubWFwcy5wbGFjZXMudjEuUGxhY2VzLlNlYXJjaFRleHQQABgEIAA","Bosboom Toussaintstraat 26, 1054 AS Amsterdam, Netherlands","52.3657671","4.8761924","Monday: 11:00 AM - 12:00 AM
Tuesday: 11:00 AM - 12:00 AM
Wednesday: 11:00 AM - 12:00 AM
Thursday: 11:00 AM - 12:00 AM
Friday: 11:00 AM - 1:00 AM
Saturday: 10:00 AM - 1:00 AM
Sunday: 10:00 AM - 12:00 AM","2025-08-13T22:00:00Z","0.0","0"
"Kaffe Amsterdam","4.9","31","store","https://maps.google.com/?cid=10523512056584536314&g_mp=Cidnb29nbGUubWFwcy5wbGFjZXMudjEuUGxhY2VzLlNlYXJjaFRleHQQABgEIAA","Bos en Lommerweg 432, 1061 DJ Amsterdam, Netherlands","52.379020100000005","4.838235","Monday: 7:00 AM - 5:30 PM
Tuesday: 7:00 AM - 5:30 PM
Wednesday: 7:00 AM - 5:30 PM
Thursday: 7:00 AM - 5:30 PM
Friday: 7:00 AM - 5:30 PM
Saturday: 9:00 AM - 4:00 PM
Sunday: Closed","2025-08-13T15:30:00Z","17.0","1"
"Café Belcampo","4.1","309","cafe","https://maps.google.com/?cid=14602376729847071020&g_mp=Cidnb29nbGUubWFwcy5wbGFjZXMudjEuUGxhY2VzLlNlYXJjaFRleHQQABgEIAA","Hannie Dankbaarpassage 10, 1053 RT Amsterdam, Netherlands","52.3668894","4.8688723","Monday: 9:30 AM - 5:30 PM
Tuesday: 9:30 AM - 5:30 PM
Wednesday: 9:30 AM - 5:30 PM
Thursday: 9:30 AM - 5:30 PM
Friday: 9:30 AM - 7:30 PM
Saturday: 10:00 AM - 5:30 PM
Sunday: 10:00 AM - 5:30 PM","2025-08-13T15:30:00Z","17.0","1"
"Teds Amsterdam Oud West - All Day Brunch","4.1","2310","brunch_restaurant","https://maps.google.com/?cid=3863037798307536422&g_mp=Cidnb29nbGUubWFwcy5wbGFjZXMudjEuUGxhY2VzLlNlYXJjaFRleHQQABgEIAA","Bosboom Toussaintstraat 60, 1054 AV Amsterdam, Netherlands","52.3653","4.874789300000001","Monday: 9:00 AM - 5:00 PM
Tuesday: 9:00 AM - 5:00 PM
Wednesday: 9:00 AM - 5:00 PM
Thursday: 9:00 AM - 5:00 PM
Friday: 9:00 AM - 5:00 PM
Saturday: 9:00 AM - 5:00 PM
Sunday: 9:00 AM - 5:00 PM","2025-08-13T15:00:00Z","17.0","1"
"Lunchroom Fika Amsterdam","4.5","139","restaurant","https://maps.google.com/?cid=9537605688353729900&g_mp=Cidnb29nbGUubWFwcy5wbGFjZXMudjEuUGxhY2VzLlNlYXJjaFRleHQQABgEIAA","Bellamystraat 11, 1053 BE Amsterdam, Netherlands","52.3671594","4.866560499999999","Monday: 7:00 AM - 6:00 PM
Tuesday: 7:00 AM - 6:00 PM
Wednesday: 7:00 AM - 6:00 PM
Thursday: 7:00 AM - 6:00 PM
Friday: 7:00 AM - 6:00 PM
Saturday: 7:00 AM - 6:00 PM
Sunday: 9:00 AM - 6:00 PM","2025-08-13T16:00:00Z","18.0","1"
"La Chesa","4.3","164","cafe","https://maps.google.com/?cid=15928966388326402690&g_mp=Cidnb29nbGUubWFwcy5wbGFjZXMudjEuUGxhY2VzLlNlYXJjaFRleHQQABgEIAA","Kinkerstraat 31BG, 1053 DC Amsterdam, Netherlands","52.367843","4.874744","Monday: 7:30 AM - 7:00 PM
Tuesday: 7:30 AM - 7:00 PM
Wednesday: 7:30 AM - 7:00 PM
Thursday: 7:30 AM - 7:00 PM
Friday: 7:30 AM - 7:00 PM
Saturday: 9:00 AM - 7:00 PM
Sunday: 8:30 AM - 6:00 PM","2025-08-13T17:00:00Z","19.0","1"
"Conscious Café","4.8","13","coffee_shop","https://maps.google.com/?cid=9984319682816437440&g_mp=Cidnb29nbGUubWFwcy5wbGFjZXMudjEuUGxhY2VzLlNlYXJjaFRleHQQABgEIAA","Overtoom 519, 1054 LH Amsterdam, Netherlands","52.357843599999995","4.8565299","Monday: 7:00 AM - 11:00 PM
Tuesday: 7:00 AM - 11:00 PM
Wednesday: 7:00 AM - 11:00 PM
Thursday: 7:00 AM - 11:00 PM
Friday: 7:00 AM - 11:00 PM
Saturday: 7:00 AM - 11:00 PM
Sunday: 7:00 AM - 11:00 PM","2025-08-13T21:00:00Z","23.0","0"
"Cafecito","3.8","53","coffee_shop","https://maps.google.com/?cid=3346984126005896513&g_mp=Cidnb29nbGUubWFwcy5wbGFjZXMudjEuUGxhY2VzLlNlYXJjaFRleHQQABgEIAA","Van Oldenbarneveldtstraat 82I, 1052 KG Amsterdam, Netherlands","52.3743001","4.8738078","Monday: 7:00 AM - 9:00 PM
Tuesday: 7:00 AM - 9:00 PM
Wednesday: 7:00 AM - 9:00 PM
Thursday: 7:00 AM - 9:00 PM
Friday: 7:00 AM - 10:00 PM
Saturday: 8:00 AM - 10:00 PM
Sunday: 8:00 AM - 10:00 PM","2025-08-13T19:00:00Z","21.0","1"
"Coffeeshop Aktama","4.7","167","store","https://maps.google.com/?cid=8548499716583317512&g_mp=Cidnb29nbGUubWFwcy5wbGFjZXMudjEuUGxhY2VzLlNlYXJjaFRleHQQABgEIAA","Hudsonstraat 156, 1057 ST Amsterdam, Netherlands","52.3696604","4.8524764","Monday: 9:00 AM - 12:00 AM
Tuesday: 9:00 AM - 12:00 AM
Wednesday: 9:00 AM - 12:00 AM
Thursday: 9:00 AM - 12:00 AM
Friday: 9:00 AM - 12:00 AM
Saturday: 9:00 AM - 12:00 AM
Sunday: 9:00 AM - 12:00 AM","2025-08-13T22:00:00Z","0.0","0"
"Coffee Company","4.1","371","coffee_shop","https://maps.google.com/?cid=3728987105828904066&g_mp=Cidnb29nbGUubWFwcy5wbGFjZXMudjEuUGxhY2VzLlNlYXJjaFRleHQQABgEIAA","Kinkerstraat 330-332, 1053 GK Amsterdam, Netherlands","52.364985","4.862749","Monday: 7:30 AM - 6:00 PM
Tuesday: 7:30 AM - 6:00 PM
Wednesday: 7:30 AM - 6:00 PM
Thursday: 7:30 AM - 6:00 PM
Friday: 7:30 AM - 6:00 PM
Saturday: 8:30 AM - 6:00 PM
Sunday: 8:30 AM - 6:00 PM","2025-08-13T16:00:00Z","18.0","1"
"Ikaria Food","4.8","368","cafe","https://maps.google.com/?cid=5661905777306122201&g_mp=Cidnb29nbGUubWFwcy5wbGFjZXMudjEuUGxhY2VzLlNlYXJjaFRleHQQABgEIAA","Bilderdijkstraat 108k, 1053 KZ Amsterdam, Netherlands","52.368778899999995","4.8708165","Monday: 7:30 AM - 4:30 PM
Tuesday: 7:30 AM - 4:30 PM
Wednesday: 7:30 AM - 4:30 PM
Thursday: 7:30 AM - 4:30 PM
Friday: 7:30 AM - 4:30 PM
Saturday: 8:00 AM - 5:00 PM
Sunday: 8:00 AM - 5:00 PM","2025-08-13T14:30:00Z","16.0","1"
"Out of office coffee","4.9","9","coffee_shop","https://maps.google.com/?cid=10994753723193382594&g_mp=Cidnb29nbGUubWFwcy5wbGFjZXMudjEuUGxhY2VzLlNlYXJjaFRleHQQABgEIAA","Parkeerplaats, Haarlemmerweg 313, 1051 LG Amsterdam, Netherlands","52.3850911","4.8672716","","","","1"
"Boerejongens Coffeeshop West Amsterdam","4.6","2885","store","https://maps.google.com/?cid=9043965812478737731&g_mp=Cidnb29nbGUubWFwcy5wbGFjZXMudjEuUGxhY2VzLlNlYXJjaFRleHQQABgEIAA","Baarsjesweg 239, 1058 AA Amsterdam, Netherlands","52.362314999999995","4.8575481","Monday: 7:00 AM - 11:45 PM
Tuesday: 7:00 AM - 11:45 PM
Wednesday: 7:00 AM - 11:45 PM
Thursday: 7:00 AM - 11:45 PM
Friday: 7:00 AM - 11:45 PM
Saturday: 7:00 AM - 11:45 PM
Sunday: 7:00 AM - 11:45 PM","2025-08-13T21:45:00Z","23.0","0"
"Café Duzz Dat!","4.7","32","pub","https://maps.google.com/?cid=10732946877583983388&g_mp=Cidnb29nbGUubWFwcy5wbGFjZXMudjEuUGxhY2VzLlNlYXJjaFRleHQQABgEIAA","Bilderdijkstraat 151, 1053 KP Amsterdam, Netherlands","52.368242699999996","4.871746","Monday: Closed
Tuesday: 2:00 PM - 1:00 AM
Wednesday: 2:00 PM - 1:00 AM
Thursday: 2:00 PM - 1:00 AM
Friday: 2:00 PM - 3:00 AM
Saturday: 2:00 PM - 3:00 AM
Sunday: 2:00 PM - 1:00 AM","","","1"
"Amsterdam","4.7","3","coffee_shop","https://maps.google.com/?cid=10337718527676469356&g_mp=Cidnb29nbGUubWFwcy5wbGFjZXMudjEuUGxhY2VzLlNlYXJjaFRleHQQABgEIAA","Van Oldenbarneveldtstraat 82HS, 1052 KG Amsterdam, Netherlands","52.3743116","4.873757599999999","","","","1"
"KOF Amsterdam Coffee Roasters","4.5","160","coffee_shop","https://maps.google.com/?cid=12834393538407371771&g_mp=Cidnb29nbGUubWFwcy5wbGFjZXMudjEuUGxhY2VzLlNlYXJjaFRleHQQABgEIAA","Huidenstraat 30I, 1016 ET Amsterdam, Netherlands","52.368895599999995","4.8851448","Monday: 8:00 AM - 6:00 PM
Tuesday: 8:00 AM - 6:00 PM
Wednesday: 8:00 AM - 6:00 PM
Thursday: 8:00 AM - 6:00 PM
Friday: 8:00 AM - 6:00 PM
Saturday: 8:00 AM - 6:00 PM
Sunday: 8:00 AM - 6:00 PM","2025-08-13T16:00:00Z","18.0","1"
"Rum Baba","4.7","421","","https://maps.google.com/?cid=6154861780410789025&g_mp=Cidnb29nbGUubWFwcy5wbGFjZXMudjEuUGxhY2VzLlNlYXJjaFRleHQQABgEIAA","Elandsgracht 134, 1016 VC Amsterdam, Netherlands","52.3691337","4.8787234","Monday: 8:00 AM - 4:30 PM
Tuesday: 8:00 AM - 4:30 PM
Wednesday: 8:00 AM - 4:30 PM
Thursday: 8:00 AM - 4:30 PM
Friday: 8:00 AM - 4:30 PM
Saturday: 9:00 AM - 5:00 PM
Sunday: 9:00 AM - 5:00 PM","2025-08-13T14:30:00Z","16.0","1"
"Gosling Coffee pop-up bar","5.0","3","cafe","https://maps.google.com/?cid=556665038309333994&g_mp=Cidnb29nbGUubWFwcy5wbGFjZXMudjEuUGxhY2VzLlNlYXJjaFRleHQQABgEIAA","Overtoom 87, 1054 BV Amsterdam, Netherlands","52.3626625","4.8755736999999995","Monday: Closed
Tuesday: Closed
Wednesday: 7:30 AM - 3:00 PM
Thursday: 7:30 AM - 3:00 PM
Friday: 7:30 AM - 3:00 PM
Saturday: 8:00 AM - 3:00 PM
Sunday: 8:00 AM - 3:00 PM","2025-08-13T13:00:00Z","15.0","1"
"Friedhats FUKU Cafe","4.8","931","coffee_shop","https://maps.google.com/?cid=8266368095773811462&g_mp=Cidnb29nbGUubWFwcy5wbGFjZXMudjEuUGxhY2VzLlNlYXJjaFRleHQQABgEIAA","Bos en Lommerweg 136 HS, 1055 ED Amsterdam, Netherlands","52.3812737","4.855158100000001","Monday: 8:00 AM - 4:00 PM
Tuesday: 8:00 AM - 4:00 PM
Wednesday: 8:00 AM - 4:00 PM
Thursday: 8:00 AM - 4:00 PM
Friday: 8:00 AM - 4:00 PM
Saturday: 9:00 AM - 5:00 PM
Sunday: 9:00 AM - 5:00 PM","2025-08-13T14:00:00Z","16.0","1"
"Staring at Jacob","4.5","2403","brunch_restaurant","https://maps.google.com/?cid=7623297946045251180&g_mp=Cidnb29nbGUubWFwcy5wbGFjZXMudjEuUGxhY2VzLlNlYXJjaFRleHQQABgEIAA","Jacob Van Lennepkade 215, 1054 ZP Amsterdam, Netherlands","52.36231","4.861847099999999","Monday: 9:00 AM - 4:00 PM
Tuesday: 9:00 AM - 4:00 PM
Wednesday: 9:00 AM - 4:00 PM
Thursday: 9:00 AM - 4:00 PM
Friday: 9:00 AM - 4:00 PM
Saturday: 9:00 AM - 4:00 PM
Sunday: 9:00 AM - 4:00 PM","2025-08-13T14:00:00Z","16.0","1"
"Cafe Toussaint","4.2","583","diner","https://maps.google.com/?cid=10462564053319202331&g_mp=Cidnb29nbGUubWFwcy5wbGFjZXMudjEuUGxhY2VzLlNlYXJjaFRleHQQABgEIAA","Bosboom Toussaintstraat 26, 1054 AS Amsterdam, Netherlands","52.3657671","4.8761924","Monday: 11:00 AM - 12:00 AM
Tuesday: 11:00 AM - 12:00 AM
Wednesday: 11:00 AM - 12:00 AM
Thursday: 11:00 AM - 12:00 AM
Friday: 11:00 AM - 1:00 AM
Saturday: 10:00 AM - 1:00 AM
Sunday: 10:00 AM - 12:00 AM","2025-08-13T22:00:00Z","0.0","0"
"Kaffe Amsterdam","4.9","31","store","https://maps.google.com/?cid=10523512056584536314&g_mp=Cidnb29nbGUubWFwcy5wbGFjZXMudjEuUGxhY2VzLlNlYXJjaFRleHQQABgEIAA","Bos en Lommerweg 432, 1061 DJ Amsterdam, Netherlands","52.379020100000005","4.838235","Monday: 7:00 AM - 5:30 PM
Tuesday: 7:00 AM - 5:30 PM
Wednesday: 7:00 AM - 5:30 PM
Thursday: 7:00 AM - 5:30 PM
Friday: 7:00 AM - 5:30 PM
Saturday: 9:00 AM - 4:00 PM
Sunday: Closed","2025-08-13T15:30:00Z","17.0","1"
"Café Belcampo","4.1","309","cafe","https://maps.google.com/?cid=14602376729847071020&g_mp=Cidnb29nbGUubWFwcy5wbGFjZXMudjEuUGxhY2VzLlNlYXJjaFRleHQQABgEIAA","Hannie Dankbaarpassage 10, 1053 RT Amsterdam, Netherlands","52.3668894","4.8688723","Monday: 9:30 AM - 5:30 PM
Tuesday: 9:30 AM - 5:30 PM
Wednesday: 9:30 AM - 5:30 PM
Thursday: 9:30 AM - 5:30 PM
Friday: 9:30 AM - 7:30 PM
Saturday: 10:00 AM - 5:30 PM
Sunday: 10:00 AM - 5:30 PM","2025-08-13T15:30:00Z","17.0","1"
"Teds Amsterdam Oud West - All Day Brunch","4.1","2310","brunch_restaurant","https://maps.google.com/?cid=3863037798307536422&g_mp=Cidnb29nbGUubWFwcy5wbGFjZXMudjEuUGxhY2VzLlNlYXJjaFRleHQQABgEIAA","Bosboom Toussaintstraat 60, 1054 AV Amsterdam, Netherlands","52.3653","4.874789300000001","Monday: 9:00 AM - 5:00 PM
Tuesday: 9:00 AM - 5:00 PM
Wednesday: 9:00 AM - 5:00 PM
Thursday: 9:00 AM - 5:00 PM
Friday: 9:00 AM - 5:00 PM
Saturday: 9:00 AM - 5:00 PM
Sunday: 9:00 AM - 5:00 PM","2025-08-13T15:00:00Z","17.0","1"
"Lunchroom Fika Amsterdam","4.5","139","restaurant","https://maps.google.com/?cid=9537605688353729900&g_mp=Cidnb29nbGUubWFwcy5wbGFjZXMudjEuUGxhY2VzLlNlYXJjaFRleHQQABgEIAA","Bellamystraat 11, 1053 BE Amsterdam, Netherlands","52.3671594","4.866560499999999","Monday: 7:00 AM - 6:00 PM
Tuesday: 7:00 AM - 6:00 PM
Wednesday: 7:00 AM - 6:00 PM
Thursday: 7:00 AM - 6:00 PM
Friday: 7:00 AM - 6:00 PM
Saturday: 7:00 AM - 6:00 PM
Sunday: 9:00 AM - 6:00 PM","2025-08-13T16:00:00Z","18.0","1"
"La Chesa","4.3","164","cafe","https://maps.google.com/?cid=15928966388326402690&g_mp=Cidnb29nbGUubWFwcy5wbGFjZXMudjEuUGxhY2VzLlNlYXJjaFRleHQQABgEIAA","Kinkerstraat 31BG, 1053 DC Amsterdam, Netherlands","52.367843","4.874744","Monday: 7:30 AM - 7:00 PM
Tuesday: 7:30 AM - 7:00 PM
Wednesday: 7:30 AM - 7:00 PM
Thursday: 7:30 AM - 7:00 PM
Friday: 7:30 AM - 7:00 PM
Saturday: 9:00 AM - 7:00 PM
Sunday: 8:30 AM - 6:00 PM","2025-08-13T17:00:00Z","19.0","1"
"Conscious Café","4.8","13","coffee_shop","https://maps.google.com/?cid=9984319682816437440&g_mp=Cidnb29nbGUubWFwcy5wbGFjZXMudjEuUGxhY2VzLlNlYXJjaFRleHQQABgEIAA","Overtoom 519, 1054 LH Amsterdam, Netherlands","52.357843599999995","4.8565299","Monday: 7:00 AM - 11:00 PM
Tuesday: 7:00 AM - 11:00 PM
Wednesday: 7:00 AM - 11:00 PM
Thursday: 7:00 AM - 11:00 PM
Friday: 7:00 AM - 11:00 PM
Saturday: 7:00 AM - 11:00 PM
Sunday: 7:00 AM - 11:00 PM","2025-08-13T21:00:00Z","23.0","0"
"Cafecito","3.8","53","coffee_shop","https://maps.google.com/?cid=3346984126005896513&g_mp=Cidnb29nbGUubWFwcy5wbGFjZXMudjEuUGxhY2VzLlNlYXJjaFRleHQQABgEIAA","Van Oldenbarneveldtstraat 82I, 1052 KG Amsterdam, Netherlands","52.3743001","4.8738078","Monday: 7:00 AM - 9:00 PM
Tuesday: 7:00 AM - 9:00 PM
Wednesday: 7:00 AM - 9:00 PM
Thursday: 7:00 AM - 9:00 PM
Friday: 7:00 AM - 10:00 PM
Saturday: 8:00 AM - 10:00 PM
Sunday: 8:00 AM - 10:00 PM","2025-08-13T19:00:00Z","21.0","1"
"Coffeeshop Aktama","4.7","167","store","https://maps.google.com/?cid=8548499716583317512&g_mp=Cidnb29nbGUubWFwcy5wbGFjZXMudjEuUGxhY2VzLlNlYXJjaFRleHQQABgEIAA","Hudsonstraat 156, 1057 ST Amsterdam, Netherlands","52.3696604","4.8524764","Monday: 9:00 AM - 12:00 AM
Tuesday: 9:00 AM - 12:00 AM
Wednesday: 9:00 AM - 12:00 AM
Thursday: 9:00 AM - 12:00 AM
Friday: 9:00 AM - 12:00 AM
Saturday: 9:00 AM - 12:00 AM
Sunday: 9:00 AM - 12:00 AM","2025-08-13T22:00:00Z","0.0","0"
"Coffee Company","4.1","371","coffee_shop","https://maps.google.com/?cid=3728987105828904066&g_mp=Cidnb29nbGUubWFwcy5wbGFjZXMudjEuUGxhY2VzLlNlYXJjaFRleHQQABgEIAA","Kinkerstraat 330-332, 1053 GK Amsterdam, Netherlands","52.364985","4.862749","Monday: 7:30 AM - 6:00 PM
Tuesday: 7:30 AM - 6:00 PM
Wednesday: 7:30 AM - 6:00 PM
Thursday: 7:30 AM - 6:00 PM
Friday: 7:30 AM - 6:00 PM
Saturday: 8:30 AM - 6:00 PM
Sunday: 8:30 AM - 6:00 PM","2025-08-13T16:00:00Z","18.0","1"
"Ikaria Food","4.8","368","cafe","https://maps.google.com/?cid=5661905777306122201&g_mp=Cidnb29nbGUubWFwcy5wbGFjZXMudjEuUGxhY2VzLlNlYXJjaFRleHQQABgEIAA","Bilderdijkstraat 108k, 1053 KZ Amsterdam, Netherlands","52.368778899999995","4.8708165","Monday: 7:30 AM - 4:30 PM
Tuesday: 7:30 AM - 4:30 PM
Wednesday: 7:30 AM - 4:30 PM
Thursday: 7:30 AM - 4:30 PM
Friday: 7:30 AM - 4:30 PM
Saturday: 8:00 AM - 5:00 PM
Sunday: 8:00 AM - 5:00 PM","2025-08-13T14:30:00Z","16.0","1"
"Out of office coffee","4.9","9","coffee_shop","https://maps.google.com/?cid=10994753723193382594&g_mp=Cidnb29nbGUubWFwcy5wbGFjZXMudjEuUGxhY2VzLlNlYXJjaFRleHQQABgEIAA","Parkeerplaats, Haarlemmerweg 313, 1051 LG Amsterdam, Netherlands","52.3850911","4.8672716","","","","1"
"Boerejongens Coffeeshop West Amsterdam","4.6","2885","store","https://maps.google.com/?cid=9043965812478737731&g_mp=Cidnb29nbGUubWFwcy5wbGFjZXMudjEuUGxhY2VzLlNlYXJjaFRleHQQABgEIAA","Baarsjesweg 239, 1058 AA Amsterdam, Netherlands","52.362314999999995","4.8575481","Monday: 7:00 AM - 11:45 PM
Tuesday: 7:00 AM - 11:45 PM
Wednesday: 7:00 AM - 11:45 PM
Thursday: 7:00 AM - 11:45 PM
Friday: 7:00 AM - 11:45 PM
Saturday: 7:00 AM - 11:45 PM
Sunday: 7:00 AM - 11:45 PM","2025-08-13T21:45:00Z","23.0","0"
"Café Duzz Dat!","4.7","32","pub","https://maps.google.com/?cid=10732946877583983388&g_mp=Cidnb29nbGUubWFwcy5wbGFjZXMudjEuUGxhY2VzLlNlYXJjaFRleHQQABgEIAA","Bilderdijkstraat 151, 1053 KP Amsterdam, Netherlands","52.368242699999996","4.871746","Monday: Closed
Tuesday: 2:00 PM - 1:00 AM
Wednesday: 2:00 PM - 1:00 AM
Thursday: 2:00 PM - 1:00 AM
Friday: 2:00 PM - 3:00 AM
Saturday: 2:00 PM - 3:00 AM
Sunday: 2:00 PM - 1:00 AM","","","1"
"Amsterdam","4.7","3","coffee_shop","https://maps.google.com/?cid=10337718527676469356&g_mp=Cidnb29nbGUubWFwcy5wbGFjZXMudjEuUGxhY2VzLlNlYXJjaFRleHQQABgEIAA","Van Oldenbarneveldtstraat 82HS, 1052 KG Amsterdam, Netherlands","52.3743116","4.873757599999999","","","","1"
"Kafenion Amsterdam","4.9","3042","cafe","https://maps.google.com/?cid=13799867098777125081&g_mp=Cidnb29nbGUubWFwcy5wbGFjZXMudjEuUGxhY2VzLlNlYXJjaFRleHQQABgEIAA","Bloemgracht 49, 1016 KD Amsterdam, Netherlands","52.374677","4.8813721999999995","Monday: 8:00 AM - 7:00 PM
Tuesday: 8:00 AM - 7:00 PM
Wednesday: 8:00 AM - 7:00 PM
Thursday: 8:00 AM - 7:00 PM
Friday: 8:00 AM - 7:00 PM
Saturday: 9:00 AM - 7:30 PM
Sunday: 9:00 AM - 7:30 PM","2025-08-13T17:00:00Z","19.0","1"
"Luuk's Coffee Noordermarkt","4.8","882","coffee_shop","https://maps.google.com/?cid=11045848961108365584&g_mp=Cidnb29nbGUubWFwcy5wbGFjZXMudjEuUGxhY2VzLlNlYXJjaFRleHQQABgEIAA","Westerstraat 3, 1015 LT Amsterdam, Netherlands","52.378763899999996","4.8862575","Monday: 7:30 AM - 4:30 PM
Tuesday: 7:30 AM - 4:30 PM
Wednesday: 7:30 AM - 4:30 PM
Thursday: 7:30 AM - 4:30 PM
Friday: 7:30 AM - 4:30 PM
Saturday: 8:00 AM - 5:00 PM
Sunday: 9:00 AM - 5:00 PM","2025-08-13T14:30:00Z","16.0","1"
"Koffiespot","4.5","595","coffee_shop","https://maps.google.com/?cid=2122484869929095106&g_mp=Cidnb29nbGUubWFwcy5wbGFjZXMudjEuUGxhY2VzLlNlYXJjaFRleHQQABgEIAA","Elandsgracht 53, 1016 TN Amsterdam, Netherlands","52.3694002","4.8805982","Monday: 8:00 AM - 6:00 PM
Tuesday: 8:00 AM - 6:00 PM
Wednesday: 8:00 AM - 6:00 PM
Thursday: 8:00 AM - 6:00 PM
Friday: 8:00 AM - 6:00 PM
Saturday: 9:00 AM - 6:00 PM
Sunday: 9:00 AM - 6:00 PM","2025-08-13T16:00:00Z","18.0","1"
"Haku Specialty Coffee","4.8","329","food_store","https://maps.google.com/?cid=6154733505273622538&g_mp=Cidnb29nbGUubWFwcy5wbGFjZXMudjEuUGxhY2VzLlNlYXJjaFRleHQQABgEIAA","Rozengracht 69, 1016 LT Amsterdam, Netherlands","52.373287999999995","4.880800499999999","Monday: 8:00 AM - 5:00 PM
Tuesday: 8:00 AM - 5:00 PM
Wednesday: 8:00 AM - 5:00 PM
Thursday: 8:00 AM - 5:00 PM
Friday: 8:00 AM - 5:00 PM
Saturday: 9:00 AM - 6:00 PM
Sunday: 9:00 AM - 6:00 PM","2025-08-13T15:00:00Z","17.0","1"
"Bruno’s Amsterdam","4.9","306","coffee_shop","https://maps.google.com/?cid=16925071792895390583&g_mp=Cidnb29nbGUubWFwcy5wbGFjZXMudjEuUGxhY2VzLlNlYXJjaFRleHQQABgEIAA","Tweede Goudsbloemdwarsstraat 3C, 1015 JX Amsterdam, Netherlands","52.381000199999995","4.8840619","Monday: 7:30 AM - 1:00 PM
Tuesday: 7:30 AM - 2:00 PM
Wednesday: 7:30 AM - 2:00 PM
Thursday: 7:30 AM - 2:00 PM
Friday: 7:30 AM - 2:00 PM
Saturday: 7:30 AM - 4:00 PM
Sunday: 10:00 AM - 2:00 PM","2025-08-13T12:00:00Z","14.0","1"
"Coffeeshop La Tertulia","4.5","884","store","https://maps.google.com/?cid=18115952138417670872&g_mp=Cidnb29nbGUubWFwcy5wbGFjZXMudjEuUGxhY2VzLlNlYXJjaFRleHQQABgEIAA","Prinsengracht 312, 1016 HX Amsterdam, Netherlands","52.3694808","4.8822851","Monday: Closed
Tuesday: 11:00 AM - 7:00 PM
Wednesday: 11:00 AM - 7:00 PM
Thursday: 11:00 AM - 7:00 PM
Friday: 11:00 AM - 7:00 PM
Saturday: 11:00 AM - 7:00 PM
Sunday: Closed","2025-08-13T17:00:00Z","19.0","1"
"Wandu Amsterdam","4.5","297","coffee_shop","https://maps.google.com/?cid=9430587355522644994&g_mp=Cidnb29nbGUubWFwcy5wbGFjZXMudjEuUGxhY2VzLlNlYXJjaFRleHQQABgEIAA","Lauriergracht 71 H, 1016 RH Amsterdam, Netherlands","52.3709293","4.8796324","Monday: 9:00 AM - 5:00 PM
Tuesday: 8:30 AM - 5:00 PM
Wednesday: 8:30 AM - 5:00 PM
Thursday: 8:30 AM - 5:00 PM
Friday: 8:30 AM - 5:00 PM
Saturday: 9:00 AM - 5:00 PM
Sunday: 10:00 AM - 5:00 PM","2025-08-13T15:00:00Z","17.0","1"
"NU koffie & delicatessen","4.9","335","coffee_shop","https://maps.google.com/?cid=7660499236096519594&g_mp=Cidnb29nbGUubWFwcy5wbGFjZXMudjEuUGxhY2VzLlNlYXJjaFRleHQQABgEIAA","Tweede Egelantiersdwarsstraat 13H, 1015 SB Amsterdam, Netherlands","52.37659310000001","4.8822931","Monday: 8:00 AM - 5:00 PM
Tuesday: 8:00 AM - 5:00 PM
Wednesday: 8:00 AM - 5:00 PM
Thursday: 8:00 AM - 5:00 PM
Friday: 8:00 AM - 5:00 PM
Saturday: 9:00 AM - 5:00 PM
Sunday: 9:00 AM - 5:00 PM","2025-08-13T15:00:00Z","17.0","1"
"Café ""De Eland""","4.5","555","cafe","https://maps.google.com/?cid=11417938627537812902&g_mp=Cidnb29nbGUubWFwcy5wbGFjZXMudjEuUGxhY2VzLlNlYXJjaFRleHQQABgEIAA","Prinsengracht 296, 1016 HW Amsterdam, Netherlands","52.369993699999995","4.8823104","Monday: 10:00 AM - 1:00 AM
Tuesday: 10:00 AM - 1:00 AM
Wednesday: 10:00 AM - 1:00 AM
Thursday: 10:00 AM - 1:00 AM
Friday: 10:00 AM - 2:00 AM
Saturday: 10:00 AM - 2:00 AM
Sunday: 10:00 AM - 1:00 AM","2025-08-13T23:00:00Z","1.0","0"
"Coffeeshop Johnny","4.5","489","store","https://maps.google.com/?cid=5780646184476203844&g_mp=Cidnb29nbGUubWFwcy5wbGFjZXMudjEuUGxhY2VzLlNlYXJjaFRleHQQABgEIAA","Elandsgracht 3, 1016 TM Amsterdam, Netherlands","52.369937699999994","4.882089199999999","Monday: 9:00 AM - 12:00 AM
Tuesday: 9:00 AM - 12:00 AM
Wednesday: 9:00 AM - 12:00 AM
Thursday: 9:00 AM - 12:00 AM
Friday: 9:00 AM - 12:00 AM
Saturday: 9:00 AM - 12:00 AM
Sunday: 9:00 AM - 12:00 AM","2025-08-13T22:00:00Z","0.0","0"
"Moods Coffee Corner","4.7","798","breakfast_restaurant","https://maps.google.com/?cid=16500492570205299249&g_mp=Cidnb29nbGUubWFwcy5wbGFjZXMudjEuUGxhY2VzLlNlYXJjaFRleHQQABgEIAA","Lindengracht 249, 1015 KH Amsterdam, Netherlands","52.379482499999995","4.8806432","Monday: 8:00 AM - 3:00 PM
Tuesday: 8:00 AM - 3:00 PM
Wednesday: 8:00 AM - 3:00 PM
Thursday: 8:00 AM - 3:00 PM
Friday: 8:00 AM - 3:00 PM
Saturday: 8:00 AM - 4:00 PM
Sunday: 9:00 AM - 3:00 PM","2025-08-13T13:00:00Z","15.0","1"
"Coffeeshop The Spirit","4.7","903","store","https://maps.google.com/?cid=9110170179142861681&g_mp=Cidnb29nbGUubWFwcy5wbGFjZXMudjEuUGxhY2VzLlNlYXJjaFRleHQQABgEIAA","Westerstraat 121, 1015 LZ Amsterdam, Netherlands","52.378192299999995","4.8829389999999995","Monday: 10:00 AM - 1:00 AM
Tuesday: 10:00 AM - 1:00 AM
Wednesday: 10:00 AM - 1:00 AM
Thursday: 10:00 AM - 1:00 AM
Friday: 10:00 AM - 1:00 AM
Saturday: 10:00 AM - 1:00 AM
Sunday: 10:00 AM - 1:00 AM","2025-08-13T23:00:00Z","1.0","0"
"Rum Baba","4.7","421","","https://maps.google.com/?cid=6154861780410789025&g_mp=Cidnb29nbGUubWFwcy5wbGFjZXMudjEuUGxhY2VzLlNlYXJjaFRleHQQABgEIAA","Elandsgracht 134, 1016 VC Amsterdam, Netherlands","52.3691337","4.8787234","Monday: 8:00 AM - 4:30 PM
Tuesday: 8:00 AM - 4:30 PM
Wednesday: 8:00 AM - 4:30 PM
Thursday: 8:00 AM - 4:30 PM
Friday: 8:00 AM - 4:30 PM
Saturday: 9:00 AM - 5:00 PM
Sunday: 9:00 AM - 5:00 PM","2025-08-13T14:30:00Z","16.0","1"
"The Papeneiland Café","4.5","2303","cafe","https://maps.google.com/?cid=13199520713548089325&g_mp=Cidnb29nbGUubWFwcy5wbGFjZXMudjEuUGxhY2VzLlNlYXJjaFRleHQQABgEIAA","Prinsengracht 2, 1015 DV Amsterdam, Netherlands","52.380462699999995","4.8879703999999995","Monday: 10:00 AM - 1:00 AM
Tuesday: 10:00 AM - 1:00 AM
Wednesday: 10:00 AM - 1:00 AM
Thursday: 10:00 AM - 1:00 AM
Friday: 10:00 AM - 3:00 AM
Saturday: 10:00 AM - 3:00 AM
Sunday: 12:00 PM - 1:00 AM","2025-08-13T23:00:00Z","1.0","0"
"ASOP Café by Amplify - specialty coffee","5.0","43","cafe","https://maps.google.com/?cid=3536194542087187303&g_mp=Cidnb29nbGUubWFwcy5wbGFjZXMudjEuUGxhY2VzLlNlYXJjaFRleHQQABgEIAA","Willemsstraat 141, 1015 JC Amsterdam, Netherlands","52.380877999999996","4.8826239","Monday: Closed
Tuesday: 9:00 AM - 4:00 PM
Wednesday: 9:00 AM - 4:00 PM
Thursday: 9:00 AM - 4:00 PM
Friday: 9:00 AM - 4:00 PM
Saturday: 9:00 AM - 4:00 PM
Sunday: 9:00 AM - 4:00 PM","2025-08-13T14:00:00Z","16.0","1"
"Paradox Coffeeshop","4.6","1580","store","https://maps.google.com/?cid=16423332139205053463&g_mp=Cidnb29nbGUubWFwcy5wbGFjZXMudjEuUGxhY2VzLlNlYXJjaFRleHQQABgEIAA","Eerste Bloemdwarsstraat 2R, 1016 KS Amsterdam, Netherlands","52.3745562","4.8812221","Monday: 11:00 AM - 8:00 PM
Tuesday: 11:00 AM - 8:00 PM
Wednesday: 11:00 AM - 8:00 PM
Thursday: 11:00 AM - 8:00 PM
Friday: 11:00 AM - 8:00 PM
Saturday: 11:00 AM - 8:00 PM
Sunday: 11:00 AM - 8:00 PM","2025-08-13T18:00:00Z","20.0","1"
"Café De Prins","4.4","749","cafe","https://maps.google.com/?cid=7672675033870264935&g_mp=Cidnb29nbGUubWFwcy5wbGFjZXMudjEuUGxhY2VzLlNlYXJjaFRleHQQABgEIAA","Prinsengracht 124, 1015 EA Amsterdam, Netherlands","52.37615830000001","4.8839833","Monday: 10:00 AM - 1:00 AM
Tuesday: 10:00 AM - 1:00 AM
Wednesday: 10:00 AM - 1:00 AM
Thursday: 10:00 AM - 1:00 AM
Friday: 10:00 AM - 2:00 AM
Saturday: 10:00 AM - 2:00 AM
Sunday: 10:00 AM - 1:00 AM","2025-08-13T23:00:00Z","1.0","0"
"Café 't Smalle","4.6","1356","pub","https://maps.google.com/?cid=17163431979133748336&g_mp=Cidnb29nbGUubWFwcy5wbGFjZXMudjEuUGxhY2VzLlNlYXJjaFRleHQQABgEIAA","Egelantiersgracht 12, 1015 RL Amsterdam, Netherlands","52.3767128","4.8841696","Monday: 2:00 PM - 12:00 AM
Tuesday: 2:00 PM - 12:00 AM
Wednesday: 2:00 PM - 12:00 AM
Thursday: 2:00 PM - 12:00 AM
Friday: 1:00 PM - 1:00 AM
Saturday: 12:00 PM - 1:00 AM
Sunday: 12:00 - 10:00 PM","","","1"
"Festina Lente","4.4","669","cafe","https://maps.google.com/?cid=17278967085454762013&g_mp=Cidnb29nbGUubWFwcy5wbGFjZXMudjEuUGxhY2VzLlNlYXJjaFRleHQQABgEIAA","Looiersgracht 40B, 1016 VL Amsterdam, Netherlands","52.368652999999995","4.881389599999999","Monday: 10:00 AM - 12:00 AM
Tuesday: 10:00 AM - 12:00 AM
Wednesday: 10:00 AM - 1:00 AM
Thursday: 10:00 AM - 1:00 AM
Friday: 10:00 AM - 3:00 AM
Saturday: 11:00 AM - 3:00 AM
Sunday: 11:00 AM - 11:00 PM","2025-08-13T23:00:00Z","1.0","0"
"Kessens","4.6","848","restaurant","https://maps.google.com/?cid=14121141204177226521&g_mp=Cidnb29nbGUubWFwcy5wbGFjZXMudjEuUGxhY2VzLlNlYXJjaFRleHQQABgEIAA","Rozengracht 24, 1016 NC Amsterdam, Netherlands","52.373863199999995","4.881938","Monday: 8:30 AM - 4:00 PM
Tuesday: 8:30 AM - 4:00 PM
Wednesday: 8:30 AM - 4:00 PM
Thursday: 8:30 AM - 4:00 PM
Friday: 8:30 AM - 4:00 PM
Saturday: 9:00 AM - 5:00 PM
Sunday: 9:00 AM - 5:00 PM","2025-08-13T14:00:00Z","16.0","1"
"Jardin","4.9","228","cafe","https://maps.google.com/?cid=3277337338909203433&g_mp=Cidnb29nbGUubWFwcy5wbGFjZXMudjEuUGxhY2VzLlNlYXJjaFRleHQQABgEIAA","Brouwersgracht 113HS, 1015 GD Amsterdam, Netherlands","52.3809024","4.8872195","Monday: 8:00 AM - 5:00 PM
Tuesday: 8:00 AM - 5:00 PM
Wednesday: 8:00 AM - 5:00 PM
Thursday: 8:00 AM - 5:00 PM
Friday: 8:00 AM - 5:00 PM
Saturday: 8:00 AM - 5:00 PM
Sunday: 8:00 AM - 5:00 PM","2025-08-13T15:00:00Z","17.0","1"
"Coffeeshop 137","4.6","803","store","https://maps.google.com/?cid=3289401408972893374&g_mp=Cidnb29nbGUubWFwcy5wbGFjZXMudjEuUGxhY2VzLlNlYXJjaFRleHQQABgEIAA","Brouwersgracht 137H, 1015 GE Amsterdam, Netherlands","52.381431199999994","4.886298","Monday: 8:00 AM - 12:55 AM
Tuesday: 8:00 AM - 12:55 AM
Wednesday: 8:00 AM - 12:55 AM
Thursday: 8:00 AM - 12:55 AM
Friday: 8:00 AM - 12:55 AM
Saturday: 8:00 AM - 12:55 AM
Sunday: 8:00 AM - 12:55 AM","2025-08-13T22:55:00Z","0.0","0"
"Café 't Monumentje","4.5","304","cafe","https://maps.google.com/?cid=14721143599965014059&g_mp=Cidnb29nbGUubWFwcy5wbGFjZXMudjEuUGxhY2VzLlNlYXJjaFRleHQQABgEIAA","Westerstraat 120, 1015 MP Amsterdam, Netherlands","52.3785348","4.8831014","Monday: 8:30 AM - 1:00 AM
Tuesday: 8:30 AM - 1:00 AM
Wednesday: 8:30 AM - 1:00 AM
Thursday: 8:30 AM - 1:00 AM
Friday: 8:30 AM - 2:00 AM
Saturday: 9:00 AM - 2:00 AM
Sunday: 11:00 AM - 1:00 AM","2025-08-13T23:00:00Z","1.0","0"
"Café Sonneveld","4.5","3975","restaurant","https://maps.google.com/?cid=5154369206102618573&g_mp=Cidnb29nbGUubWFwcy5wbGFjZXMudjEuUGxhY2VzLlNlYXJjaFRleHQQABgEIAA","Egelantiersgracht 72 74, 1015 SC Amsterdam, Netherlands","52.3763328","4.882285899999999","Monday: 11:00 AM - 11:00 PM
Tuesday: 11:00 AM - 11:00 PM
Wednesday: 11:00 AM - 11:00 PM
Thursday: 11:00 AM - 11:00 PM
Friday: 11:00 AM - 11:00 PM
Saturday: 11:00 AM - 11:00 PM
Sunday: 11:00 AM - 11:00 PM","2025-08-13T21:00:00Z","23.0","0"
"Piqniq","4.7","1547","brunch_restaurant","https://maps.google.com/?cid=1863378062783191712&g_mp=Cidnb29nbGUubWFwcy5wbGFjZXMudjEuUGxhY2VzLlNlYXJjaFRleHQQABgEIAA","Lindengracht 59HS, 1015 KC Amsterdam, Netherlands","52.3803024","4.8860939","Monday: Closed
Tuesday: 9:00 AM - 4:00 PM
Wednesday: 9:00 AM - 4:00 PM
Thursday: 9:00 AM - 4:00 PM
Friday: 9:00 AM - 4:00 PM
Saturday: 9:00 AM - 4:00 PM
Sunday: Closed","2025-08-13T14:00:00Z","16.0","1"
"The African Blackstar Coffeeshop","4.5","539","store","https://maps.google.com/?cid=14960073998463154414&g_mp=Cidnb29nbGUubWFwcy5wbGFjZXMudjEuUGxhY2VzLlNlYXJjaFRleHQQABgEIAA","Rozengracht 1-A, 1016 LP Amsterdam, Netherlands","52.3737427","4.8825699","Monday: 11:00 AM - 12:00 AM
Tuesday: 11:00 AM - 12:00 AM
Wednesday: 11:00 AM - 12:00 AM
Thursday: 11:00 AM - 12:00 AM
Friday: 11:00 AM - 1:00 AM
Saturday: 11:00 AM - 1:00 AM
Sunday: 11:00 AM - 12:00 AM","2025-08-13T22:00:00Z","0.0","0"
"Tha Dogg House a Snoop Dogg Store","4.4","414","coffee_shop","https://maps.google.com/?cid=16144764438666098397&g_mp=Cidnb29nbGUubWFwcy5wbGFjZXMudjEuUGxhY2VzLlNlYXJjaFRleHQQABgEIAA","Marnixstraat 333, 1016 TC Amsterdam, Netherlands","52.3727133","4.8761101","Monday: 9:00 AM - 1:00 AM
Tuesday: 9:00 AM - 1:00 AM
Wednesday: 9:00 AM - 1:00 AM
Thursday: 9:00 AM - 1:00 AM
Friday: 8:00 AM - 1:00 AM
Saturday: 8:00 AM - 1:00 AM
Sunday: 8:00 AM - 1:00 AM","2025-08-13T23:00:00Z","1.0","0"
"Box Sociaal Jordaan","4.6","944","restaurant","https://maps.google.com/?cid=9496910841604152645&g_mp=Cidnb29nbGUubWFwcy5wbGFjZXMudjEuUGxhY2VzLlNlYXJjaFRleHQQABgEIAA","Bloemgracht 47, 1016 KD Amsterdam, Netherlands","52.374667099999996","4.8814858","Monday: 9:00 AM - 10:00 PM
Tuesday: 9:00 AM - 3:45 PM
Wednesday: 9:00 AM - 3:45 PM
Thursday: 9:00 AM - 10:00 PM
Friday: 9:00 AM - 10:00 PM
Saturday: 9:00 AM - 10:00 PM
Sunday: 9:00 AM - 10:00 PM","2025-08-13T13:45:00Z","15.0","1"
"'T Keteltje Coffeeshop","4.3","150","store","https://maps.google.com/?cid=9343748674433442372&g_mp=Cidnb29nbGUubWFwcy5wbGFjZXMudjEuUGxhY2VzLlNlYXJjaFRleHQQABgEIAA","Marnixstraat 74, 1015 VX Amsterdam, Netherlands","52.379610799999995","4.8796346","Monday: 9:00 AM - 1:00 AM
Tuesday: 9:00 AM - 1:00 AM
Wednesday: 9:00 AM - 1:00 AM
Thursday: 9:00 AM - 1:00 AM
Friday: 9:00 AM - 1:00 AM
Saturday: 9:00 AM - 1:00 AM
Sunday: 9:00 AM - 1:00 AM","2025-08-13T23:00:00Z","1.0","0"
"LOT61 Coffee Roasters","4.6","1930","food_store","https://maps.google.com/?cid=15526938402491586985&g_mp=Cidnb29nbGUubWFwcy5wbGFjZXMudjEuUGxhY2VzLlNlYXJjaFRleHQQABgEIAA","Kinkerstraat 112, 1053 ED Amsterdam, Netherlands","52.3668272","4.870314","Monday: 8:00 AM - 6:00 PM
Tuesday: 8:00 AM - 6:00 PM
Wednesday: 8:00 AM - 6:00 PM
Thursday: 8:00 AM - 6:00 PM
Friday: 8:00 AM - 6:00 PM
Saturday: 9:00 AM - 6:00 PM
Sunday: 9:00 AM - 6:00 PM","2025-08-13T16:00:00Z","18.0","1"
"New Dutch Amsterdam","4.6","1553","restaurant","https://maps.google.com/?cid=1105883560866564385&g_mp=Cidnb29nbGUubWFwcy5wbGFjZXMudjEuUGxhY2VzLlNlYXJjaFRleHQQABgEIAA","Prinsengracht 60-62, 1015 DX Amsterdam, Netherlands","52.377925399999995","4.8856158","Monday: 9:00 AM - 3:00 PM
Tuesday: Closed
Wednesday: 9:00 AM - 3:00 PM
Thursday: 9:00 AM - 9:00 PM
Friday: 9:00 AM - 10:00 PM
Saturday: 9:00 AM - 10:00 PM
Sunday: 9:00 AM - 3:00 PM","2025-08-13T13:00:00Z","15.0","1"
"Café Thijssen","4.2","1924","cafe","https://maps.google.com/?cid=9412826351239130282&g_mp=Cidnb29nbGUubWFwcy5wbGFjZXMudjEuUGxhY2VzLlNlYXJjaFRleHQQABgEIAA","Brouwersgracht 107, 1015 GD Amsterdam, Netherlands","52.380810399999994","4.8873031","Monday: 8:00 AM - 1:00 AM
Tuesday: 8:00 AM - 1:00 AM
Wednesday: 8:00 AM - 1:00 AM
Thursday: 8:00 AM - 1:00 AM
Friday: 8:00 AM - 3:00 AM
Saturday: 8:00 AM - 3:00 AM
Sunday: 9:00 AM - 1:00 AM","2025-08-13T23:00:00Z","1.0","0"
"Five Ways Coffee Roasters","4.6","310","cafe","https://maps.google.com/?cid=6515543384646289734&g_mp=Cidnb29nbGUubWFwcy5wbGFjZXMudjEuUGxhY2VzLlNlYXJjaFRleHQQABgEIAA","Kinkerstraat 186, 1053 CG Amsterdam, Netherlands","52.366029499999996","4.8673108","Monday: 7:30 AM - 4:30 PM
Tuesday: 7:30 AM - 4:30 PM
Wednesday: 7:30 AM - 4:30 PM
Thursday: 7:30 AM - 4:30 PM
Friday: 7:30 AM - 4:30 PM
Saturday: 8:30 AM - 5:30 PM
Sunday: 8:30 AM - 5:30 PM","2025-08-13T14:30:00Z","16.0","1"
"Dak Showroom by Dak Coffee Roasters","4.8","124","coffee_shop","https://maps.google.com/?cid=10131096394286370724&g_mp=Cidnb29nbGUubWFwcy5wbGFjZXMudjEuUGxhY2VzLlNlYXJjaFRleHQQABgEIAA","Bellamyplein 16H, 1053 AS Amsterdam, Netherlands","52.3684127","4.867310499999999","Monday: 8:00 AM - 5:00 PM
Tuesday: 8:00 AM - 5:00 PM
Wednesday: 8:00 AM - 5:00 PM
Thursday: 8:00 AM - 5:00 PM
Friday: 8:00 AM - 5:00 PM
Saturday: 9:00 AM - 5:00 PM
Sunday: 9:00 AM - 5:00 PM","2025-08-13T15:00:00Z","17.0","1"
"Coffeshop S.W.E.D","4.5","44","coffee_shop","https://maps.google.com/?cid=13210071391626428354&g_mp=Cidnb29nbGUubWFwcy5wbGFjZXMudjEuUGxhY2VzLlNlYXJjaFRleHQQABgEIAA","Marnixstraat 333, 1016 TC Amsterdam, Netherlands","52.3727133","4.8761101","Monday: 7:00 AM - 1:00 AM
Tuesday: 7:00 AM - 1:00 AM
Wednesday: 7:00 AM - 1:00 AM
Thursday: 7:00 AM - 1:00 AM
Friday: 7:00 AM - 1:00 AM
Saturday: 7:00 AM - 1:00 AM
Sunday: 7:00 AM - 1:00 AM","2025-08-13T23:00:00Z","1.0","0"
"SAINT-JEAN Bakery","4.4","2432","bakery","https://maps.google.com/?cid=1072463508424207136&g_mp=Cidnb29nbGUubWFwcy5wbGFjZXMudjEuUGxhY2VzLlNlYXJjaFRleHQQABgEIAA","Lindengracht 158h, 1015 KK Amsterdam, Netherlands","52.3803056","4.884282400000001","Monday: 8:00 AM - 5:00 PM
Tuesday: 8:00 AM - 5:00 PM
Wednesday: 8:00 AM - 5:00 PM
Thursday: 8:00 AM - 5:00 PM
Friday: 8:00 AM - 5:00 PM
Saturday: 8:00 AM - 5:00 PM
Sunday: 8:00 AM - 5:00 PM","2025-08-13T15:00:00Z","17.0","1"
"The Coffee","4.7","88","coffee_shop","https://maps.google.com/?cid=357014870337086946&g_mp=Cidnb29nbGUubWFwcy5wbGFjZXMudjEuUGxhY2VzLlNlYXJjaFRleHQQABgEIAA","Eerste Constantijn Huygensstraat 33, 1054 BR Amsterdam, Netherlands","52.3643064","4.8744765","Monday: 8:00 AM - 5:00 PM
Tuesday: 8:00 AM - 5:00 PM
Wednesday: 8:00 AM - 5:00 PM
Thursday: 8:00 AM - 5:00 PM
Friday: 8:00 AM - 5:00 PM
Saturday: 9:00 AM - 5:30 PM
Sunday: 9:00 AM - 5:30 PM","2025-08-13T15:00:00Z","17.0","1"
"Teds Amsterdam Jordaan - All Day Brunch","4.0","1090","brunch_restaurant","https://maps.google.com/?cid=17622026709628872196&g_mp=Cidnb29nbGUubWFwcy5wbGFjZXMudjEuUGxhY2VzLlNlYXJjaFRleHQQABgEIAA","Prinsengracht 178, 1016 HB Amsterdam, Netherlands","52.3742446","4.882630499999999","Monday: 9:00 AM - 5:00 PM
Tuesday: 9:00 AM - 5:00 PM
Wednesday: 9:00 AM - 5:00 PM
Thursday: 9:00 AM - 5:00 PM
Friday: 9:00 AM - 5:00 PM
Saturday: 9:00 AM - 5:00 PM
Sunday: 9:00 AM - 5:00 PM","2025-08-13T15:00:00Z","17.0","1"
"Cloud","4.6","256","cafe","https://maps.google.com/?cid=590780870598905531&g_mp=Cidnb29nbGUubWFwcy5wbGFjZXMudjEuUGxhY2VzLlNlYXJjaFRleHQQABgEIAA","Prinsengracht 276, 1016 HJ Amsterdam, Netherlands","52.3709324","4.8824399","Monday: 9:00 AM - 5:00 PM
Tuesday: 9:00 AM - 5:00 PM
Wednesday: 9:00 AM - 5:00 PM
Thursday: 9:00 AM - 5:00 PM
Friday: 9:00 AM - 5:00 PM
Saturday: 11:00 AM - 6:00 PM
Sunday: 12:00 - 6:00 PM","2025-08-13T15:00:00Z","17.0","1"
"Café Hegeraad","4.3","692","cafe","https://maps.google.com/?cid=12574791311601030454&g_mp=Cidnb29nbGUubWFwcy5wbGFjZXMudjEuUGxhY2VzLlNlYXJjaFRleHQQABgEIAA","Noordermarkt 34, 1015 NA Amsterdam, Netherlands","52.3793461","4.8860358","Monday: 8:00 AM - 1:00 AM
Tuesday: 8:00 AM - 1:00 AM
Wednesday: 8:00 AM - 1:00 AM
Thursday: 8:00 AM - 1:00 AM
Friday: 8:00 AM - 3:00 AM
Saturday: 8:00 AM - 1:00 AM
Sunday: 11:00 AM - 9:00 PM","2025-08-13T23:00:00Z","1.0","0"
"Winkel 43","4.5","14072","cafe","https://maps.google.com/?cid=16418887331371252674&g_mp=Cidnb29nbGUubWFwcy5wbGFjZXMudjEuUGxhY2VzLlNlYXJjaFRleHQQABgEIAA","Noordermarkt 43, 1015 NA Amsterdam, Netherlands","52.3790944","4.8862844999999995","Monday: 7:00 AM - 1:00 AM
Tuesday: 8:00 AM - 1:00 AM
Wednesday: 8:00 AM - 1:00 AM
Thursday: 8:00 AM - 1:00 AM
Friday: 8:00 AM - 2:00 AM
Saturday: 7:00 AM - 2:00 AM
Sunday: 9:00 AM - 1:00 AM","2025-08-13T23:00:00Z","1.0","0"
"Salon de Kunst (X ART&APTT.)","5.0","17","cafe","https://maps.google.com/?cid=14123985059906068524&g_mp=Cidnb29nbGUubWFwcy5wbGFjZXMudjEuUGxhY2VzLlNlYXJjaFRleHQQABgEIAA","Eerste Looiersdwarsstraat 28, 1016 VM Amsterdam, Netherlands","52.3686394","4.881185100000001","Monday: Closed
Tuesday: 12:00 - 7:00 PM
Wednesday: 11:00 AM - 6:00 PM
Thursday: 11:00 AM - 6:00 PM
Friday: 11:00 AM - 6:00 PM
Saturday: 11:00 AM - 6:00 PM
Sunday: Closed","2025-08-13T16:00:00Z","18.0","1"
"WesterPerk Coffee & Shop","5.0","174","coffee_shop","https://maps.google.com/?cid=8089785487367323549&g_mp=Cidnb29nbGUubWFwcy5wbGFjZXMudjEuUGxhY2VzLlNlYXJjaFRleHQQABgEIAA","Kostverlorenstraat 11H, 1052 GS Amsterdam, Netherlands","52.3786067","4.8740747","Monday: 7:30 AM - 4:30 PM
Tuesday: 7:30 AM - 4:30 PM
Wednesday: 7:30 AM - 4:30 PM
Thursday: 7:30 AM - 4:30 PM
Friday: 7:30 AM - 4:30 PM
Saturday: 8:00 AM - 4:00 PM
Sunday: 9:00 AM - 4:00 PM","2025-08-13T14:30:00Z","16.0","1"
"Café de Tuin","4.4","740","pub","https://maps.google.com/?cid=3222113916165505208&g_mp=Cidnb29nbGUubWFwcy5wbGFjZXMudjEuUGxhY2VzLlNlYXJjaFRleHQQABgEIAA","Tweede Tuindwarsstraat 13, 1015 RX Amsterdam, Netherlands","52.377139299999996","4.8819751","Monday: 10:00 AM - 1:00 AM
Tuesday: 10:00 AM - 1:00 AM
Wednesday: 10:00 AM - 1:00 AM
Thursday: 10:00 AM - 1:00 AM
Friday: 10:00 AM - 3:00 AM
Saturday: 10:00 AM - 3:00 AM
Sunday: 11:00 AM - 1:00 AM","2025-08-13T23:00:00Z","1.0","0"
"Café George","3.9","1086","restaurant","https://maps.google.com/?cid=1345922356659363143&g_mp=Cidnb29nbGUubWFwcy5wbGFjZXMudjEuUGxhY2VzLlNlYXJjaFRleHQQABgEIAA","Leidsegracht 84, 1016 CR Amsterdam, Netherlands","52.3659598","4.881675899999999","Monday: 11:00 AM - 1:00 AM
Tuesday: 11:00 AM - 1:00 AM
Wednesday: 11:00 AM - 1:00 AM
Thursday: 11:00 AM - 1:00 AM
Friday: 11:00 AM - 1:00 AM
Saturday: 11:00 AM - 1:00 AM
Sunday: 11:00 AM - 1:00 AM","2025-08-13T23:00:00Z","1.0","0"
"Barney's Coffeeshop Amsterdam THC Cannabis Dispensary","4.6","4783","store","https://maps.google.com/?cid=16644677838783126486&g_mp=Cidnb29nbGUubWFwcy5wbGFjZXMudjEuUGxhY2VzLlNlYXJjaFRleHQQABgEIAA","Haarlemmerstraat 102, 1013 EW Amsterdam, Netherlands","52.3806892","4.8908553","Monday: 9:00 AM - 1:00 AM
Tuesday: 9:00 AM - 1:00 AM
Wednesday: 9:00 AM - 1:00 AM
Thursday: 9:00 AM - 1:00 AM
Friday: 9:00 AM - 1:00 AM
Saturday: 9:00 AM - 1:00 AM
Sunday: 9:00 AM - 1:00 AM","2025-08-13T23:00:00Z","1.0","0"
"Glitch Bakery","4.7","114","bakery","https://maps.google.com/?cid=1982176872173876892&g_mp=Cidnb29nbGUubWFwcy5wbGFjZXMudjEuUGxhY2VzLlNlYXJjaFRleHQQABgEIAA","Tweede Anjeliersdwarsstraat 22D, 1015 NT Amsterdam, Netherlands","52.377492399999994","4.8815548","Monday: 9:00 AM - 4:00 PM
Tuesday: 9:00 AM - 4:00 PM
Wednesday: 9:00 AM - 4:00 PM
Thursday: 9:00 AM - 4:00 PM
Friday: 9:00 AM - 5:00 PM
Saturday: 9:00 AM - 5:00 PM
Sunday: 9:00 AM - 4:00 PM","2025-08-13T14:00:00Z","16.0","1"
"Koffiehuis 'De Hoek'.","4.3","915","cafe","https://maps.google.com/?cid=4327257471598489669&g_mp=Cidnb29nbGUubWFwcy5wbGFjZXMudjEuUGxhY2VzLlNlYXJjaFRleHQQABgEIAA","Prinsengracht 341, 1016 HK Amsterdam, Netherlands","52.3723306","4.8832472","Monday: 8:30 AM - 4:30 PM
Tuesday: 8:30 AM - 4:30 PM
Wednesday: 8:30 AM - 4:30 PM
Thursday: 8:30 AM - 4:30 PM
Friday: 8:30 AM - 4:30 PM
Saturday: 9:00 AM - 5:00 PM
Sunday: 9:00 AM - 5:00 PM","2025-08-13T14:30:00Z","16.0","1"
"Coffeeshop Bronx","4.4","87","store","https://maps.google.com/?cid=12143195995867215452&g_mp=Cidnb29nbGUubWFwcy5wbGFjZXMudjEuUGxhY2VzLlNlYXJjaFRleHQQABgEIAA","Marnixstraat 92, 1015 VZ Amsterdam, Netherlands","52.379128099999996","4.879378399999999","Monday: 10:00 AM - 12:00 AM
Tuesday: 10:00 AM - 12:00 AM
Wednesday: 10:00 AM - 12:00 AM
Thursday: 10:00 AM - 12:00 AM
Friday: 10:00 AM - 12:00 AM
Saturday: 10:00 AM - 12:00 AM
Sunday: 10:00 AM - 12:00 AM","2025-08-13T22:00:00Z","0.0","0"
"Toki","4.5","1148","coffee_shop","https://maps.google.com/?cid=291165814650215684&g_mp=Cidnb29nbGUubWFwcy5wbGFjZXMudjEuUGxhY2VzLlNlYXJjaFRleHQQABgEIAA","Binnen Dommersstraat 15, 1013 HK Amsterdam, Netherlands","52.3829109","4.885517500000001","Monday: 8:00 AM - 5:00 PM
Tuesday: 8:00 AM - 5:00 PM
Wednesday: 8:00 AM - 5:00 PM
Thursday: 8:00 AM - 5:00 PM
Friday: 8:00 AM - 5:00 PM
Saturday: 9:00 AM - 5:00 PM
Sunday: 9:00 AM - 5:00 PM","2025-08-13T15:00:00Z","17.0","1"
"Hummingbird Coffee Amsterdam","4.6","852","coffee_shop","https://maps.google.com/?cid=16912688596054977832&g_mp=Cidnb29nbGUubWFwcy5wbGFjZXMudjEuUGxhY2VzLlNlYXJjaFRleHQQABgEIAA","Spuistraat 217, 1012 RN Amsterdam, Netherlands","52.371586799999996","4.8895102999999995","Monday: 8:30 AM - 5:00 PM
Tuesday: 8:30 AM - 5:00 PM
Wednesday: 8:30 AM - 5:00 PM
Thursday: 8:30 AM - 5:00 PM
Friday: 8:30 AM - 5:00 PM
Saturday: 9:00 AM - 5:30 PM
Sunday: 9:00 AM - 5:30 PM","2025-08-13T15:00:00Z","17.0","1"
"Tazzina","4.4","396","coffee_shop","https://maps.google.com/?cid=15732791459697938837&g_mp=Cidnb29nbGUubWFwcy5wbGFjZXMudjEuUGxhY2VzLlNlYXJjaFRleHQQABgEIAA","Brouwersgracht 139, 1015 GG Amsterdam, Netherlands","52.3815453","4.8860524","Monday: 8:00 AM - 5:30 PM
Tuesday: 8:00 AM - 5:30 PM
Wednesday: 8:00 AM - 5:30 PM
Thursday: 8:00 AM - 5:30 PM
Friday: 8:00 AM - 5:30 PM
Saturday: 9:00 AM - 5:30 PM
Sunday: 9:00 AM - 5:30 PM","2025-08-13T15:30:00Z","17.0","1"
"Wakuli specialty coffee bar","4.5","131","cafe","https://maps.google.com/?cid=17241469667769863488&g_mp=Cidnb29nbGUubWFwcy5wbGFjZXMudjEuUGxhY2VzLlNlYXJjaFRleHQQABgEIAA","Haarlemmerplein 43, 1013 HR Amsterdam, Netherlands","52.384686599999995","4.8824398","Monday: 7:00 AM - 6:00 PM
Tuesday: 7:00 AM - 6:00 PM
Wednesday: 7:00 AM - 6:00 PM
Thursday: 7:00 AM - 6:00 PM
Friday: 7:00 AM - 6:00 PM
Saturday: 8:00 AM - 6:00 PM
Sunday: 8:00 AM - 6:00 PM","2025-08-13T16:00:00Z","18.0","1"
"Café Brakke","4.6","209","cafe","https://maps.google.com/?cid=15519311632671071311&g_mp=Cidnb29nbGUubWFwcy5wbGFjZXMudjEuUGxhY2VzLlNlYXJjaFRleHQQABgEIAA","Rozengracht 16, 1016 NB Amsterdam, Netherlands","52.373901","4.8821319999999995","Monday: 12:00 PM - 1:00 AM
Tuesday: 12:00 PM - 1:00 AM
Wednesday: 12:00 PM - 1:00 AM
Thursday: 12:00 PM - 1:00 AM
Friday: 12:00 PM - 3:00 AM
Saturday: 12:00 PM - 3:00 AM
Sunday: 12:00 PM - 1:00 AM","","","1"
"Margo's Amsterdam","4.8","926","bakery","https://maps.google.com/?cid=17486028924287960656&g_mp=Cidnb29nbGUubWFwcy5wbGFjZXMudjEuUGxhY2VzLlNlYXJjaFRleHQQABgEIAA","Eerste Tuindwarsstraat 2A, 1015 RV Amsterdam, Netherlands","52.3777616","4.8835489999999995","Monday: 9:00 AM - 4:00 PM
Tuesday: 9:00 AM - 4:00 PM
Wednesday: 9:00 AM - 4:00 PM
Thursday: 9:00 AM - 4:00 PM
Friday: 9:00 AM - 4:00 PM
Saturday: 9:00 AM - 5:00 PM
Sunday: 9:00 AM - 5:00 PM","2025-08-13T14:00:00Z","16.0","1"
"Monks Coffee Roasters.","4.7","874","cafe","https://maps.google.com/?cid=5891699866678143707&g_mp=Cidnb29nbGUubWFwcy5wbGFjZXMudjEuUGxhY2VzLlNlYXJjaFRleHQQABgEIAA","Bilderdijkstraat 46H, 1052 NB Amsterdam, Netherlands","52.3712151","4.8702463","Monday: 8:00 AM - 4:00 PM
Tuesday: 8:00 AM - 4:00 PM
Wednesday: 8:00 AM - 4:00 PM
Thursday: 8:00 AM - 4:00 PM
Friday: 8:00 AM - 4:00 PM
Saturday: 9:00 AM - 4:00 PM
Sunday: 9:00 AM - 4:00 PM","2025-08-13T14:00:00Z","16.0","1"
"Caffè il Momento","4.6","873","coffee_shop","https://maps.google.com/?cid=16136560569487544155&g_mp=Cidnb29nbGUubWFwcy5wbGFjZXMudjEuUGxhY2VzLlNlYXJjaFRleHQQABgEIAA","Singel 180, 1015 AJ Amsterdam, Netherlands","52.374684599999995","4.8890461","Monday: 8:00 AM - 6:00 PM
Tuesday: 8:00 AM - 6:00 PM
Wednesday: 8:00 AM - 6:00 PM
Thursday: 8:00 AM - 6:00 PM
Friday: 8:00 AM - 6:00 PM
Saturday: 9:00 AM - 5:00 PM
Sunday: 9:00 AM - 5:00 PM","2025-08-13T16:00:00Z","18.0","1"
"Vlaamsch Broodhuys Elandsgracht Amsterdam","3.8","421","bakery","https://maps.google.com/?cid=2448543871688320212&g_mp=Cidnb29nbGUubWFwcy5wbGFjZXMudjEuUGxhY2VzLlNlYXJjaFRleHQQABgEIAA","Elandsgracht 122 b/g, 1016 VB Amsterdam, Netherlands","52.3692983","4.8790251","Monday: 8:00 AM - 6:00 PM
Tuesday: 8:00 AM - 6:00 PM
Wednesday: 8:00 AM - 6:00 PM
Thursday: 8:00 AM - 6:00 PM
Friday: 8:00 AM - 6:00 PM
Saturday: 8:00 AM - 6:00 PM
Sunday: 9:00 AM - 6:00 PM","2025-08-13T16:00:00Z","18.0","1"
"Back to Black","4.7","564","coffee_shop","https://maps.google.com/?cid=2757951390767131292&g_mp=Cidnb29nbGUubWFwcy5wbGFjZXMudjEuUGxhY2VzLlNlYXJjaFRleHQQABgEIAA","Van Hallstraat 268, 1051 HM Amsterdam, Netherlands","52.379399299999996","4.8714727","Monday: 8:00 AM - 6:00 PM
Tuesday: 8:00 AM - 6:00 PM
Wednesday: 8:00 AM - 6:00 PM
Thursday: 8:00 AM - 6:00 PM
Friday: 8:00 AM - 6:00 PM
Saturday: 9:00 AM - 6:00 PM
Sunday: 9:00 AM - 6:00 PM","2025-08-13T16:00:00Z","18.0","1"
"Coffeeshop Get Down","4.4","1608","store","https://maps.google.com/?cid=14488763558202109286&g_mp=Cidnb29nbGUubWFwcy5wbGFjZXMudjEuUGxhY2VzLlNlYXJjaFRleHQQABgEIAA","Korte Leidsedwarsstraat 77, 1017 PW Amsterdam, Netherlands","52.36401","4.8838","Monday: 9:30 AM - 1:00 AM
Tuesday: 9:30 AM - 1:00 AM
Wednesday: 9:30 AM - 1:00 AM
Thursday: 9:30 AM - 1:00 AM
Friday: 9:30 AM - 1:00 AM
Saturday: 9:30 AM - 1:00 AM
Sunday: 9:30 AM - 1:00 AM","2025-08-13T23:00:00Z","1.0","0"
"Winkel 43","4.5","14072","cafe","https://maps.google.com/?cid=16418887331371252674&g_mp=Cidnb29nbGUubWFwcy5wbGFjZXMudjEuUGxhY2VzLlNlYXJjaFRleHQQABgEIAA","Noordermarkt 43, 1015 NA Amsterdam, Netherlands","52.3790944","4.8862844999999995","Monday: 7:00 AM - 1:00 AM
Tuesday: 8:00 AM - 1:00 AM
Wednesday: 8:00 AM - 1:00 AM
Thursday: 8:00 AM - 1:00 AM
Friday: 8:00 AM - 2:00 AM
Saturday: 7:00 AM - 2:00 AM
Sunday: 9:00 AM - 1:00 AM","2025-08-13T23:00:00Z","1.0","0"
"Salon de Kunst (X ART&APTT.)","5.0","17","cafe","https://maps.google.com/?cid=14123985059906068524&g_mp=Cidnb29nbGUubWFwcy5wbGFjZXMudjEuUGxhY2VzLlNlYXJjaFRleHQQABgEIAA","Eerste Looiersdwarsstraat 28, 1016 VM Amsterdam, Netherlands","52.3686394","4.881185100000001","Monday: Closed
Tuesday: 12:00 - 7:00 PM
Wednesday: 11:00 AM - 6:00 PM
Thursday: 11:00 AM - 6:00 PM
Friday: 11:00 AM - 6:00 PM
Saturday: 11:00 AM - 6:00 PM
Sunday: Closed","2025-08-13T16:00:00Z","18.0","1"
"WesterPerk Coffee & Shop","5.0","174","coffee_shop","https://maps.google.com/?cid=8089785487367323549&g_mp=Cidnb29nbGUubWFwcy5wbGFjZXMudjEuUGxhY2VzLlNlYXJjaFRleHQQABgEIAA","Kostverlorenstraat 11H, 1052 GS Amsterdam, Netherlands","52.3786067","4.8740747","Monday: 7:30 AM - 4:30 PM
Tuesday: 7:30 AM - 4:30 PM
Wednesday: 7:30 AM - 4:30 PM
Thursday: 7:30 AM - 4:30 PM
Friday: 7:30 AM - 4:30 PM
Saturday: 8:00 AM - 4:00 PM
Sunday: 9:00 AM - 4:00 PM","2025-08-13T14:30:00Z","16.0","1"
"Café de Tuin","4.4","740","pub","https://maps.google.com/?cid=3222113916165505208&g_mp=Cidnb29nbGUubWFwcy5wbGFjZXMudjEuUGxhY2VzLlNlYXJjaFRleHQQABgEIAA","Tweede Tuindwarsstraat 13, 1015 RX Amsterdam, Netherlands","52.377139299999996","4.8819751","Monday: 10:00 AM - 1:00 AM
Tuesday: 10:00 AM - 1:00 AM
Wednesday: 10:00 AM - 1:00 AM
Thursday: 10:00 AM - 1:00 AM
Friday: 10:00 AM - 3:00 AM
Saturday: 10:00 AM - 3:00 AM
Sunday: 11:00 AM - 1:00 AM","2025-08-13T23:00:00Z","1.0","0"
"Café George","3.9","1086","restaurant","https://maps.google.com/?cid=1345922356659363143&g_mp=Cidnb29nbGUubWFwcy5wbGFjZXMudjEuUGxhY2VzLlNlYXJjaFRleHQQABgEIAA","Leidsegracht 84, 1016 CR Amsterdam, Netherlands","52.3659598","4.881675899999999","Monday: 11:00 AM - 1:00 AM
Tuesday: 11:00 AM - 1:00 AM
Wednesday: 11:00 AM - 1:00 AM
Thursday: 11:00 AM - 1:00 AM
Friday: 11:00 AM - 1:00 AM
Saturday: 11:00 AM - 1:00 AM
Sunday: 11:00 AM - 1:00 AM","2025-08-13T23:00:00Z","1.0","0"
"Barney's Coffeeshop Amsterdam THC Cannabis Dispensary","4.6","4783","store","https://maps.google.com/?cid=16644677838783126486&g_mp=Cidnb29nbGUubWFwcy5wbGFjZXMudjEuUGxhY2VzLlNlYXJjaFRleHQQABgEIAA","Haarlemmerstraat 102, 1013 EW Amsterdam, Netherlands","52.3806892","4.8908553","Monday: 9:00 AM - 1:00 AM
Tuesday: 9:00 AM - 1:00 AM
Wednesday: 9:00 AM - 1:00 AM
Thursday: 9:00 AM - 1:00 AM
Friday: 9:00 AM - 1:00 AM
Saturday: 9:00 AM - 1:00 AM
Sunday: 9:00 AM - 1:00 AM","2025-08-13T23:00:00Z","1.0","0"
"Glitch Bakery","4.7","114","bakery","https://maps.google.com/?cid=1982176872173876892&g_mp=Cidnb29nbGUubWFwcy5wbGFjZXMudjEuUGxhY2VzLlNlYXJjaFRleHQQABgEIAA","Tweede Anjeliersdwarsstraat 22D, 1015 NT Amsterdam, Netherlands","52.377492399999994","4.8815548","Monday: 9:00 AM - 4:00 PM
Tuesday: 9:00 AM - 4:00 PM
Wednesday: 9:00 AM - 4:00 PM
Thursday: 9:00 AM - 4:00 PM
Friday: 9:00 AM - 5:00 PM
Saturday: 9:00 AM - 5:00 PM
Sunday: 9:00 AM - 4:00 PM","2025-08-13T14:00:00Z","16.0","1"
"Koffiehuis 'De Hoek'.","4.3","915","cafe","https://maps.google.com/?cid=4327257471598489669&g_mp=Cidnb29nbGUubWFwcy5wbGFjZXMudjEuUGxhY2VzLlNlYXJjaFRleHQQABgEIAA","Prinsengracht 341, 1016 HK Amsterdam, Netherlands","52.3723306","4.8832472","Monday: 8:30 AM - 4:30 PM
Tuesday: 8:30 AM - 4:30 PM
Wednesday: 8:30 AM - 4:30 PM
Thursday: 8:30 AM - 4:30 PM
Friday: 8:30 AM - 4:30 PM
Saturday: 9:00 AM - 5:00 PM
Sunday: 9:00 AM - 5:00 PM","2025-08-13T14:30:00Z","16.0","1"
"Coffeeshop Bronx","4.4","87","store","https://maps.google.com/?cid=12143195995867215452&g_mp=Cidnb29nbGUubWFwcy5wbGFjZXMudjEuUGxhY2VzLlNlYXJjaFRleHQQABgEIAA","Marnixstraat 92, 1015 VZ Amsterdam, Netherlands","52.379128099999996","4.879378399999999","Monday: 10:00 AM - 12:00 AM
Tuesday: 10:00 AM - 12:00 AM
Wednesday: 10:00 AM - 12:00 AM
Thursday: 10:00 AM - 12:00 AM
Friday: 10:00 AM - 12:00 AM
Saturday: 10:00 AM - 12:00 AM
Sunday: 10:00 AM - 12:00 AM","2025-08-13T22:00:00Z","0.0","0"
"Toki","4.5","1148","coffee_shop","https://maps.google.com/?cid=291165814650215684&g_mp=Cidnb29nbGUubWFwcy5wbGFjZXMudjEuUGxhY2VzLlNlYXJjaFRleHQQABgEIAA","Binnen Dommersstraat 15, 1013 HK Amsterdam, Netherlands","52.3829109","4.885517500000001","Monday: 8:00 AM - 5:00 PM
Tuesday: 8:00 AM - 5:00 PM
Wednesday: 8:00 AM - 5:00 PM
Thursday: 8:00 AM - 5:00 PM
Friday: 8:00 AM - 5:00 PM
Saturday: 9:00 AM - 5:00 PM
Sunday: 9:00 AM - 5:00 PM","2025-08-13T15:00:00Z","17.0","1"
"Hummingbird Coffee Amsterdam","4.6","852","coffee_shop","https://maps.google.com/?cid=16912688596054977832&g_mp=Cidnb29nbGUubWFwcy5wbGFjZXMudjEuUGxhY2VzLlNlYXJjaFRleHQQABgEIAA","Spuistraat 217, 1012 RN Amsterdam, Netherlands","52.371586799999996","4.8895102999999995","Monday: 8:30 AM - 5:00 PM
Tuesday: 8:30 AM - 5:00 PM
Wednesday: 8:30 AM - 5:00 PM
Thursday: 8:30 AM - 5:00 PM
Friday: 8:30 AM - 5:00 PM
Saturday: 9:00 AM - 5:30 PM
Sunday: 9:00 AM - 5:30 PM","2025-08-13T15:00:00Z","17.0","1"
"Tazzina","4.4","396","coffee_shop","https://maps.google.com/?cid=15732791459697938837&g_mp=Cidnb29nbGUubWFwcy5wbGFjZXMudjEuUGxhY2VzLlNlYXJjaFRleHQQABgEIAA","Brouwersgracht 139, 1015 GG Amsterdam, Netherlands","52.3815453","4.8860524","Monday: 8:00 AM - 5:30 PM
Tuesday: 8:00 AM - 5:30 PM
Wednesday: 8:00 AM - 5:30 PM
Thursday: 8:00 AM - 5:30 PM
Friday: 8:00 AM - 5:30 PM
Saturday: 9:00 AM - 5:30 PM
Sunday: 9:00 AM - 5:30 PM","2025-08-13T15:30:00Z","17.0","1"
"Wakuli specialty coffee bar","4.5","131","cafe","https://maps.google.com/?cid=17241469667769863488&g_mp=Cidnb29nbGUubWFwcy5wbGFjZXMudjEuUGxhY2VzLlNlYXJjaFRleHQQABgEIAA","Haarlemmerplein 43, 1013 HR Amsterdam, Netherlands","52.384686599999995","4.8824398","Monday: 7:00 AM - 6:00 PM
Tuesday: 7:00 AM - 6:00 PM
Wednesday: 7:00 AM - 6:00 PM
Thursday: 7:00 AM - 6:00 PM
Friday: 7:00 AM - 6:00 PM
Saturday: 8:00 AM - 6:00 PM
Sunday: 8:00 AM - 6:00 PM","2025-08-13T16:00:00Z","18.0","1"
"Café Brakke","4.6","209","cafe","https://maps.google.com/?cid=15519311632671071311&g_mp=Cidnb29nbGUubWFwcy5wbGFjZXMudjEuUGxhY2VzLlNlYXJjaFRleHQQABgEIAA","Rozengracht 16, 1016 NB Amsterdam, Netherlands","52.373901","4.8821319999999995","Monday: 12:00 PM - 1:00 AM
Tuesday: 12:00 PM - 1:00 AM
Wednesday: 12:00 PM - 1:00 AM
Thursday: 12:00 PM - 1:00 AM
Friday: 12:00 PM - 3:00 AM
Saturday: 12:00 PM - 3:00 AM
Sunday: 12:00 PM - 1:00 AM","","","1"
"Margo's Amsterdam","4.8","926","bakery","https://maps.google.com/?cid=17486028924287960656&g_mp=Cidnb29nbGUubWFwcy5wbGFjZXMudjEuUGxhY2VzLlNlYXJjaFRleHQQABgEIAA","Eerste Tuindwarsstraat 2A, 1015 RV Amsterdam, Netherlands","52.3777616","4.8835489999999995","Monday: 9:00 AM - 4:00 PM
Tuesday: 9:00 AM - 4:00 PM
Wednesday: 9:00 AM - 4:00 PM
Thursday: 9:00 AM - 4:00 PM
Friday: 9:00 AM - 4:00 PM
Saturday: 9:00 AM - 5:00 PM
Sunday: 9:00 AM - 5:00 PM","2025-08-13T14:00:00Z","16.0","1"
"Monks Coffee Roasters.","4.7","874","cafe","https://maps.google.com/?cid=5891699866678143707&g_mp=Cidnb29nbGUubWFwcy5wbGFjZXMudjEuUGxhY2VzLlNlYXJjaFRleHQQABgEIAA","Bilderdijkstraat 46H, 1052 NB Amsterdam, Netherlands","52.3712151","4.8702463","Monday: 8:00 AM - 4:00 PM
Tuesday: 8:00 AM - 4:00 PM
Wednesday: 8:00 AM - 4:00 PM
Thursday: 8:00 AM - 4:00 PM
Friday: 8:00 AM - 4:00 PM
Saturday: 9:00 AM - 4:00 PM
Sunday: 9:00 AM - 4:00 PM","2025-08-13T14:00:00Z","16.0","1"
"Caffè il Momento","4.6","873","coffee_shop","https://maps.google.com/?cid=16136560569487544155&g_mp=Cidnb29nbGUubWFwcy5wbGFjZXMudjEuUGxhY2VzLlNlYXJjaFRleHQQABgEIAA","Singel 180, 1015 AJ Amsterdam, Netherlands","52.374684599999995","4.8890461","Monday: 8:00 AM - 6:00 PM
Tuesday: 8:00 AM - 6:00 PM
Wednesday: 8:00 AM - 6:00 PM
Thursday: 8:00 AM - 6:00 PM
Friday: 8:00 AM - 6:00 PM
Saturday: 9:00 AM - 5:00 PM
Sunday: 9:00 AM - 5:00 PM","2025-08-13T16:00:00Z","18.0","1"
"Vlaamsch Broodhuys Elandsgracht Amsterdam","3.8","421","bakery","https://maps.google.com/?cid=2448543871688320212&g_mp=Cidnb29nbGUubWFwcy5wbGFjZXMudjEuUGxhY2VzLlNlYXJjaFRleHQQABgEIAA","Elandsgracht 122 b/g, 1016 VB Amsterdam, Netherlands","52.3692983","4.8790251","Monday: 8:00 AM - 6:00 PM
Tuesday: 8:00 AM - 6:00 PM
Wednesday: 8:00 AM - 6:00 PM
Thursday: 8:00 AM - 6:00 PM
Friday: 8:00 AM - 6:00 PM
Saturday: 8:00 AM - 6:00 PM
Sunday: 9:00 AM - 6:00 PM","2025-08-13T16:00:00Z","18.0","1"
"Back to Black","4.7","564","coffee_shop","https://maps.google.com/?cid=2757951390767131292&g_mp=Cidnb29nbGUubWFwcy5wbGFjZXMudjEuUGxhY2VzLlNlYXJjaFRleHQQABgEIAA","Van Hallstraat 268, 1051 HM Amsterdam, Netherlands","52.379399299999996","4.8714727","Monday: 8:00 AM - 6:00 PM
Tuesday: 8:00 AM - 6:00 PM
Wednesday: 8:00 AM - 6:00 PM
Thursday: 8:00 AM - 6:00 PM
Friday: 8:00 AM - 6:00 PM
Saturday: 9:00 AM - 6:00 PM
Sunday: 9:00 AM - 6:00 PM","2025-08-13T16:00:00Z","18.0","1"
"Coffeeshop Get Down","4.4","1608","store","https://maps.google.com/?cid=14488763558202109286&g_mp=Cidnb29nbGUubWFwcy5wbGFjZXMudjEuUGxhY2VzLlNlYXJjaFRleHQQABgEIAA","Korte Leidsedwarsstraat 77, 1017 PW Amsterdam, Netherlands","52.36401","4.8838","Monday: 9:30 AM - 1:00 AM
Tuesday: 9:30 AM - 1:00 AM
Wednesday: 9:30 AM - 1:00 AM
Thursday: 9:30 AM - 1:00 AM
Friday: 9:30 AM - 1:00 AM
Saturday: 9:30 AM - 1:00 AM
Sunday: 9:30 AM - 1:00 AM","2025-08-13T23:00:00Z","1.0","0"
"Winkel 43","4.5","14072","cafe","https://maps.google.com/?cid=16418887331371252674&g_mp=Cidnb29nbGUubWFwcy5wbGFjZXMudjEuUGxhY2VzLlNlYXJjaFRleHQQABgEIAA","Noordermarkt 43, 1015 NA Amsterdam, Netherlands","52.3790944","4.8862844999999995","Monday: 7:00 AM - 1:00 AM
Tuesday: 8:00 AM - 1:00 AM
Wednesday: 8:00 AM - 1:00 AM
Thursday: 8:00 AM - 1:00 AM
Friday: 8:00 AM - 2:00 AM
Saturday: 7:00 AM - 2:00 AM
Sunday: 9:00 AM - 1:00 AM","2025-08-13T23:00:00Z","1.0","0"
"Salon de Kunst (X ART&APTT.)","5.0","17","cafe","https://maps.google.com/?cid=14123985059906068524&g_mp=Cidnb29nbGUubWFwcy5wbGFjZXMudjEuUGxhY2VzLlNlYXJjaFRleHQQABgEIAA","Eerste Looiersdwarsstraat 28, 1016 VM Amsterdam, Netherlands","52.3686394","4.881185100000001","Monday: Closed
Tuesday: 12:00 - 7:00 PM
Wednesday: 11:00 AM - 6:00 PM
Thursday: 11:00 AM - 6:00 PM
Friday: 11:00 AM - 6:00 PM
Saturday: 11:00 AM - 6:00 PM
Sunday: Closed","2025-08-13T16:00:00Z","18.0","1"
"WesterPerk Coffee & Shop","5.0","174","coffee_shop","https://maps.google.com/?cid=8089785487367323549&g_mp=Cidnb29nbGUubWFwcy5wbGFjZXMudjEuUGxhY2VzLlNlYXJjaFRleHQQABgEIAA","Kostverlorenstraat 11H, 1052 GS Amsterdam, Netherlands","52.3786067","4.8740747","Monday: 7:30 AM - 4:30 PM
Tuesday: 7:30 AM - 4:30 PM
Wednesday: 7:30 AM - 4:30 PM
Thursday: 7:30 AM - 4:30 PM
Friday: 7:30 AM - 4:30 PM
Saturday: 8:00 AM - 4:00 PM
Sunday: 9:00 AM - 4:00 PM","2025-08-13T14:30:00Z","16.0","1"
"Café de Tuin","4.4","740","pub","https://maps.google.com/?cid=3222113916165505208&g_mp=Cidnb29nbGUubWFwcy5wbGFjZXMudjEuUGxhY2VzLlNlYXJjaFRleHQQABgEIAA","Tweede Tuindwarsstraat 13, 1015 RX Amsterdam, Netherlands","52.377139299999996","4.8819751","Monday: 10:00 AM - 1:00 AM
Tuesday: 10:00 AM - 1:00 AM
Wednesday: 10:00 AM - 1:00 AM
Thursday: 10:00 AM - 1:00 AM
Friday: 10:00 AM - 3:00 AM
Saturday: 10:00 AM - 3:00 AM
Sunday: 11:00 AM - 1:00 AM","2025-08-13T23:00:00Z","1.0","0"
"Café George","3.9","1086","restaurant","https://maps.google.com/?cid=1345922356659363143&g_mp=Cidnb29nbGUubWFwcy5wbGFjZXMudjEuUGxhY2VzLlNlYXJjaFRleHQQABgEIAA","Leidsegracht 84, 1016 CR Amsterdam, Netherlands","52.3659598","4.881675899999999","Monday: 11:00 AM - 1:00 AM
Tuesday: 11:00 AM - 1:00 AM
Wednesday: 11:00 AM - 1:00 AM
Thursday: 11:00 AM - 1:00 AM
Friday: 11:00 AM - 1:00 AM
Saturday: 11:00 AM - 1:00 AM
Sunday: 11:00 AM - 1:00 AM","2025-08-13T23:00:00Z","1.0","0"
"Barney's Coffeeshop Amsterdam THC Cannabis Dispensary","4.6","4783","store","https://maps.google.com/?cid=16644677838783126486&g_mp=Cidnb29nbGUubWFwcy5wbGFjZXMudjEuUGxhY2VzLlNlYXJjaFRleHQQABgEIAA","Haarlemmerstraat 102, 1013 EW Amsterdam, Netherlands","52.3806892","4.8908553","Monday: 9:00 AM - 1:00 AM
Tuesday: 9:00 AM - 1:00 AM
Wednesday: 9:00 AM - 1:00 AM
Thursday: 9:00 AM - 1:00 AM
Friday: 9:00 AM - 1:00 AM
Saturday: 9:00 AM - 1:00 AM
Sunday: 9:00 AM - 1:00 AM","2025-08-13T23:00:00Z","1.0","0"
"Glitch Bakery","4.7","114","bakery","https://maps.google.com/?cid=1982176872173876892&g_mp=Cidnb29nbGUubWFwcy5wbGFjZXMudjEuUGxhY2VzLlNlYXJjaFRleHQQABgEIAA","Tweede Anjeliersdwarsstraat 22D, 1015 NT Amsterdam, Netherlands","52.377492399999994","4.8815548","Monday: 9:00 AM - 4:00 PM
Tuesday: 9:00 AM - 4:00 PM
Wednesday: 9:00 AM - 4:00 PM
Thursday: 9:00 AM - 4:00 PM
Friday: 9:00 AM - 5:00 PM
Saturday: 9:00 AM - 5:00 PM
Sunday: 9:00 AM - 4:00 PM","2025-08-13T14:00:00Z","16.0","1"
"Koffiehuis 'De Hoek'.","4.3","915","cafe","https://maps.google.com/?cid=4327257471598489669&g_mp=Cidnb29nbGUubWFwcy5wbGFjZXMudjEuUGxhY2VzLlNlYXJjaFRleHQQABgEIAA","Prinsengracht 341, 1016 HK Amsterdam, Netherlands","52.3723306","4.8832472","Monday: 8:30 AM - 4:30 PM
Tuesday: 8:30 AM - 4:30 PM
Wednesday: 8:30 AM - 4:30 PM
Thursday: 8:30 AM - 4:30 PM
Friday: 8:30 AM - 4:30 PM
Saturday: 9:00 AM - 5:00 PM
Sunday: 9:00 AM - 5:00 PM","2025-08-13T14:30:00Z","16.0","1"
"Coffeeshop Bronx","4.4","87","store","https://maps.google.com/?cid=12143195995867215452&g_mp=Cidnb29nbGUubWFwcy5wbGFjZXMudjEuUGxhY2VzLlNlYXJjaFRleHQQABgEIAA","Marnixstraat 92, 1015 VZ Amsterdam, Netherlands","52.379128099999996","4.879378399999999","Monday: 10:00 AM - 12:00 AM
Tuesday: 10:00 AM - 12:00 AM
Wednesday: 10:00 AM - 12:00 AM
Thursday: 10:00 AM - 12:00 AM
Friday: 10:00 AM - 12:00 AM
Saturday: 10:00 AM - 12:00 AM
Sunday: 10:00 AM - 12:00 AM","2025-08-13T22:00:00Z","0.0","0"
"Toki","4.5","1148","coffee_shop","https://maps.google.com/?cid=291165814650215684&g_mp=Cidnb29nbGUubWFwcy5wbGFjZXMudjEuUGxhY2VzLlNlYXJjaFRleHQQABgEIAA","Binnen Dommersstraat 15, 1013 HK Amsterdam, Netherlands","52.3829109","4.885517500000001","Monday: 8:00 AM - 5:00 PM
Tuesday: 8:00 AM - 5:00 PM
Wednesday: 8:00 AM - 5:00 PM
Thursday: 8:00 AM - 5:00 PM
Friday: 8:00 AM - 5:00 PM
Saturday: 9:00 AM - 5:00 PM
Sunday: 9:00 AM - 5:00 PM","2025-08-13T15:00:00Z","17.0","1"
"Hummingbird Coffee Amsterdam","4.6","852","coffee_shop","https://maps.google.com/?cid=16912688596054977832&g_mp=Cidnb29nbGUubWFwcy5wbGFjZXMudjEuUGxhY2VzLlNlYXJjaFRleHQQABgEIAA","Spuistraat 217, 1012 RN Amsterdam, Netherlands","52.371586799999996","4.8895102999999995","Monday: 8:30 AM - 5:00 PM
Tuesday: 8:30 AM - 5:00 PM
Wednesday: 8:30 AM - 5:00 PM
Thursday: 8:30 AM - 5:00 PM
Friday: 8:30 AM - 5:00 PM
Saturday: 9:00 AM - 5:30 PM
Sunday: 9:00 AM - 5:30 PM","2025-08-13T15:00:00Z","17.0","1"
"Tazzina","4.4","396","coffee_shop","https://maps.google.com/?cid=15732791459697938837&g_mp=Cidnb29nbGUubWFwcy5wbGFjZXMudjEuUGxhY2VzLlNlYXJjaFRleHQQABgEIAA","Brouwersgracht 139, 1015 GG Amsterdam, Netherlands","52.3815453","4.8860524","Monday: 8:00 AM - 5:30 PM
Tuesday: 8:00 AM - 5:30 PM
Wednesday: 8:00 AM - 5:30 PM
Thursday: 8:00 AM - 5:30 PM
Friday: 8:00 AM - 5:30 PM
Saturday: 9:00 AM - 5:30 PM
Sunday: 9:00 AM - 5:30 PM","2025-08-13T15:30:00Z","17.0","1"
"Wakuli specialty coffee bar","4.5","131","cafe","https://maps.google.com/?cid=17241469667769863488&g_mp=Cidnb29nbGUubWFwcy5wbGFjZXMudjEuUGxhY2VzLlNlYXJjaFRleHQQABgEIAA","Haarlemmerplein 43, 1013 HR Amsterdam, Netherlands","52.384686599999995","4.8824398","Monday: 7:00 AM - 6:00 PM
Tuesday: 7:00 AM - 6:00 PM
Wednesday: 7:00 AM - 6:00 PM
Thursday: 7:00 AM - 6:00 PM
Friday: 7:00 AM - 6:00 PM
Saturday: 8:00 AM - 6:00 PM
Sunday: 8:00 AM - 6:00 PM","2025-08-13T16:00:00Z","18.0","1"
"Café Brakke","4.6","209","cafe","https://maps.google.com/?cid=15519311632671071311&g_mp=Cidnb29nbGUubWFwcy5wbGFjZXMudjEuUGxhY2VzLlNlYXJjaFRleHQQABgEIAA","Rozengracht 16, 1016 NB Amsterdam, Netherlands","52.373901","4.8821319999999995","Monday: 12:00 PM - 1:00 AM
Tuesday: 12:00 PM - 1:00 AM
Wednesday: 12:00 PM - 1:00 AM
Thursday: 12:00 PM - 1:00 AM
Friday: 12:00 PM - 3:00 AM
Saturday: 12:00 PM - 3:00 AM
Sunday: 12:00 PM - 1:00 AM","","","1"
"Margo's Amsterdam","4.8","926","bakery","https://maps.google.com/?cid=17486028924287960656&g_mp=Cidnb29nbGUubWFwcy5wbGFjZXMudjEuUGxhY2VzLlNlYXJjaFRleHQQABgEIAA","Eerste Tuindwarsstraat 2A, 1015 RV Amsterdam, Netherlands","52.3777616","4.8835489999999995","Monday: 9:00 AM - 4:00 PM
Tuesday: 9:00 AM - 4:00 PM
Wednesday: 9:00 AM - 4:00 PM
Thursday: 9:00 AM - 4:00 PM
Friday: 9:00 AM - 4:00 PM
Saturday: 9:00 AM - 5:00 PM
Sunday: 9:00 AM - 5:00 PM","2025-08-13T14:00:00Z","16.0","1"
"Monks Coffee Roasters.","4.7","874","cafe","https://maps.google.com/?cid=5891699866678143707&g_mp=Cidnb29nbGUubWFwcy5wbGFjZXMudjEuUGxhY2VzLlNlYXJjaFRleHQQABgEIAA","Bilderdijkstraat 46H, 1052 NB Amsterdam, Netherlands","52.3712151","4.8702463","Monday: 8:00 AM - 4:00 PM
Tuesday: 8:00 AM - 4:00 PM
Wednesday: 8:00 AM - 4:00 PM
Thursday: 8:00 AM - 4:00 PM
Friday: 8:00 AM - 4:00 PM
Saturday: 9:00 AM - 4:00 PM
Sunday: 9:00 AM - 4:00 PM","2025-08-13T14:00:00Z","16.0","1"
"Caffè il Momento","4.6","873","coffee_shop","https://maps.google.com/?cid=16136560569487544155&g_mp=Cidnb29nbGUubWFwcy5wbGFjZXMudjEuUGxhY2VzLlNlYXJjaFRleHQQABgEIAA","Singel 180, 1015 AJ Amsterdam, Netherlands","52.374684599999995","4.8890461","Monday: 8:00 AM - 6:00 PM
Tuesday: 8:00 AM - 6:00 PM
Wednesday: 8:00 AM - 6:00 PM
Thursday: 8:00 AM - 6:00 PM
Friday: 8:00 AM - 6:00 PM
Saturday: 9:00 AM - 5:00 PM
Sunday: 9:00 AM - 5:00 PM","2025-08-13T16:00:00Z","18.0","1"
"Vlaamsch Broodhuys Elandsgracht Amsterdam","3.8","421","bakery","https://maps.google.com/?cid=2448543871688320212&g_mp=Cidnb29nbGUubWFwcy5wbGFjZXMudjEuUGxhY2VzLlNlYXJjaFRleHQQABgEIAA","Elandsgracht 122 b/g, 1016 VB Amsterdam, Netherlands","52.3692983","4.8790251","Monday: 8:00 AM - 6:00 PM
Tuesday: 8:00 AM - 6:00 PM
Wednesday: 8:00 AM - 6:00 PM
Thursday: 8:00 AM - 6:00 PM
Friday: 8:00 AM - 6:00 PM
Saturday: 8:00 AM - 6:00 PM
Sunday: 9:00 AM - 6:00 PM","2025-08-13T16:00:00Z","18.0","1"
"Back to Black","4.7","564","coffee_shop","https://maps.google.com/?cid=2757951390767131292&g_mp=Cidnb29nbGUubWFwcy5wbGFjZXMudjEuUGxhY2VzLlNlYXJjaFRleHQQABgEIAA","Van Hallstraat 268, 1051 HM Amsterdam, Netherlands","52.379399299999996","4.8714727","Monday: 8:00 AM - 6:00 PM
Tuesday: 8:00 AM - 6:00 PM
Wednesday: 8:00 AM - 6:00 PM
Thursday: 8:00 AM - 6:00 PM
Friday: 8:00 AM - 6:00 PM
Saturday: 9:00 AM - 6:00 PM
Sunday: 9:00 AM - 6:00 PM","2025-08-13T16:00:00Z","18.0","1"
"Coffeeshop Get Down","4.4","1608","store","https://maps.google.com/?cid=14488763558202109286&g_mp=Cidnb29nbGUubWFwcy5wbGFjZXMudjEuUGxhY2VzLlNlYXJjaFRleHQQABgEIAA","Korte Leidsedwarsstraat 77, 1017 PW Amsterdam, Netherlands","52.36401","4.8838","Monday: 9:30 AM - 1:00 AM
Tuesday: 9:30 AM - 1:00 AM
Wednesday: 9:30 AM - 1:00 AM
Thursday: 9:30 AM - 1:00 AM
Friday: 9:30 AM - 1:00 AM
Saturday: 9:30 AM - 1:00 AM
Sunday: 9:30 AM - 1:00 AM","2025-08-13T23:00:00Z","1.0","0"
"Elevate Coffee Lab","4.9","211","coffee_shop","https://maps.google.com/?cid=7460890059459287704&g_mp=Cidnb29nbGUubWFwcy5wbGFjZXMudjEuUGxhY2VzLlNlYXJjaFRleHQQABgEIAA","Van der Helstplein 10H, 1072 PH Amsterdam, Netherlands","52.351573200000004","4.8945191999999995","Monday: Closed
Tuesday: 8:00 AM - 5:00 PM
Wednesday: 8:00 AM - 5:00 PM
Thursday: 8:00 AM - 5:00 PM
Friday: 8:00 AM - 5:00 PM
Saturday: 8:30 AM - 5:00 PM
Sunday: 8:30 AM - 5:00 PM","2025-08-13T15:00:00Z","17.0","1"
"Coffee Bru","4.8","237","coffee_shop","https://maps.google.com/?cid=1331387362694749509&g_mp=Cidnb29nbGUubWFwcy5wbGFjZXMudjEuUGxhY2VzLlNlYXJjaFRleHQQABgEIAA","Van Woustraat 113, 1074 AH Amsterdam, Netherlands","52.3538168","4.902360799999999","Monday: 8:00 AM - 4:00 PM
Tuesday: 8:00 AM - 4:00 PM
Wednesday: 8:00 AM - 4:00 PM
Thursday: 8:00 AM - 4:00 PM
Friday: 8:00 AM - 4:00 PM
Saturday: 9:00 AM - 5:00 PM
Sunday: 9:00 AM - 5:00 PM","2025-08-13T14:00:00Z","16.0","1"
"LOCALS SPECIALTY COFFEE TO GO","4.4","269","cafe","https://maps.google.com/?cid=539555943290799912&g_mp=Cidnb29nbGUubWFwcy5wbGFjZXMudjEuUGxhY2VzLlNlYXJjaFRleHQQABgEIAA","Ferdinand Bolstraat 21-B, 1072 LB Amsterdam, Netherlands","52.3561044","4.890694","Monday: 8:00 AM - 4:00 PM
Tuesday: 8:00 AM - 4:00 PM
Wednesday: 8:00 AM - 4:00 PM
Thursday: 8:00 AM - 4:00 PM
Friday: 8:00 AM - 4:00 PM
Saturday: 8:00 AM - 5:00 PM
Sunday: 8:00 AM - 5:00 PM","2025-08-13T14:00:00Z","16.0","1"
"Bakers & Roasters","4.6","4504","brunch_restaurant","https://maps.google.com/?cid=5827353309701980066&g_mp=Cidnb29nbGUubWFwcy5wbGFjZXMudjEuUGxhY2VzLlNlYXJjaFRleHQQABgEIAA","Eerste Jacob van Campenstraat 54, 1072 BH Amsterdam, Netherlands","52.357288999999994","4.8898554","Monday: 8:30 AM - 3:00 PM
Tuesday: 8:30 AM - 3:00 PM
Wednesday: 8:30 AM - 3:00 PM
Thursday: 8:30 AM - 3:00 PM
Friday: 8:30 AM - 3:00 PM
Saturday: 8:30 AM - 4:00 PM
Sunday: 8:30 AM - 4:00 PM","2025-08-13T13:00:00Z","15.0","1"
"Reload Coffee","4.9","106","coffee_shop","https://maps.google.com/?cid=13468790018180717869&g_mp=Cidnb29nbGUubWFwcy5wbGFjZXMudjEuUGxhY2VzLlNlYXJjaFRleHQQABgEIAA","Saenredamstraat 26h, 1072 CH Amsterdam, Netherlands","52.3556369","4.8887303","Monday: Closed
Tuesday: Closed
Wednesday: 8:30 AM - 4:30 PM
Thursday: 8:30 AM - 4:30 PM
Friday: 8:30 AM - 4:30 PM
Saturday: 8:30 AM - 4:30 PM
Sunday: 10:30 AM - 4:30 PM","2025-08-13T14:30:00Z","16.0","1"
"Sol coffee bar","5.0","32","coffee_shop","https://maps.google.com/?cid=10554578787134788814&g_mp=Cidnb29nbGUubWFwcy5wbGFjZXMudjEuUGxhY2VzLlNlYXJjaFRleHQQABgEIAA","Tweede Sweelinckstraat 6, 1073 EH Amsterdam, Netherlands","52.3537798","4.8992785","","","","1"
"Craft Coffee & Pastry Amsterdam","4.9","671","bakery","https://maps.google.com/?cid=12541768513388343419&g_mp=Cidnb29nbGUubWFwcy5wbGFjZXMudjEuUGxhY2VzLlNlYXJjaFRleHQQABgEIAA","Gerard Doustraat 103A, 1073 VS Amsterdam, Netherlands","52.356151999999994","4.8934824","Monday: Closed
Tuesday: Closed
Wednesday: 10:00 AM - 4:00 PM
Thursday: 10:00 AM - 4:00 PM
Friday: 10:00 AM - 4:00 PM
Saturday: 10:00 AM - 4:00 PM
Sunday: Closed","2025-08-13T14:00:00Z","16.0","1"
"Harmani Coffee & Brunch","4.9","1121","brunch_restaurant","https://maps.google.com/?cid=6753222608643629201&g_mp=Cidnb29nbGUubWFwcy5wbGFjZXMudjEuUGxhY2VzLlNlYXJjaFRleHQQABgEIAA","Frans Halsstraat 89, 1072 BP Amsterdam, Netherlands","52.354886799999996","4.888565","Monday: 8:30 AM - 4:30 PM
Tuesday: 8:30 AM - 4:30 PM
Wednesday: 8:30 AM - 4:30 PM
Thursday: 8:30 AM - 4:30 PM
Friday: 8:30 AM - 4:30 PM
Saturday: 9:00 AM - 5:00 PM
Sunday: 9:00 AM - 5:00 PM","2025-08-13T14:30:00Z","16.0","1"
"Noosh.","4.7","237","coffee_shop","https://maps.google.com/?cid=14932707205690967132&g_mp=Cidnb29nbGUubWFwcy5wbGFjZXMudjEuUGxhY2VzLlNlYXJjaFRleHQQABgEIAA","Eerste van der Helststraat 35, 1073 AC Amsterdam, Netherlands","52.3556295","4.8931947","Monday: 9:00 AM - 6:00 PM
Tuesday: 9:00 AM - 6:00 PM
Wednesday: 9:00 AM - 6:00 PM
Thursday: 9:00 AM - 6:00 PM
Friday: 9:00 AM - 6:00 PM
Saturday: 9:00 AM - 6:00 PM
Sunday: 10:00 AM - 6:00 PM","2025-08-13T16:00:00Z","18.0","1"
"Badeta Coffee Van Wou/ Albert Cuyp","4.8","110","coffee_shop","https://maps.google.com/?cid=15828564107909117079&g_mp=Cidnb29nbGUubWFwcy5wbGFjZXMudjEuUGxhY2VzLlNlYXJjaFRleHQQABgEIAA","Van Woustraat 14, 1073 LL Amsterdam, Netherlands","52.3569733","4.8994519","Monday: 7:30 AM - 5:00 PM
Tuesday: 7:30 AM - 5:00 PM
Wednesday: 7:30 AM - 5:00 PM
Thursday: 7:30 AM - 5:00 PM
Friday: 7:30 AM - 5:00 PM
Saturday: 8:00 AM - 5:00 PM
Sunday: 8:00 AM - 5:00 PM","2025-08-13T15:00:00Z","17.0","1"
"LOCALS","4.3","2079","coffee_shop","https://maps.google.com/?cid=14176431437259553053&g_mp=Cidnb29nbGUubWFwcy5wbGFjZXMudjEuUGxhY2VzLlNlYXJjaFRleHQQABgEIAA","Eerste Jacob van Campenstraat 27-H, 1072 BC Amsterdam, Netherlands","52.357547399999994","4.8891126","Monday: 8:00 AM - 4:00 PM
Tuesday: 8:00 AM - 4:00 PM
Wednesday: 8:00 AM - 4:00 PM
Thursday: 8:00 AM - 4:00 PM
Friday: 8:00 AM - 6:00 PM
Saturday: 8:00 AM - 6:00 PM
Sunday: 8:00 AM - 6:00 PM","2025-08-13T14:00:00Z","16.0","1"
"Café Baskèts","4.4","115","coffee_shop","https://maps.google.com/?cid=10553143834102943852&g_mp=Cidnb29nbGUubWFwcy5wbGFjZXMudjEuUGxhY2VzLlNlYXJjaFRleHQQABgEIAA","Eerste van der Helststraat 15A, 1073 AB Amsterdam, Netherlands","52.3565085","4.8927591999999995","Monday: 8:00 AM - 5:00 PM
Tuesday: 8:00 AM - 5:00 PM
Wednesday: 8:00 AM - 5:00 PM
Thursday: 8:00 AM - 5:00 PM
Friday: 8:00 AM - 5:00 PM
Saturday: 9:00 AM - 5:00 PM
Sunday: 9:00 AM - 5:00 PM","2025-08-13T15:00:00Z","17.0","1"
"Katsu Coffeeshop","4.6","4106","store","https://maps.google.com/?cid=8245549602407718151&g_mp=Cidnb29nbGUubWFwcy5wbGFjZXMudjEuUGxhY2VzLlNlYXJjaFRleHQQABgEIAA","Eerste van der Helststraat 70, 1072 NZ Amsterdam, Netherlands","52.354797399999995","4.89325","Monday: 10:00 AM - 12:00 AM
Tuesday: 10:00 AM - 12:00 AM
Wednesday: 10:00 AM - 12:00 AM
Thursday: 10:00 AM - 12:00 AM
Friday: 10:00 AM - 1:00 AM
Saturday: 10:00 AM - 1:00 AM
Sunday: 11:00 AM - 12:00 AM","2025-08-13T22:00:00Z","0.0","0"
"Coffeeshop IBIZA","4.3","2426","store","https://maps.google.com/?cid=325745987530761291&g_mp=Cidnb29nbGUubWFwcy5wbGFjZXMudjEuUGxhY2VzLlNlYXJjaFRleHQQABgEIAA","Hemonystraat 16, 1074 BP Amsterdam, Netherlands","52.357444799999996","4.9020715","Monday: 10:00 AM - 1:00 AM
Tuesday: 10:00 AM - 1:00 AM
Wednesday: 10:00 AM - 1:00 AM
Thursday: 10:00 AM - 1:00 AM
Friday: 10:00 AM - 1:00 AM
Saturday: 10:00 AM - 1:00 AM
Sunday: 10:00 AM - 1:00 AM","2025-08-13T23:00:00Z","1.0","0"
"Liev Coffee & Pastry","4.6","335","coffee_shop","https://maps.google.com/?cid=2322347332592894385&g_mp=Cidnb29nbGUubWFwcy5wbGFjZXMudjEuUGxhY2VzLlNlYXJjaFRleHQQABgEIAA","Dusartstraat 22, 1072 HS Amsterdam, Netherlands","52.352177","4.889130199999999","Monday: 7:30 AM - 5:00 PM
Tuesday: 7:30 AM - 5:00 PM
Wednesday: 7:30 AM - 5:00 PM
Thursday: 7:30 AM - 5:00 PM
Friday: 7:30 AM - 5:00 PM
Saturday: 8:30 AM - 6:00 PM
Sunday: 8:30 AM - 6:00 PM","2025-08-13T15:00:00Z","17.0","1"
"FLOW BRUNCH","4.8","227","restaurant","https://maps.google.com/?cid=16002741614896909862&g_mp=Cidnb29nbGUubWFwcy5wbGFjZXMudjEuUGxhY2VzLlNlYXJjaFRleHQQABgEIAA","Eerste Jacob van Campenstraat 47H, 1072 BD Amsterdam, Netherlands","52.35750900000001","4.889818","Monday: 8:00 AM - 3:00 PM
Tuesday: 8:00 AM - 3:00 PM
Wednesday: 8:00 AM - 3:00 PM
Thursday: 8:00 AM - 3:00 PM
Friday: 8:00 AM - 3:00 PM
Saturday: 8:00 AM - 4:00 PM
Sunday: 8:00 AM - 4:00 PM","2025-08-13T13:00:00Z","15.0","1"
"Stone's Coffeeshop","4.6","412","store","https://maps.google.com/?cid=9374359808139450379&g_mp=Cidnb29nbGUubWFwcy5wbGFjZXMudjEuUGxhY2VzLlNlYXJjaFRleHQQABgEIAA","Ruysdaelkade 145, 1072 AR Amsterdam, Netherlands","52.353702399999996","4.887190599999999","Monday: 8:00 AM - 1:00 AM
Tuesday: 8:00 AM - 1:00 AM
Wednesday: 8:00 AM - 1:00 AM
Thursday: 8:00 AM - 1:00 AM
Friday: 8:00 AM - 1:00 AM
Saturday: 8:00 AM - 1:00 AM
Sunday: 8:00 AM - 1:00 AM","2025-08-13T23:00:00Z","1.0","0"
"Coffee Company","4.1","614","coffee_shop","https://maps.google.com/?cid=15471395599617998917&g_mp=Cidnb29nbGUubWFwcy5wbGFjZXMudjEuUGxhY2VzLlNlYXJjaFRleHQQABgEIAA","Ferdinand Bolstraat 38, 1072 LK Amsterdam, Netherlands","52.356311299999994","4.8904122","Monday: 7:30 AM - 6:00 PM
Tuesday: 7:30 AM - 6:00 PM
Wednesday: 7:30 AM - 6:00 PM
Thursday: 7:30 AM - 6:00 PM
Friday: 7:30 AM - 6:00 PM
Saturday: 8:30 AM - 7:00 PM
Sunday: 8:30 AM - 7:00 PM","2025-08-13T16:00:00Z","18.0","1"
"GoodNews Coffee Helststraat","4.3","30","coffee_shop","https://maps.google.com/?cid=11734691930960539808&g_mp=Cidnb29nbGUubWFwcy5wbGFjZXMudjEuUGxhY2VzLlNlYXJjaFRleHQQABgEIAA","Eerste van der Helststraat 82h, 1072 NZ Amsterdam, Netherlands","52.354566","4.893432","Monday: 7:30 AM - 7:30 PM
Tuesday: 7:30 AM - 7:30 PM
Wednesday: 7:30 AM - 7:30 PM
Thursday: 7:30 AM - 7:30 PM
Friday: 7:30 AM - 7:30 PM
Saturday: 9:00 AM - 7:30 PM
Sunday: 9:00 AM - 7:30 PM","2025-08-13T17:30:00Z","19.0","1"
"Shakes & Breaks","5.0","30","coffee_shop","https://maps.google.com/?cid=1155339611971137769&g_mp=Cidnb29nbGUubWFwcy5wbGFjZXMudjEuUGxhY2VzLlNlYXJjaFRleHQQABgEIAA","Sarphatipark, 1073 CP Amsterdam, Netherlands","52.354407599999995","4.8972337999999995","Monday: 9:00 AM - 5:00 PM
Tuesday: 9:00 AM - 5:00 PM
Wednesday: 9:00 AM - 5:00 PM
Thursday: 9:00 AM - 5:00 PM
Friday: 9:00 AM - 5:00 PM
Saturday: 9:00 AM - 5:00 PM
Sunday: 9:00 AM - 5:00 PM","2025-08-13T15:00:00Z","17.0","1"
"Kaldi Coffee & Tea Van Woustraat","4.7","139","food_store","https://maps.google.com/?cid=7479113142366192678&g_mp=Cidnb29nbGUubWFwcy5wbGFjZXMudjEuUGxhY2VzLlNlYXJjaFRleHQQABgEIAA","Van Woustraat 9HS, 1074 AA Amsterdam, Netherlands","52.357311900000006","4.8996717","Monday: 8:00 AM - 6:00 PM
Tuesday: 8:00 AM - 6:00 PM
Wednesday: 8:00 AM - 6:00 PM
Thursday: 8:00 AM - 6:00 PM
Friday: 8:00 AM - 6:00 PM
Saturday: 10:00 AM - 6:00 PM
Sunday: 10:00 AM - 3:00 PM","2025-08-13T16:00:00Z","18.0","1"
"Wakuli specialty coffee retail bar","4.5","49","food_store","https://maps.google.com/?cid=9203543768286197276&g_mp=Cidnb29nbGUubWFwcy5wbGFjZXMudjEuUGxhY2VzLlNlYXJjaFRleHQQABgEIAA","Van Woustraat 54, 1073 LN Amsterdam, Netherlands","52.3559573","4.9001328","Monday: 8:00 AM - 6:00 PM
Tuesday: 8:00 AM - 6:00 PM
Wednesday: 8:00 AM - 6:00 PM
Thursday: 8:00 AM - 6:00 PM
Friday: 8:00 AM - 6:00 PM
Saturday: 8:00 AM - 6:00 PM
Sunday: 8:00 AM - 6:00 PM","2025-08-13T16:00:00Z","18.0","1"
"Coffeeshop Papillon","4.5","558","store","https://maps.google.com/?cid=13835388960711118964&g_mp=Cidnb29nbGUubWFwcy5wbGFjZXMudjEuUGxhY2VzLlNlYXJjaFRleHQQABgEIAA","Van der Helstplein 8h, 1072 PH Amsterdam, Netherlands","52.351666699999996","4.894444399999999","Monday: 8:00 AM - 1:00 AM
Tuesday: 8:00 AM - 1:00 AM
Wednesday: 8:00 AM - 1:00 AM
Thursday: 8:00 AM - 1:00 AM
Friday: 8:00 AM - 1:00 AM
Saturday: 9:00 AM - 1:00 AM
Sunday: 9:00 AM - 1:00 AM","2025-08-13T23:00:00Z","1.0","0"
"LOCALS ALL DAY BRUNCH DS","4.6","754","restaurant","https://maps.google.com/?cid=13162095595109785836&g_mp=Cidnb29nbGUubWFwcy5wbGFjZXMudjEuUGxhY2VzLlNlYXJjaFRleHQQABgEIAA","Daniël Stalpertstraat 61 H, 1072 XB Amsterdam, Netherlands","52.3563191","4.8898936","Monday: 9:00 AM - 3:00 PM
Tuesday: 9:00 AM - 3:00 PM
Wednesday: 9:00 AM - 3:00 PM
Thursday: 9:00 AM - 3:00 PM
Friday: 9:00 AM - 3:00 PM
Saturday: 9:00 AM - 4:00 PM
Sunday: 9:00 AM - 4:00 PM","2025-08-13T13:00:00Z","15.0","1"
"Wakuli specialty coffee bar","4.7","72","cafe","https://maps.google.com/?cid=11275652231488648513&g_mp=Cidnb29nbGUubWFwcy5wbGFjZXMudjEuUGxhY2VzLlNlYXJjaFRleHQQABgEIAA","Vijzelgracht 37, 1017 HP Amsterdam, Netherlands","52.3608019","4.8914608","Monday: 7:00 AM - 6:00 PM
Tuesday: 7:00 AM - 6:00 PM
Wednesday: 7:00 AM - 6:00 PM
Thursday: 7:00 AM - 6:00 PM
Friday: 7:00 AM - 6:00 PM
Saturday: 8:00 AM - 6:00 PM
Sunday: 8:00 AM - 6:00 PM","2025-08-13T16:00:00Z","18.0","1"
"Café Berkhout","4.4","842","cafe","https://maps.google.com/?cid=16928165525389498297&g_mp=Cidnb29nbGUubWFwcy5wbGFjZXMudjEuUGxhY2VzLlNlYXJjaFRleHQQABgEIAA","Stadhouderskade 77, 1072 AE Amsterdam, Netherlands","52.357934699999994","4.8906833999999995","Monday: 9:00 AM - 1:00 AM
Tuesday: 9:00 AM - 1:00 AM
Wednesday: 9:00 AM - 1:00 AM
Thursday: 9:00 AM - 1:00 AM
Friday: 9:00 AM - 3:00 AM
Saturday: 9:00 AM - 3:00 AM
Sunday: 9:00 AM - 1:00 AM","2025-08-13T23:00:00Z","1.0","0"
"GoodNews Coffee Ferdinand 51","4.2","79","coffee_shop","https://maps.google.com/?cid=14574743323925433911&g_mp=Cidnb29nbGUubWFwcy5wbGFjZXMudjEuUGxhY2VzLlNlYXJjaFRleHQQABgEIAA","Ferdinand Bolstraat 51, 1072 LB Amsterdam, Netherlands","52.355168600000006","4.890594699999999","Monday: 7:30 AM - 7:30 PM
Tuesday: 7:30 AM - 7:30 PM
Wednesday: 7:30 AM - 7:30 PM
Thursday: 7:30 AM - 7:30 PM
Friday: 7:30 AM - 7:30 PM
Saturday: 9:00 AM - 7:30 PM
Sunday: 9:00 AM - 7:30 PM","2025-08-13T17:30:00Z","19.0","1"
"Coffeeshop Club Media","4.5","919","store","https://maps.google.com/?cid=5636515173604080524&g_mp=Cidnb29nbGUubWFwcy5wbGFjZXMudjEuUGxhY2VzLlNlYXJjaFRleHQQABgEIAA","Gerard Doustraat 85, 1072 VN Amsterdam, Netherlands","52.355816","4.891916","Monday: 8:30 AM - 1:00 AM
Tuesday: 8:30 AM - 1:00 AM
Wednesday: 8:30 AM - 1:00 AM
Thursday: 8:30 AM - 1:00 AM
Friday: 8:30 AM - 1:00 AM
Saturday: 8:30 AM - 1:00 AM
Sunday: 8:30 AM - 1:00 AM","2025-08-13T23:00:00Z","1.0","0"
"De Wasserette","4.3","646","restaurant","https://maps.google.com/?cid=2064470553785822018&g_mp=Cidnb29nbGUubWFwcy5wbGFjZXMudjEuUGxhY2VzLlNlYXJjaFRleHQQABgEIAA","Eerste van der Helststraat 27, 1073 XG Amsterdam, Netherlands","52.3558251","4.8931406","Monday: 7:30 AM - 5:00 PM
Tuesday: 7:30 AM - 5:00 PM
Wednesday: 7:30 AM - 5:00 PM
Thursday: 7:30 AM - 5:00 PM
Friday: 7:30 AM - 5:00 PM
Saturday: 7:30 AM - 5:00 PM
Sunday: 7:30 AM - 5:00 PM","2025-08-13T15:00:00Z","17.0","1"
"Cafe Tepoz","4.8","129","cafe","https://maps.google.com/?cid=6880872112044814806&g_mp=Cidnb29nbGUubWFwcy5wbGFjZXMudjEuUGxhY2VzLlNlYXJjaFRleHQQABgEIAA","Van Woustraat 91h, 1074 AE Amsterdam, Netherlands","52.3545234","4.9017498","Monday: Closed
Tuesday: Closed
Wednesday: 10:00 AM - 4:00 PM
Thursday: 10:00 AM - 4:00 PM
Friday: 10:00 AM - 4:00 PM
Saturday: 9:00 AM - 5:00 PM
Sunday: 9:00 AM - 5:00 PM","2025-08-13T14:00:00Z","16.0","1"
"Coffeeshop roxy","4.3","320","store","https://maps.google.com/?cid=12015713302276439086&g_mp=Cidnb29nbGUubWFwcy5wbGFjZXMudjEuUGxhY2VzLlNlYXJjaFRleHQQABgEIAA","Gerard Doustraat 188, 1073 XA Amsterdam, Netherlands","52.3563955","4.8956237","Monday: 7:00 AM - 1:00 AM
Tuesday: 7:00 AM - 1:00 AM
Wednesday: 7:00 AM - 1:00 AM
Thursday: 7:00 AM - 1:00 AM
Friday: 7:00 AM - 1:00 AM
Saturday: 7:00 AM - 1:00 AM
Sunday: 7:00 AM - 1:00 AM","2025-08-13T23:00:00Z","1.0","0"
"Bij Paul @ cafe slijterij Oosterling en klein Bij Paul Hemonystraat","4.8","616","breakfast_restaurant","https://maps.google.com/?cid=15299013211287569186&g_mp=Cidnb29nbGUubWFwcy5wbGFjZXMudjEuUGxhY2VzLlNlYXJjaFRleHQQABgEIAA","Utrechtsestraat 140, Hemonystraat 10, 1017 VT Amsterdam, Netherlands","52.3610581","4.8992838","Monday: 9:00 AM - 4:00 PM
Tuesday: 9:00 AM - 4:00 PM
Wednesday: 9:00 AM - 4:00 PM
Thursday: 9:00 AM - 4:00 PM
Friday: 9:00 AM - 4:00 PM
Saturday: 9:00 AM - 4:00 PM
Sunday: 9:00 AM - 4:00 PM","2025-08-13T14:00:00Z","16.0","1"
"The Greek Embassy - Coffee Deli & Gyros","4.8","74","greek_restaurant","https://maps.google.com/?cid=11377659518157731056&g_mp=Cidnb29nbGUubWFwcy5wbGFjZXMudjEuUGxhY2VzLlNlYXJjaFRleHQQABgEIAA","Ceintuurbaan 228H, 1072 GE Amsterdam, Netherlands","52.352273399999994","4.8886376","Monday: 1:00 - 9:00 PM
Tuesday: 1:00 - 9:00 PM
Wednesday: 11:00 AM - 10:00 PM
Thursday: 11:00 AM - 10:00 PM
Friday: 11:00 AM - 10:00 PM
Saturday: 11:00 AM - 10:00 PM
Sunday: 11:00 AM - 10:00 PM","2025-08-13T20:00:00Z","22.0","1"
"Bagels & Beans","4.3","997","bagel_shop","https://maps.google.com/?cid=6918478419302036509&g_mp=Cidnb29nbGUubWFwcy5wbGFjZXMudjEuUGxhY2VzLlNlYXJjaFRleHQQABgEIAA","Ferdinand Bolstraat 70, 1072 LM Amsterdam, Netherlands","52.355258899999995","4.8899732","Monday: 8:29 AM - 5:01 PM
Tuesday: 8:29 AM - 5:01 PM
Wednesday: 8:29 AM - 5:01 PM
Thursday: 8:29 AM - 5:01 PM
Friday: 8:29 AM - 5:01 PM
Saturday: 8:29 AM - 5:01 PM
Sunday: 8:29 AM - 5:01 PM","2025-08-13T15:01:00Z","17.0","1"
"Taigu De Pijp","4.4","399","cafe","https://maps.google.com/?cid=6716684017449388051&g_mp=Cidnb29nbGUubWFwcy5wbGFjZXMudjEuUGxhY2VzLlNlYXJjaFRleHQQABgEIAA","Ceintuurbaan 246, 1072 GG Amsterdam, Netherlands","52.352433","4.889616999999999","Monday: 11:30 AM - 4:30 PM
Tuesday: Closed
Wednesday: 11:30 AM - 4:30 PM
Thursday: 11:30 AM - 8:30 PM
Friday: 11:30 AM - 8:30 PM
Saturday: 11:30 AM - 8:30 PM
Sunday: 11:30 AM - 8:30 PM","2025-08-13T14:30:00Z","16.0","1"
"De Graal Health Cafe","4.7","136","cafe","https://maps.google.com/?cid=12855585929239140690&g_mp=Cidnb29nbGUubWFwcy5wbGFjZXMudjEuUGxhY2VzLlNlYXJjaFRleHQQABgEIAA","Albert Cuypstraat 25I, 1072 CK Amsterdam, Netherlands","52.354717199999996","4.8876118","Monday: 10:00 AM - 9:00 PM
Tuesday: 10:00 AM - 9:00 PM
Wednesday: 10:00 AM - 9:00 PM
Thursday: 10:00 AM - 9:00 PM
Friday: 10:00 AM - 11:00 PM
Saturday: 10:00 AM - 11:00 PM
Sunday: Closed","2025-08-13T19:00:00Z","21.0","1"
"Chingu Korean & Taiwanese Deli","4.9","58","meal_delivery","https://maps.google.com/?cid=2961364467320291764&g_mp=Cidnb29nbGUubWFwcy5wbGFjZXMudjEuUGxhY2VzLlNlYXJjaFRleHQQABgEIAA","Albert Cuypstraat 203DH, 1073 BE Amsterdam, Netherlands","52.356089399999995","4.8952941","Monday: 10:00 AM - 5:30 PM
Tuesday: Closed
Wednesday: 10:00 AM - 5:30 PM
Thursday: 10:00 AM - 5:30 PM
Friday: 10:00 AM - 5:30 PM
Saturday: 10:00 AM - 5:30 PM
Sunday: 10:00 AM - 5:30 PM","2025-08-13T15:30:00Z","17.0","1"
"Coffeeshop Nice Place","4.5","182","store","https://maps.google.com/?cid=9882973975219089959&g_mp=Cidnb29nbGUubWFwcy5wbGFjZXMudjEuUGxhY2VzLlNlYXJjaFRleHQQABgEIAA","Van Ostadestraat 290, 1073 TW Amsterdam, Netherlands","52.3533559","4.8996935","Monday: 9:00 AM - 12:00 AM
Tuesday: 9:00 AM - 12:00 AM
Wednesday: 9:00 AM - 12:00 AM
Thursday: 9:00 AM - 12:00 AM
Friday: 9:00 AM - 12:00 AM
Saturday: 9:00 AM - 12:00 AM
Sunday: 9:00 AM - 12:00 AM","2025-08-13T22:00:00Z","0.0","0"
"Koffie en Kringloop","5.0","227","coffee_shop","https://maps.google.com/?cid=5128152775694646660&g_mp=Cidnb29nbGUubWFwcy5wbGFjZXMudjEuUGxhY2VzLlNlYXJjaFRleHQQABgEIAA","Van Woustraat 233, 1074 AR Amsterdam, Netherlands","52.349787899999995","4.9041793","Monday: Closed
Tuesday: 9:00 AM - 5:00 PM
Wednesday: 9:00 AM - 5:00 PM
Thursday: 9:00 AM - 5:00 PM
Friday: 9:00 AM - 5:00 PM
Saturday: 10:00 AM - 5:00 PM
Sunday: 10:00 AM - 5:00 PM","2025-08-13T15:00:00Z","17.0","1"
"Omelegg - de Pijp","4.6","3694","breakfast_restaurant","https://maps.google.com/?cid=18166068637186934567&g_mp=Cidnb29nbGUubWFwcy5wbGFjZXMudjEuUGxhY2VzLlNlYXJjaFRleHQQABgEIAA","Ferdinand Bolstraat 143, 1072 LH Amsterdam, Netherlands","52.351717699999995","4.891545499999999","Monday: 7:00 AM - 3:30 PM
Tuesday: 7:00 AM - 3:30 PM
Wednesday: 7:00 AM - 3:30 PM
Thursday: 7:00 AM - 3:30 PM
Friday: 7:00 AM - 3:30 PM
Saturday: 8:00 AM - 3:30 PM
Sunday: 8:00 AM - 3:30 PM","2025-08-13T13:30:00Z","15.0","1"
"Café My Place","4.8","154","pub","https://maps.google.com/?cid=15256358432887278629&g_mp=Cidnb29nbGUubWFwcy5wbGFjZXMudjEuUGxhY2VzLlNlYXJjaFRleHQQABgEIAA","Eerste van der Helststraat 45, 1073 AC Amsterdam, Netherlands","52.3552441","4.893375300000001","Monday: Closed
Tuesday: Closed
Wednesday: 11:00 AM - 8:00 PM
Thursday: 11:00 AM - 8:00 PM
Friday: 11:00 AM - 1:00 AM
Saturday: 11:00 AM - 1:00 AM
Sunday: 11:00 AM - 8:00 PM","2025-08-13T18:00:00Z","20.0","1"
"Café Bloemers B.V.","4.1","534","cafe","https://maps.google.com/?cid=386995246056376560&g_mp=Cidnb29nbGUubWFwcy5wbGFjZXMudjEuUGxhY2VzLlNlYXJjaFRleHQQABgEIAA","Hemonystraat 70, 1074 BT Amsterdam, Netherlands","52.3555894","4.9031481999999995","Monday: Closed
Tuesday: Closed
Wednesday: 10:00 AM - 1:00 AM
Thursday: 10:00 AM - 1:00 AM
Friday: 10:00 AM - 3:00 AM
Saturday: 10:00 AM - 3:00 AM
Sunday: 10:00 AM - 1:00 AM","2025-08-13T23:00:00Z","1.0","0"
"Koffiehuis ""De Markt""","4.5","101","cafe","https://maps.google.com/?cid=8962417617156542898&g_mp=Cidnb29nbGUubWFwcy5wbGFjZXMudjEuUGxhY2VzLlNlYXJjaFRleHQQABgEIAA","Albert Cuypstraat 122-B, 1072 EA Amsterdam, Netherlands","52.3552979","4.8927681","Monday: 7:00 AM - 10:00 PM
Tuesday: 7:00 AM - 10:00 PM
Wednesday: 7:00 AM - 10:00 PM
Thursday: 7:00 AM - 10:00 PM
Friday: 7:00 AM - 10:00 PM
Saturday: 7:00 AM - 10:00 PM
Sunday: Closed","2025-08-13T20:00:00Z","22.0","1"
"LERA — Matcha, Coffee, Goods","4.1","288","food_store","https://maps.google.com/?cid=14980288497926744894&g_mp=Cidnb29nbGUubWFwcy5wbGFjZXMudjEuUGxhY2VzLlNlYXJjaFRleHQQABgEIAA","Ferdinand Bolstraat 146, 1072 GJ Amsterdam, Netherlands","52.3524323","4.8910493","Monday: 9:00 AM - 5:00 PM
Tuesday: 9:00 AM - 5:00 PM
Wednesday: 9:00 AM - 5:00 PM
Thursday: 9:00 AM - 5:00 PM
Friday: 9:00 AM - 5:00 PM
Saturday: 9:00 AM - 5:00 PM
Sunday: 9:00 AM - 5:00 PM","2025-08-13T15:00:00Z","17.0","1"
"Coffeeshop Blue Sea","4.2","261","store","https://maps.google.com/?cid=8634025258471668576&g_mp=Cidnb29nbGUubWFwcy5wbGFjZXMudjEuUGxhY2VzLlNlYXJjaFRleHQQABgEIAA","Van Woustraat 87, 1074 AE Amsterdam, Netherlands","52.354599","4.901661799999999","Monday: 9:30 AM - 1:00 AM
Tuesday: 9:30 AM - 1:00 AM
Wednesday: 9:30 AM - 1:00 AM
Thursday: 9:30 AM - 1:00 AM
Friday: 9:30 AM - 1:00 AM
Saturday: 9:30 AM - 1:00 AM
Sunday: 9:30 AM - 1:00 AM","2025-08-13T23:00:00Z","1.0","0"
"de Dakduif","4.5","410","breakfast_restaurant","https://maps.google.com/?cid=1872535132038676950&g_mp=Cidnb29nbGUubWFwcy5wbGFjZXMudjEuUGxhY2VzLlNlYXJjaFRleHQQABgEIAA","Eerste Sweelinckstraat 12, 1073 CM Amsterdam, Netherlands","52.356403","4.8973566","Monday: 10:00 AM - 6:00 PM
Tuesday: 10:00 AM - 6:00 PM
Wednesday: 10:00 AM - 10:00 PM
Thursday: 10:00 AM - 1:00 AM
Friday: 10:00 AM - 1:00 AM
Saturday: 9:00 AM - 1:00 AM
Sunday: 11:00 AM - 6:00 PM","2025-08-13T20:00:00Z","22.0","1"
"Green House Pijp Coffeeshop","4.3","408","store","https://maps.google.com/?cid=5514001637010403417&g_mp=Cidnb29nbGUubWFwcy5wbGFjZXMudjEuUGxhY2VzLlNlYXJjaFRleHQQABgEIAA","Tolstraat 91, 1074 VG Amsterdam, Netherlands","52.352372599999995","4.9034241","Monday: 9:00 AM - 12:00 AM
Tuesday: 9:00 AM - 12:00 AM
Wednesday: 9:00 AM - 12:00 AM
Thursday: 9:00 AM - 12:00 AM
Friday: 9:00 AM - 1:00 AM
Saturday: 9:00 AM - 1:00 AM
Sunday: 9:00 AM - 12:00 AM","2025-08-13T22:00:00Z","0.0","0"
"Café De Baron Amsterdam","4.5","261","pub","https://maps.google.com/?cid=16013845434651658729&g_mp=Cidnb29nbGUubWFwcy5wbGFjZXMudjEuUGxhY2VzLlNlYXJjaFRleHQQABgEIAA","Tweede Jacob van Campenstraat 150H, 1073 XZ Amsterdam, Netherlands","52.356936999999995","4.896787000000001","","","","1"
"Anook Bakehouse","4.6","280","dessert_shop","https://maps.google.com/?cid=13586572448517858276&g_mp=Cidnb29nbGUubWFwcy5wbGFjZXMudjEuUGxhY2VzLlNlYXJjaFRleHQQABgEIAA","Ferdinand Bolstraat 182, 1072 LV Amsterdam, Netherlands","52.351248","4.891265","Monday: Closed
Tuesday: 9:00 AM - 5:00 PM
Wednesday: 9:00 AM - 5:00 PM
Thursday: 9:00 AM - 5:00 PM
Friday: 9:00 AM - 5:00 PM
Saturday: 9:00 AM - 5:00 PM
Sunday: 9:00 AM - 5:00 PM","2025-08-13T15:00:00Z","17.0","1"
"Venster 33","4.5","2108","restaurant","https://maps.google.com/?cid=530109938797308093&g_mp=Cidnb29nbGUubWFwcy5wbGFjZXMudjEuUGxhY2VzLlNlYXJjaFRleHQQABgEIAA","Eerste van der Helststraat 42, 1072 NV Amsterdam, Netherlands","52.3564206","4.8923475","Monday: 4:00 PM - 1:00 AM
Tuesday: 11:00 AM - 1:00 AM
Wednesday: 11:00 AM - 1:00 AM
Thursday: 11:00 AM - 1:00 AM
Friday: 11:00 AM - 3:00 AM
Saturday: 11:00 AM - 3:00 AM
Sunday: 11:00 AM - 1:00 AM","2025-08-13T23:00:00Z","1.0","0"
"Cafe Krull","4.0","539","cafe","https://maps.google.com/?cid=1593807206266568709&g_mp=Cidnb29nbGUubWFwcy5wbGFjZXMudjEuUGxhY2VzLlNlYXJjaFRleHQQABgEIAA","Sarphatipark 2, 1072 PA Amsterdam, Netherlands","52.3544347","4.893600999999999","Monday: 9:00 AM - 1:00 AM
Tuesday: 9:00 AM - 1:00 AM
Wednesday: 9:00 AM - 1:00 AM
Thursday: 9:00 AM - 1:00 AM
Friday: 9:00 AM - 3:00 AM
Saturday: 9:00 AM - 3:00 AM
Sunday: 10:00 AM - 1:00 AM","2025-08-13T23:00:00Z","1.0","0"
"Chris Scholten Café","4.6","226","cafe","https://maps.google.com/?cid=4110149350803231343&g_mp=Cidnb29nbGUubWFwcy5wbGFjZXMudjEuUGxhY2VzLlNlYXJjaFRleHQQABgEIAA","Van Woustraat 104, 1073 LR Amsterdam, Netherlands","52.354293299999995","4.9014622","Monday: 9:00 AM - 1:00 AM
Tuesday: 9:00 AM - 1:00 AM
Wednesday: 9:00 AM - 1:00 AM
Thursday: 9:00 AM - 1:00 AM
Friday: 9:00 AM - 3:00 AM
Saturday: 9:00 AM - 3:00 AM
Sunday: 9:00 AM - 1:00 AM","2025-08-13T23:00:00Z","1.0","0"
"Crema Amsterdam","5.0","24","bakery","https://maps.google.com/?cid=7490009133037137409&g_mp=Cidnb29nbGUubWFwcy5wbGFjZXMudjEuUGxhY2VzLlNlYXJjaFRleHQQABgEIAA","Albert Cuypstraat 82-H, 1072 CX Amsterdam, Netherlands","52.35497230000001","4.890939899999999","Monday: 9:00 AM - 7:00 PM
Tuesday: Closed
Wednesday: 9:00 AM - 7:00 PM
Thursday: 9:00 AM - 7:00 PM
Friday: 9:00 AM - 7:00 PM
Saturday: 9:00 AM - 7:00 PM
Sunday: 9:00 AM - 7:00 PM","2025-08-13T17:00:00Z","19.0","1"
"Dak Showroom by Dak Coffee Roasters","4.8","124","coffee_shop","https://maps.google.com/?cid=10131096394286370724&g_mp=Cidnb29nbGUubWFwcy5wbGFjZXMudjEuUGxhY2VzLlNlYXJjaFRleHQQABgEIAA","Bellamyplein 16H, 1053 AS Amsterdam, Netherlands","52.3684127","4.867310499999999","Monday: 8:00 AM - 5:00 PM
Tuesday: 8:00 AM - 5:00 PM
Wednesday: 8:00 AM - 5:00 PM
Thursday: 8:00 AM - 5:00 PM
Friday: 8:00 AM - 5:00 PM
Saturday: 9:00 AM - 5:00 PM
Sunday: 9:00 AM - 5:00 PM","2025-08-13T15:00:00Z","17.0","1"
"Buro de Pijp","4.8","34","","https://maps.google.com/?cid=8783982246634268961&g_mp=Cidnb29nbGUubWFwcy5wbGFjZXMudjEuUGxhY2VzLlNlYXJjaFRleHQQABgEIAA","Eerste Jan Steenstraat 72, 1072 NN Amsterdam, Netherlands","52.353861099999996","4.8901354","Monday: 9:00 AM - 5:00 PM
Tuesday: 9:00 AM - 5:00 PM
Wednesday: 9:00 AM - 5:00 PM
Thursday: 9:00 AM - 5:00 PM
Friday: 9:00 AM - 5:00 PM
Saturday: Closed
Sunday: Closed","2025-08-13T15:00:00Z","17.0","1"
"Coffeecompany","4.0","387","coffee_shop","https://maps.google.com/?cid=6138302323378531295&g_mp=Cidnb29nbGUubWFwcy5wbGFjZXMudjEuUGxhY2VzLlNlYXJjaFRleHQQABgEIAA","Van Woustraat 92, 1073 LP Amsterdam, Netherlands","52.35489","4.9009279999999995","Monday: 7:30 AM - 6:00 PM
Tuesday: 7:30 AM - 6:00 PM
Wednesday: 7:30 AM - 6:00 PM
Thursday: 7:30 AM - 6:00 PM
Friday: 7:30 AM - 6:00 PM
Saturday: 8:30 AM - 6:00 PM
Sunday: 8:30 AM - 6:00 PM","2025-08-13T16:00:00Z","18.0","1"
"Scandinavian Embassy.","4.4","1695","cafe","https://maps.google.com/?cid=8489887193750794617&g_mp=Cidnb29nbGUubWFwcy5wbGFjZXMudjEuUGxhY2VzLlNlYXJjaFRleHQQABgEIAA","Sarphatipark 34, 1072 PB Amsterdam, Netherlands","52.353456099999995","4.8942191","Monday: 8:00 AM - 5:00 PM
Tuesday: 8:00 AM - 5:00 PM
Wednesday: 8:00 AM - 5:00 PM
Thursday: 8:00 AM - 5:00 PM
Friday: 8:00 AM - 5:00 PM
Saturday: 9:00 AM - 5:00 PM
Sunday: 9:00 AM - 5:00 PM","2025-08-13T15:00:00Z","17.0","1"
"Hummingbird Coffee Amsterdam","4.6","852","coffee_shop","https://maps.google.com/?cid=16912688596054977832&g_mp=Cidnb29nbGUubWFwcy5wbGFjZXMudjEuUGxhY2VzLlNlYXJjaFRleHQQABgEIAA","Spuistraat 217, 1012 RN Amsterdam, Netherlands","52.371586799999996","4.8895102999999995","Monday: 8:30 AM - 5:00 PM
Tuesday: 8:30 AM - 5:00 PM
Wednesday: 8:30 AM - 5:00 PM
Thursday: 8:30 AM - 5:00 PM
Friday: 8:30 AM - 5:00 PM
Saturday: 9:00 AM - 5:30 PM
Sunday: 9:00 AM - 5:30 PM","2025-08-13T15:00:00Z","17.0","1"
"Ceintuur Theater","4.3","5528","restaurant","https://maps.google.com/?cid=3123542226567341291&g_mp=Cidnb29nbGUubWFwcy5wbGFjZXMudjEuUGxhY2VzLlNlYXJjaFRleHQQABgEIAA","Ceintuurbaan 282, 1072 GK Amsterdam, Netherlands","52.352607899999995","4.891426699999999","Monday: 9:00 AM - 6:00 PM
Tuesday: 9:00 AM - 6:00 PM
Wednesday: 9:00 AM - 6:00 PM
Thursday: 9:00 AM - 6:00 PM
Friday: 9:00 AM - 6:00 PM
Saturday: 9:00 AM - 6:00 PM
Sunday: 9:00 AM - 6:00 PM","2025-08-13T16:00:00Z","18.0","1"
"Ranchi Amsterdam","4.6","295","restaurant","https://maps.google.com/?cid=4716321723663564984&g_mp=Cidnb29nbGUubWFwcy5wbGFjZXMudjEuUGxhY2VzLlNlYXJjaFRleHQQABgEIAA","Albert Cuypstraat 260, 1073 BR Amsterdam, Netherlands","52.3567541","4.8985211","Monday: 11:00 AM - 5:00 PM
Tuesday: 11:00 AM - 5:00 PM
Wednesday: 11:00 AM - 5:00 PM
Thursday: 11:00 AM - 5:00 PM
Friday: 11:00 AM - 5:00 PM
Saturday: 11:00 AM - 5:00 PM
Sunday: 11:00 AM - 5:00 PM","2025-08-13T15:00:00Z","17.0","1"
"Café My Place","4.8","154","pub","https://maps.google.com/?cid=15256358432887278629&g_mp=Cidnb29nbGUubWFwcy5wbGFjZXMudjEuUGxhY2VzLlNlYXJjaFRleHQQABgEIAA","Eerste van der Helststraat 45, 1073 AC Amsterdam, Netherlands","52.3552441","4.893375300000001","Monday: Closed
Tuesday: Closed
Wednesday: 11:00 AM - 8:00 PM
Thursday: 11:00 AM - 8:00 PM
Friday: 11:00 AM - 1:00 AM
Saturday: 11:00 AM - 1:00 AM
Sunday: 11:00 AM - 8:00 PM","2025-08-13T18:00:00Z","20.0","1"
"Café Bloemers B.V.","4.1","534","cafe","https://maps.google.com/?cid=386995246056376560&g_mp=Cidnb29nbGUubWFwcy5wbGFjZXMudjEuUGxhY2VzLlNlYXJjaFRleHQQABgEIAA","Hemonystraat 70, 1074 BT Amsterdam, Netherlands","52.3555894","4.9031481999999995","Monday: Closed
Tuesday: Closed
Wednesday: 10:00 AM - 1:00 AM
Thursday: 10:00 AM - 1:00 AM
Friday: 10:00 AM - 3:00 AM
Saturday: 10:00 AM - 3:00 AM
Sunday: 10:00 AM - 1:00 AM","2025-08-13T23:00:00Z","1.0","0"
"Koffiehuis ""De Markt""","4.5","101","cafe","https://maps.google.com/?cid=8962417617156542898&g_mp=Cidnb29nbGUubWFwcy5wbGFjZXMudjEuUGxhY2VzLlNlYXJjaFRleHQQABgEIAA","Albert Cuypstraat 122-B, 1072 EA Amsterdam, Netherlands","52.3552979","4.8927681","Monday: 7:00 AM - 10:00 PM
Tuesday: 7:00 AM - 10:00 PM
Wednesday: 7:00 AM - 10:00 PM
Thursday: 7:00 AM - 10:00 PM
Friday: 7:00 AM - 10:00 PM
Saturday: 7:00 AM - 10:00 PM
Sunday: Closed","2025-08-13T20:00:00Z","22.0","1"
"LERA — Matcha, Coffee, Goods","4.1","288","food_store","https://maps.google.com/?cid=14980288497926744894&g_mp=Cidnb29nbGUubWFwcy5wbGFjZXMudjEuUGxhY2VzLlNlYXJjaFRleHQQABgEIAA","Ferdinand Bolstraat 146, 1072 GJ Amsterdam, Netherlands","52.3524323","4.8910493","Monday: 9:00 AM - 5:00 PM
Tuesday: 9:00 AM - 5:00 PM
Wednesday: 9:00 AM - 5:00 PM
Thursday: 9:00 AM - 5:00 PM
Friday: 9:00 AM - 5:00 PM
Saturday: 9:00 AM - 5:00 PM
Sunday: 9:00 AM - 5:00 PM","2025-08-13T15:00:00Z","17.0","1"
"Coffeeshop Blue Sea","4.2","261","store","https://maps.google.com/?cid=8634025258471668576&g_mp=Cidnb29nbGUubWFwcy5wbGFjZXMudjEuUGxhY2VzLlNlYXJjaFRleHQQABgEIAA","Van Woustraat 87, 1074 AE Amsterdam, Netherlands","52.354599","4.901661799999999","Monday: 9:30 AM - 1:00 AM
Tuesday: 9:30 AM - 1:00 AM
Wednesday: 9:30 AM - 1:00 AM
Thursday: 9:30 AM - 1:00 AM
Friday: 9:30 AM - 1:00 AM
Saturday: 9:30 AM - 1:00 AM
Sunday: 9:30 AM - 1:00 AM","2025-08-13T23:00:00Z","1.0","0"
"de Dakduif","4.5","410","breakfast_restaurant","https://maps.google.com/?cid=1872535132038676950&g_mp=Cidnb29nbGUubWFwcy5wbGFjZXMudjEuUGxhY2VzLlNlYXJjaFRleHQQABgEIAA","Eerste Sweelinckstraat 12, 1073 CM Amsterdam, Netherlands","52.356403","4.8973566","Monday: 10:00 AM - 6:00 PM
Tuesday: 10:00 AM - 6:00 PM
Wednesday: 10:00 AM - 10:00 PM
Thursday: 10:00 AM - 1:00 AM
Friday: 10:00 AM - 1:00 AM
Saturday: 9:00 AM - 1:00 AM
Sunday: 11:00 AM - 6:00 PM","2025-08-13T20:00:00Z","22.0","1"
"Green House Pijp Coffeeshop","4.3","408","store","https://maps.google.com/?cid=5514001637010403417&g_mp=Cidnb29nbGUubWFwcy5wbGFjZXMudjEuUGxhY2VzLlNlYXJjaFRleHQQABgEIAA","Tolstraat 91, 1074 VG Amsterdam, Netherlands","52.352372599999995","4.9034241","Monday: 9:00 AM - 12:00 AM
Tuesday: 9:00 AM - 12:00 AM
Wednesday: 9:00 AM - 12:00 AM
Thursday: 9:00 AM - 12:00 AM
Friday: 9:00 AM - 1:00 AM
Saturday: 9:00 AM - 1:00 AM
Sunday: 9:00 AM - 12:00 AM","2025-08-13T22:00:00Z","0.0","0"
"Café De Baron Amsterdam","4.5","261","pub","https://maps.google.com/?cid=16013845434651658729&g_mp=Cidnb29nbGUubWFwcy5wbGFjZXMudjEuUGxhY2VzLlNlYXJjaFRleHQQABgEIAA","Tweede Jacob van Campenstraat 150H, 1073 XZ Amsterdam, Netherlands","52.356936999999995","4.896787000000001","","","","1"
"Anook Bakehouse","4.6","280","dessert_shop","https://maps.google.com/?cid=13586572448517858276&g_mp=Cidnb29nbGUubWFwcy5wbGFjZXMudjEuUGxhY2VzLlNlYXJjaFRleHQQABgEIAA","Ferdinand Bolstraat 182, 1072 LV Amsterdam, Netherlands","52.351248","4.891265","Monday: Closed
Tuesday: 9:00 AM - 5:00 PM
Wednesday: 9:00 AM - 5:00 PM
Thursday: 9:00 AM - 5:00 PM
Friday: 9:00 AM - 5:00 PM
Saturday: 9:00 AM - 5:00 PM
Sunday: 9:00 AM - 5:00 PM","2025-08-13T15:00:00Z","17.0","1"
"Venster 33","4.5","2108","restaurant","https://maps.google.com/?cid=530109938797308093&g_mp=Cidnb29nbGUubWFwcy5wbGFjZXMudjEuUGxhY2VzLlNlYXJjaFRleHQQABgEIAA","Eerste van der Helststraat 42, 1072 NV Amsterdam, Netherlands","52.3564206","4.8923475","Monday: 4:00 PM - 1:00 AM
Tuesday: 11:00 AM - 1:00 AM
Wednesday: 11:00 AM - 1:00 AM
Thursday: 11:00 AM - 1:00 AM
Friday: 11:00 AM - 3:00 AM
Saturday: 11:00 AM - 3:00 AM
Sunday: 11:00 AM - 1:00 AM","2025-08-13T23:00:00Z","1.0","0"
"Cafe Krull","4.0","539","cafe","https://maps.google.com/?cid=1593807206266568709&g_mp=Cidnb29nbGUubWFwcy5wbGFjZXMudjEuUGxhY2VzLlNlYXJjaFRleHQQABgEIAA","Sarphatipark 2, 1072 PA Amsterdam, Netherlands","52.3544347","4.893600999999999","Monday: 9:00 AM - 1:00 AM
Tuesday: 9:00 AM - 1:00 AM
Wednesday: 9:00 AM - 1:00 AM
Thursday: 9:00 AM - 1:00 AM
Friday: 9:00 AM - 3:00 AM
Saturday: 9:00 AM - 3:00 AM
Sunday: 10:00 AM - 1:00 AM","2025-08-13T23:00:00Z","1.0","0"
"Chris Scholten Café","4.6","226","cafe","https://maps.google.com/?cid=4110149350803231343&g_mp=Cidnb29nbGUubWFwcy5wbGFjZXMudjEuUGxhY2VzLlNlYXJjaFRleHQQABgEIAA","Van Woustraat 104, 1073 LR Amsterdam, Netherlands","52.354293299999995","4.9014622","Monday: 9:00 AM - 1:00 AM
Tuesday: 9:00 AM - 1:00 AM
Wednesday: 9:00 AM - 1:00 AM
Thursday: 9:00 AM - 1:00 AM
Friday: 9:00 AM - 3:00 AM
Saturday: 9:00 AM - 3:00 AM
Sunday: 9:00 AM - 1:00 AM","2025-08-13T23:00:00Z","1.0","0"
"Crema Amsterdam","5.0","24","bakery","https://maps.google.com/?cid=7490009133037137409&g_mp=Cidnb29nbGUubWFwcy5wbGFjZXMudjEuUGxhY2VzLlNlYXJjaFRleHQQABgEIAA","Albert Cuypstraat 82-H, 1072 CX Amsterdam, Netherlands","52.35497230000001","4.890939899999999","Monday: 9:00 AM - 7:00 PM
Tuesday: Closed
Wednesday: 9:00 AM - 7:00 PM
Thursday: 9:00 AM - 7:00 PM
Friday: 9:00 AM - 7:00 PM
Saturday: 9:00 AM - 7:00 PM
Sunday: 9:00 AM - 7:00 PM","2025-08-13T17:00:00Z","19.0","1"
"Dak Showroom by Dak Coffee Roasters","4.8","124","coffee_shop","https://maps.google.com/?cid=10131096394286370724&g_mp=Cidnb29nbGUubWFwcy5wbGFjZXMudjEuUGxhY2VzLlNlYXJjaFRleHQQABgEIAA","Bellamyplein 16H, 1053 AS Amsterdam, Netherlands","52.3684127","4.867310499999999","Monday: 8:00 AM - 5:00 PM
Tuesday: 8:00 AM - 5:00 PM
Wednesday: 8:00 AM - 5:00 PM
Thursday: 8:00 AM - 5:00 PM
Friday: 8:00 AM - 5:00 PM
Saturday: 9:00 AM - 5:00 PM
Sunday: 9:00 AM - 5:00 PM","2025-08-13T15:00:00Z","17.0","1"
"Buro de Pijp","4.8","34","","https://maps.google.com/?cid=8783982246634268961&g_mp=Cidnb29nbGUubWFwcy5wbGFjZXMudjEuUGxhY2VzLlNlYXJjaFRleHQQABgEIAA","Eerste Jan Steenstraat 72, 1072 NN Amsterdam, Netherlands","52.353861099999996","4.8901354","Monday: 9:00 AM - 5:00 PM
Tuesday: 9:00 AM - 5:00 PM
Wednesday: 9:00 AM - 5:00 PM
Thursday: 9:00 AM - 5:00 PM
Friday: 9:00 AM - 5:00 PM
Saturday: Closed
Sunday: Closed","2025-08-13T15:00:00Z","17.0","1"
"Coffeecompany","4.0","387","coffee_shop","https://maps.google.com/?cid=6138302323378531295&g_mp=Cidnb29nbGUubWFwcy5wbGFjZXMudjEuUGxhY2VzLlNlYXJjaFRleHQQABgEIAA","Van Woustraat 92, 1073 LP Amsterdam, Netherlands","52.35489","4.9009279999999995","Monday: 7:30 AM - 6:00 PM
Tuesday: 7:30 AM - 6:00 PM
Wednesday: 7:30 AM - 6:00 PM
Thursday: 7:30 AM - 6:00 PM
Friday: 7:30 AM - 6:00 PM
Saturday: 8:30 AM - 6:00 PM
Sunday: 8:30 AM - 6:00 PM","2025-08-13T16:00:00Z","18.0","1"
"Scandinavian Embassy.","4.4","1695","cafe","https://maps.google.com/?cid=8489887193750794617&g_mp=Cidnb29nbGUubWFwcy5wbGFjZXMudjEuUGxhY2VzLlNlYXJjaFRleHQQABgEIAA","Sarphatipark 34, 1072 PB Amsterdam, Netherlands","52.353456099999995","4.8942191","Monday: 8:00 AM - 5:00 PM
Tuesday: 8:00 AM - 5:00 PM
Wednesday: 8:00 AM - 5:00 PM
Thursday: 8:00 AM - 5:00 PM
Friday: 8:00 AM - 5:00 PM
Saturday: 9:00 AM - 5:00 PM
Sunday: 9:00 AM - 5:00 PM","2025-08-13T15:00:00Z","17.0","1"
"Hummingbird Coffee Amsterdam","4.6","852","coffee_shop","https://maps.google.com/?cid=16912688596054977832&g_mp=Cidnb29nbGUubWFwcy5wbGFjZXMudjEuUGxhY2VzLlNlYXJjaFRleHQQABgEIAA","Spuistraat 217, 1012 RN Amsterdam, Netherlands","52.371586799999996","4.8895102999999995","Monday: 8:30 AM - 5:00 PM
Tuesday: 8:30 AM - 5:00 PM
Wednesday: 8:30 AM - 5:00 PM
Thursday: 8:30 AM - 5:00 PM
Friday: 8:30 AM - 5:00 PM
Saturday: 9:00 AM - 5:30 PM
Sunday: 9:00 AM - 5:30 PM","2025-08-13T15:00:00Z","17.0","1"
"Ceintuur Theater","4.3","5528","restaurant","https://maps.google.com/?cid=3123542226567341291&g_mp=Cidnb29nbGUubWFwcy5wbGFjZXMudjEuUGxhY2VzLlNlYXJjaFRleHQQABgEIAA","Ceintuurbaan 282, 1072 GK Amsterdam, Netherlands","52.352607899999995","4.891426699999999","Monday: 9:00 AM - 6:00 PM
Tuesday: 9:00 AM - 6:00 PM
Wednesday: 9:00 AM - 6:00 PM
Thursday: 9:00 AM - 6:00 PM
Friday: 9:00 AM - 6:00 PM
Saturday: 9:00 AM - 6:00 PM
Sunday: 9:00 AM - 6:00 PM","2025-08-13T16:00:00Z","18.0","1"
"Ranchi Amsterdam","4.6","295","restaurant","https://maps.google.com/?cid=4716321723663564984&g_mp=Cidnb29nbGUubWFwcy5wbGFjZXMudjEuUGxhY2VzLlNlYXJjaFRleHQQABgEIAA","Albert Cuypstraat 260, 1073 BR Amsterdam, Netherlands","52.3567541","4.8985211","Monday: 11:00 AM - 5:00 PM
Tuesday: 11:00 AM - 5:00 PM
Wednesday: 11:00 AM - 5:00 PM
Thursday: 11:00 AM - 5:00 PM
Friday: 11:00 AM - 5:00 PM
Saturday: 11:00 AM - 5:00 PM
Sunday: 11:00 AM - 5:00 PM","2025-08-13T15:00:00Z","17.0","1"
"Café My Place","4.8","154","pub","https://maps.google.com/?cid=15256358432887278629&g_mp=Cidnb29nbGUubWFwcy5wbGFjZXMudjEuUGxhY2VzLlNlYXJjaFRleHQQABgEIAA","Eerste van der Helststraat 45, 1073 AC Amsterdam, Netherlands","52.3552441","4.893375300000001","Monday: Closed
Tuesday: Closed
Wednesday: 11:00 AM - 8:00 PM
Thursday: 11:00 AM - 8:00 PM
Friday: 11:00 AM - 1:00 AM
Saturday: 11:00 AM - 1:00 AM
Sunday: 11:00 AM - 8:00 PM","2025-08-13T18:00:00Z","20.0","1"
"Café Bloemers B.V.","4.1","534","cafe","https://maps.google.com/?cid=386995246056376560&g_mp=Cidnb29nbGUubWFwcy5wbGFjZXMudjEuUGxhY2VzLlNlYXJjaFRleHQQABgEIAA","Hemonystraat 70, 1074 BT Amsterdam, Netherlands","52.3555894","4.9031481999999995","Monday: Closed
Tuesday: Closed
Wednesday: 10:00 AM - 1:00 AM
Thursday: 10:00 AM - 1:00 AM
Friday: 10:00 AM - 3:00 AM
Saturday: 10:00 AM - 3:00 AM
Sunday: 10:00 AM - 1:00 AM","2025-08-13T23:00:00Z","1.0","0"
"Koffiehuis ""De Markt""","4.5","101","cafe","https://maps.google.com/?cid=8962417617156542898&g_mp=Cidnb29nbGUubWFwcy5wbGFjZXMudjEuUGxhY2VzLlNlYXJjaFRleHQQABgEIAA","Albert Cuypstraat 122-B, 1072 EA Amsterdam, Netherlands","52.3552979","4.8927681","Monday: 7:00 AM - 10:00 PM
Tuesday: 7:00 AM - 10:00 PM
Wednesday: 7:00 AM - 10:00 PM
Thursday: 7:00 AM - 10:00 PM
Friday: 7:00 AM - 10:00 PM
Saturday: 7:00 AM - 10:00 PM
Sunday: Closed","2025-08-13T20:00:00Z","22.0","1"
"LERA — Matcha, Coffee, Goods","4.1","288","food_store","https://maps.google.com/?cid=14980288497926744894&g_mp=Cidnb29nbGUubWFwcy5wbGFjZXMudjEuUGxhY2VzLlNlYXJjaFRleHQQABgEIAA","Ferdinand Bolstraat 146, 1072 GJ Amsterdam, Netherlands","52.3524323","4.8910493","Monday: 9:00 AM - 5:00 PM
Tuesday: 9:00 AM - 5:00 PM
Wednesday: 9:00 AM - 5:00 PM
Thursday: 9:00 AM - 5:00 PM
Friday: 9:00 AM - 5:00 PM
Saturday: 9:00 AM - 5:00 PM
Sunday: 9:00 AM - 5:00 PM","2025-08-13T15:00:00Z","17.0","1"
"Coffeeshop Blue Sea","4.2","261","store","https://maps.google.com/?cid=8634025258471668576&g_mp=Cidnb29nbGUubWFwcy5wbGFjZXMudjEuUGxhY2VzLlNlYXJjaFRleHQQABgEIAA","Van Woustraat 87, 1074 AE Amsterdam, Netherlands","52.354599","4.901661799999999","Monday: 9:30 AM - 1:00 AM
Tuesday: 9:30 AM - 1:00 AM
Wednesday: 9:30 AM - 1:00 AM
Thursday: 9:30 AM - 1:00 AM
Friday: 9:30 AM - 1:00 AM
Saturday: 9:30 AM - 1:00 AM
Sunday: 9:30 AM - 1:00 AM","2025-08-13T23:00:00Z","1.0","0"
"de Dakduif","4.5","410","breakfast_restaurant","https://maps.google.com/?cid=1872535132038676950&g_mp=Cidnb29nbGUubWFwcy5wbGFjZXMudjEuUGxhY2VzLlNlYXJjaFRleHQQABgEIAA","Eerste Sweelinckstraat 12, 1073 CM Amsterdam, Netherlands","52.356403","4.8973566","Monday: 10:00 AM - 6:00 PM
Tuesday: 10:00 AM - 6:00 PM
Wednesday: 10:00 AM - 10:00 PM
Thursday: 10:00 AM - 1:00 AM
Friday: 10:00 AM - 1:00 AM
Saturday: 9:00 AM - 1:00 AM
Sunday: 11:00 AM - 6:00 PM","2025-08-13T20:00:00Z","22.0","1"
"Green House Pijp Coffeeshop","4.3","408","store","https://maps.google.com/?cid=5514001637010403417&g_mp=Cidnb29nbGUubWFwcy5wbGFjZXMudjEuUGxhY2VzLlNlYXJjaFRleHQQABgEIAA","Tolstraat 91, 1074 VG Amsterdam, Netherlands","52.352372599999995","4.9034241","Monday: 9:00 AM - 12:00 AM
Tuesday: 9:00 AM - 12:00 AM
Wednesday: 9:00 AM - 12:00 AM
Thursday: 9:00 AM - 12:00 AM
Friday: 9:00 AM - 1:00 AM
Saturday: 9:00 AM - 1:00 AM
Sunday: 9:00 AM - 12:00 AM","2025-08-13T22:00:00Z","0.0","0"
"Café De Baron Amsterdam","4.5","261","pub","https://maps.google.com/?cid=16013845434651658729&g_mp=Cidnb29nbGUubWFwcy5wbGFjZXMudjEuUGxhY2VzLlNlYXJjaFRleHQQABgEIAA","Tweede Jacob van Campenstraat 150H, 1073 XZ Amsterdam, Netherlands","52.356936999999995","4.896787000000001","","","","1"
"Anook Bakehouse","4.6","280","dessert_shop","https://maps.google.com/?cid=13586572448517858276&g_mp=Cidnb29nbGUubWFwcy5wbGFjZXMudjEuUGxhY2VzLlNlYXJjaFRleHQQABgEIAA","Ferdinand Bolstraat 182, 1072 LV Amsterdam, Netherlands","52.351248","4.891265","Monday: Closed
Tuesday: 9:00 AM - 5:00 PM
Wednesday: 9:00 AM - 5:00 PM
Thursday: 9:00 AM - 5:00 PM
Friday: 9:00 AM - 5:00 PM
Saturday: 9:00 AM - 5:00 PM
Sunday: 9:00 AM - 5:00 PM","2025-08-13T15:00:00Z","17.0","1"
"Venster 33","4.5","2108","restaurant","https://maps.google.com/?cid=530109938797308093&g_mp=Cidnb29nbGUubWFwcy5wbGFjZXMudjEuUGxhY2VzLlNlYXJjaFRleHQQABgEIAA","Eerste van der Helststraat 42, 1072 NV Amsterdam, Netherlands","52.3564206","4.8923475","Monday: 4:00 PM - 1:00 AM
Tuesday: 11:00 AM - 1:00 AM
Wednesday: 11:00 AM - 1:00 AM
Thursday: 11:00 AM - 1:00 AM
Friday: 11:00 AM - 3:00 AM
Saturday: 11:00 AM - 3:00 AM
Sunday: 11:00 AM - 1:00 AM","2025-08-13T23:00:00Z","1.0","0"
"Cafe Krull","4.0","539","cafe","https://maps.google.com/?cid=1593807206266568709&g_mp=Cidnb29nbGUubWFwcy5wbGFjZXMudjEuUGxhY2VzLlNlYXJjaFRleHQQABgEIAA","Sarphatipark 2, 1072 PA Amsterdam, Netherlands","52.3544347","4.893600999999999","Monday: 9:00 AM - 1:00 AM
Tuesday: 9:00 AM - 1:00 AM
Wednesday: 9:00 AM - 1:00 AM
Thursday: 9:00 AM - 1:00 AM
Friday: 9:00 AM - 3:00 AM
Saturday: 9:00 AM - 3:00 AM
Sunday: 10:00 AM - 1:00 AM","2025-08-13T23:00:00Z","1.0","0"
"Chris Scholten Café","4.6","226","cafe","https://maps.google.com/?cid=4110149350803231343&g_mp=Cidnb29nbGUubWFwcy5wbGFjZXMudjEuUGxhY2VzLlNlYXJjaFRleHQQABgEIAA","Van Woustraat 104, 1073 LR Amsterdam, Netherlands","52.354293299999995","4.9014622","Monday: 9:00 AM - 1:00 AM
Tuesday: 9:00 AM - 1:00 AM
Wednesday: 9:00 AM - 1:00 AM
Thursday: 9:00 AM - 1:00 AM
Friday: 9:00 AM - 3:00 AM
Saturday: 9:00 AM - 3:00 AM
Sunday: 9:00 AM - 1:00 AM","2025-08-13T23:00:00Z","1.0","0"
"Crema Amsterdam","5.0","24","bakery","https://maps.google.com/?cid=7490009133037137409&g_mp=Cidnb29nbGUubWFwcy5wbGFjZXMudjEuUGxhY2VzLlNlYXJjaFRleHQQABgEIAA","Albert Cuypstraat 82-H, 1072 CX Amsterdam, Netherlands","52.35497230000001","4.890939899999999","Monday: 9:00 AM - 7:00 PM
Tuesday: Closed
Wednesday: 9:00 AM - 7:00 PM
Thursday: 9:00 AM - 7:00 PM
Friday: 9:00 AM - 7:00 PM
Saturday: 9:00 AM - 7:00 PM
Sunday: 9:00 AM - 7:00 PM","2025-08-13T17:00:00Z","19.0","1"
"Dak Showroom by Dak Coffee Roasters","4.8","124","coffee_shop","https://maps.google.com/?cid=10131096394286370724&g_mp=Cidnb29nbGUubWFwcy5wbGFjZXMudjEuUGxhY2VzLlNlYXJjaFRleHQQABgEIAA","Bellamyplein 16H, 1053 AS Amsterdam, Netherlands","52.3684127","4.867310499999999","Monday: 8:00 AM - 5:00 PM
Tuesday: 8:00 AM - 5:00 PM
Wednesday: 8:00 AM - 5:00 PM
Thursday: 8:00 AM - 5:00 PM
Friday: 8:00 AM - 5:00 PM
Saturday: 9:00 AM - 5:00 PM
Sunday: 9:00 AM - 5:00 PM","2025-08-13T15:00:00Z","17.0","1"
"Buro de Pijp","4.8","34","","https://maps.google.com/?cid=8783982246634268961&g_mp=Cidnb29nbGUubWFwcy5wbGFjZXMudjEuUGxhY2VzLlNlYXJjaFRleHQQABgEIAA","Eerste Jan Steenstraat 72, 1072 NN Amsterdam, Netherlands","52.353861099999996","4.8901354","Monday: 9:00 AM - 5:00 PM
Tuesday: 9:00 AM - 5:00 PM
Wednesday: 9:00 AM - 5:00 PM
Thursday: 9:00 AM - 5:00 PM
Friday: 9:00 AM - 5:00 PM
Saturday: Closed
Sunday: Closed","2025-08-13T15:00:00Z","17.0","1"
"Coffeecompany","4.0","387","coffee_shop","https://maps.google.com/?cid=6138302323378531295&g_mp=Cidnb29nbGUubWFwcy5wbGFjZXMudjEuUGxhY2VzLlNlYXJjaFRleHQQABgEIAA","Van Woustraat 92, 1073 LP Amsterdam, Netherlands","52.35489","4.9009279999999995","Monday: 7:30 AM - 6:00 PM
Tuesday: 7:30 AM - 6:00 PM
Wednesday: 7:30 AM - 6:00 PM
Thursday: 7:30 AM - 6:00 PM
Friday: 7:30 AM - 6:00 PM
Saturday: 8:30 AM - 6:00 PM
Sunday: 8:30 AM - 6:00 PM","2025-08-13T16:00:00Z","18.0","1"
"Scandinavian Embassy.","4.4","1695","cafe","https://maps.google.com/?cid=8489887193750794617&g_mp=Cidnb29nbGUubWFwcy5wbGFjZXMudjEuUGxhY2VzLlNlYXJjaFRleHQQABgEIAA","Sarphatipark 34, 1072 PB Amsterdam, Netherlands","52.353456099999995","4.8942191","Monday: 8:00 AM - 5:00 PM
Tuesday: 8:00 AM - 5:00 PM
Wednesday: 8:00 AM - 5:00 PM
Thursday: 8:00 AM - 5:00 PM
Friday: 8:00 AM - 5:00 PM
Saturday: 9:00 AM - 5:00 PM
Sunday: 9:00 AM - 5:00 PM","2025-08-13T15:00:00Z","17.0","1"
"Hummingbird Coffee Amsterdam","4.6","852","coffee_shop","https://maps.google.com/?cid=16912688596054977832&g_mp=Cidnb29nbGUubWFwcy5wbGFjZXMudjEuUGxhY2VzLlNlYXJjaFRleHQQABgEIAA","Spuistraat 217, 1012 RN Amsterdam, Netherlands","52.371586799999996","4.8895102999999995","Monday: 8:30 AM - 5:00 PM
Tuesday: 8:30 AM - 5:00 PM
Wednesday: 8:30 AM - 5:00 PM
Thursday: 8:30 AM - 5:00 PM
Friday: 8:30 AM - 5:00 PM
Saturday: 9:00 AM - 5:30 PM
Sunday: 9:00 AM - 5:30 PM","2025-08-13T15:00:00Z","17.0","1"
"Ceintuur Theater","4.3","5528","restaurant","https://maps.google.com/?cid=3123542226567341291&g_mp=Cidnb29nbGUubWFwcy5wbGFjZXMudjEuUGxhY2VzLlNlYXJjaFRleHQQABgEIAA","Ceintuurbaan 282, 1072 GK Amsterdam, Netherlands","52.352607899999995","4.891426699999999","Monday: 9:00 AM - 6:00 PM
Tuesday: 9:00 AM - 6:00 PM
Wednesday: 9:00 AM - 6:00 PM
Thursday: 9:00 AM - 6:00 PM
Friday: 9:00 AM - 6:00 PM
Saturday: 9:00 AM - 6:00 PM
Sunday: 9:00 AM - 6:00 PM","2025-08-13T16:00:00Z","18.0","1"
"Ranchi Amsterdam","4.6","295","restaurant","https://maps.google.com/?cid=4716321723663564984&g_mp=Cidnb29nbGUubWFwcy5wbGFjZXMudjEuUGxhY2VzLlNlYXJjaFRleHQQABgEIAA","Albert Cuypstraat 260, 1073 BR Amsterdam, Netherlands","52.3567541","4.8985211","Monday: 11:00 AM - 5:00 PM
Tuesday: 11:00 AM - 5:00 PM
Wednesday: 11:00 AM - 5:00 PM
Thursday: 11:00 AM - 5:00 PM
Friday: 11:00 AM - 5:00 PM
Saturday: 11:00 AM - 5:00 PM
Sunday: 11:00 AM - 5:00 PM","2025-08-13T15:00:00Z","17.0","1"
"Coffee Bru","4.5","739","coffee_shop","https://maps.google.com/?cid=6857746182893061174&g_mp=Cidnb29nbGUubWFwcy5wbGFjZXMudjEuUGxhY2VzLlNlYXJjaFRleHQQABgEIAA","Beukenplein 14, 1091 KG Amsterdam, Netherlands","52.3570888","4.9177032999999994","Monday: 7:30 AM - 4:00 PM
Tuesday: 7:30 AM - 4:00 PM
Wednesday: 7:30 AM - 4:00 PM
Thursday: 7:30 AM - 4:00 PM
Friday: 7:30 AM - 4:00 PM
Saturday: 8:30 AM - 4:00 PM
Sunday: 8:30 AM - 4:00 PM","2025-08-13T14:00:00Z","16.0","1"
"Coffeeshop Oost","4.9","442","store","https://maps.google.com/?cid=7069950434027526891&g_mp=Cidnb29nbGUubWFwcy5wbGFjZXMudjEuUGxhY2VzLlNlYXJjaFRleHQQABgEIAA","Derde Oosterparkstraat 73H, 1091 HS Amsterdam, Netherlands","52.3564545","4.9162555","Monday: 9:00 AM - 12:00 AM
Tuesday: 9:00 AM - 12:00 AM
Wednesday: 9:00 AM - 12:00 AM
Thursday: 9:00 AM - 12:00 AM
Friday: 9:00 AM - 12:00 AM
Saturday: 9:00 AM - 12:00 AM
Sunday: 9:00 AM - 12:00 AM","2025-08-13T22:00:00Z","0.0","0"
"YUSU","4.6","1005","coffee_shop","https://maps.google.com/?cid=7833120867751023708&g_mp=Cidnb29nbGUubWFwcy5wbGFjZXMudjEuUGxhY2VzLlNlYXJjaFRleHQQABgEIAA","Andreas Bonnstraat 2, 1091 AX Amsterdam, Netherlands","52.3598821","4.9110865","Monday: 8:00 AM - 6:00 PM
Tuesday: 8:00 AM - 6:00 PM
Wednesday: 8:00 AM - 6:00 PM
Thursday: 8:00 AM - 6:00 PM
Friday: 8:00 AM - 6:00 PM
Saturday: 9:00 AM - 6:00 PM
Sunday: 9:00 AM - 6:00 PM","2025-08-13T16:00:00Z","18.0","1"
"Five Ways Coffee Roasters","4.7","559","brunch_restaurant","https://maps.google.com/?cid=8361652983497465977&g_mp=Cidnb29nbGUubWFwcy5wbGFjZXMudjEuUGxhY2VzLlNlYXJjaFRleHQQABgEIAA","Boerhaaveplein 3, 1091 DH Amsterdam, Netherlands","52.3598712","4.9123059","Monday: 8:00 AM - 5:00 PM
Tuesday: 8:00 AM - 5:00 PM
Wednesday: 8:00 AM - 5:00 PM
Thursday: 8:00 AM - 5:00 PM
Friday: 8:00 AM - 5:00 PM
Saturday: 9:00 AM - 6:00 PM
Sunday: 9:00 AM - 6:00 PM","2025-08-13T15:00:00Z","17.0","1"
"KAFFEE","4.9","78","coffee_shop","https://maps.google.com/?cid=8421054051385896147&g_mp=Cidnb29nbGUubWFwcy5wbGFjZXMudjEuUGxhY2VzLlNlYXJjaFRleHQQABgEIAA","Dapperplein 45, 1093 GP Amsterdam, Netherlands","52.362005499999995","4.9282680999999995","Monday: 8:00 AM - 6:00 PM
Tuesday: 8:00 AM - 6:00 PM
Wednesday: 8:00 AM - 6:00 PM
Thursday: 8:00 AM - 6:00 PM
Friday: 8:00 AM - 6:00 PM
Saturday: 9:00 AM - 6:00 PM
Sunday: Closed","2025-08-13T16:00:00Z","18.0","1"
"noon coffee & culture","5.0","30","coffee_shop","https://maps.google.com/?cid=17550316578453985676&g_mp=Cidnb29nbGUubWFwcy5wbGFjZXMudjEuUGxhY2VzLlNlYXJjaFRleHQQABgEIAA","Kruislaan 259A, 1098 SH Amsterdam, Netherlands","52.352624299999995","4.9473817","Monday: 8:00 AM - 4:00 PM
Tuesday: 8:00 AM - 4:00 PM
Wednesday: 8:00 AM - 4:00 PM
Thursday: 8:00 AM - 4:00 PM
Friday: 8:00 AM - 4:00 PM
Saturday: 9:00 AM - 4:00 PM
Sunday: 9:00 AM - 4:00 PM","2025-08-13T14:00:00Z","16.0","1"
"Rum Baba coffeeroasters Shop & Brew-bar East","4.5","873","","https://maps.google.com/?cid=13602371112918787009&g_mp=Cidnb29nbGUubWFwcy5wbGFjZXMudjEuUGxhY2VzLlNlYXJjaFRleHQQABgEIAA","Pretoriusstraat 15, 1092 EW Amsterdam, Netherlands","52.355993600000005","4.9265403","Monday: 7:30 AM - 4:30 PM
Tuesday: 7:30 AM - 4:30 PM
Wednesday: 7:30 AM - 4:30 PM
Thursday: 7:30 AM - 4:30 PM
Friday: 7:30 AM - 5:00 PM
Saturday: 8:00 AM - 5:00 PM
Sunday: 8:30 AM - 5:00 PM","2025-08-13T14:30:00Z","16.0","1"
"Wakuli specialty coffee bar","4.8","75","cafe","https://maps.google.com/?cid=5939224436823812276&g_mp=Cidnb29nbGUubWFwcy5wbGFjZXMudjEuUGxhY2VzLlNlYXJjaFRleHQQABgEIAA","Wagenaarstraat 70H, 1093 CV Amsterdam, Netherlands","52.3630664","4.9269935","Monday: 7:00 AM - 5:00 PM
Tuesday: 7:00 AM - 5:00 PM
Wednesday: 7:00 AM - 5:00 PM
Thursday: 7:00 AM - 5:00 PM
Friday: 7:00 AM - 5:00 PM
Saturday: 8:00 AM - 6:00 PM
Sunday: 8:00 AM - 6:00 PM","2025-08-13T15:00:00Z","17.0","1"
"Wakuli specialty coffee bar","4.6","132","coffee_shop","https://maps.google.com/?cid=17799213473600100035&g_mp=Cidnb29nbGUubWFwcy5wbGFjZXMudjEuUGxhY2VzLlNlYXJjaFRleHQQABgEIAA","Linnaeusstraat 237a, 1093 EP Amsterdam, Netherlands","52.3559863","4.9280085","Monday: 7:00 AM - 6:00 PM
Tuesday: 7:00 AM - 6:00 PM
Wednesday: 7:00 AM - 6:00 PM
Thursday: 7:00 AM - 6:00 PM
Friday: 7:00 AM - 6:00 PM
Saturday: 8:00 AM - 6:00 PM
Sunday: 8:00 AM - 6:00 PM","2025-08-13T16:00:00Z","18.0","1"
"Harvey Amsterdam","4.6","299","coffee_shop","https://maps.google.com/?cid=3862477958516650040&g_mp=Cidnb29nbGUubWFwcy5wbGFjZXMudjEuUGxhY2VzLlNlYXJjaFRleHQQABgEIAA","Galileïplantsoen 94, 1098 NC Amsterdam, Netherlands","52.354473299999995","4.941558199999999","Monday: 8:00 AM - 5:00 PM
Tuesday: 8:00 AM - 5:00 PM
Wednesday: 8:00 AM - 5:00 PM
Thursday: 8:00 AM - 5:00 PM
Friday: 8:00 AM - 5:00 PM
Saturday: 8:00 AM - 5:00 PM
Sunday: 9:00 AM - 5:00 PM","2025-08-13T15:00:00Z","17.0","1"
"Motion Coffee","4.4","257","coffee_shop","https://maps.google.com/?cid=4765669746701620286&g_mp=Cidnb29nbGUubWFwcy5wbGFjZXMudjEuUGxhY2VzLlNlYXJjaFRleHQQABgEIAA","Eerste Van Swindenstraat 547, 1093 LC Amsterdam, Netherlands","52.3633939","4.930052","Monday: 8:30 AM - 5:00 PM
Tuesday: 8:30 AM - 5:00 PM
Wednesday: 8:30 AM - 5:00 PM
Thursday: 8:30 AM - 5:00 PM
Friday: 8:30 AM - 5:00 PM
Saturday: 9:00 AM - 6:00 PM
Sunday: 10:00 AM - 5:00 PM","2025-08-13T15:00:00Z","17.0","1"
"Haku Specialty Coffee","4.8","329","food_store","https://maps.google.com/?cid=6154733505273622538&g_mp=Cidnb29nbGUubWFwcy5wbGFjZXMudjEuUGxhY2VzLlNlYXJjaFRleHQQABgEIAA","Rozengracht 69, 1016 LT Amsterdam, Netherlands","52.373287999999995","4.880800499999999","Monday: 8:00 AM - 5:00 PM
Tuesday: 8:00 AM - 5:00 PM
Wednesday: 8:00 AM - 5:00 PM
Thursday: 8:00 AM - 5:00 PM
Friday: 8:00 AM - 5:00 PM
Saturday: 9:00 AM - 6:00 PM
Sunday: 9:00 AM - 6:00 PM","2025-08-13T15:00:00Z","17.0","1"
"Hummingbird Coffee Amsterdam","4.6","852","coffee_shop","https://maps.google.com/?cid=16912688596054977832&g_mp=Cidnb29nbGUubWFwcy5wbGFjZXMudjEuUGxhY2VzLlNlYXJjaFRleHQQABgEIAA","Spuistraat 217, 1012 RN Amsterdam, Netherlands","52.371586799999996","4.8895102999999995","Monday: 8:30 AM - 5:00 PM
Tuesday: 8:30 AM - 5:00 PM
Wednesday: 8:30 AM - 5:00 PM
Thursday: 8:30 AM - 5:00 PM
Friday: 8:30 AM - 5:00 PM
Saturday: 9:00 AM - 5:30 PM
Sunday: 9:00 AM - 5:30 PM","2025-08-13T15:00:00Z","17.0","1"
"Bapa Collective","4.9","40","coffee_shop","https://maps.google.com/?cid=2084258102284353964&g_mp=Cidnb29nbGUubWFwcy5wbGFjZXMudjEuUGxhY2VzLlNlYXJjaFRleHQQABgEIAA","Sumatrastraat 70h, 1094 NH Amsterdam, Netherlands","52.3624095","4.9358854999999995","Monday: Closed
Tuesday: Closed
Wednesday: 8:00 AM - 4:00 PM
Thursday: 8:00 AM - 4:00 PM
Friday: 8:00 AM - 4:00 PM
Saturday: 9:00 AM - 4:00 PM
Sunday: 9:00 AM - 4:00 PM","2025-08-13T14:00:00Z","16.0","1"
"Alpha coffee Amsterdam","4.9","192","coffee_shop","https://maps.google.com/?cid=4986897687822909375&g_mp=Cidnb29nbGUubWFwcy5wbGFjZXMudjEuUGxhY2VzLlNlYXJjaFRleHQQABgEIAA","Amstel 47, 1011 PW Amsterdam, Netherlands","52.3662631","4.9018763","Monday: 9:00 AM - 6:00 PM
Tuesday: 9:00 AM - 6:00 PM
Wednesday: 9:00 AM - 6:00 PM
Thursday: 9:00 AM - 6:00 PM
Friday: 9:00 AM - 6:00 PM
Saturday: 9:30 AM - 6:00 PM
Sunday: 9:30 AM - 6:00 PM","2025-08-13T16:00:00Z","18.0","1"
"KOF Amsterdam Coffee Roasters","4.5","160","coffee_shop","https://maps.google.com/?cid=12834393538407371771&g_mp=Cidnb29nbGUubWFwcy5wbGFjZXMudjEuUGxhY2VzLlNlYXJjaFRleHQQABgEIAA","Huidenstraat 30I, 1016 ET Amsterdam, Netherlands","52.368895599999995","4.8851448","Monday: 8:00 AM - 6:00 PM
Tuesday: 8:00 AM - 6:00 PM
Wednesday: 8:00 AM - 6:00 PM
Thursday: 8:00 AM - 6:00 PM
Friday: 8:00 AM - 6:00 PM
Saturday: 8:00 AM - 6:00 PM
Sunday: 8:00 AM - 6:00 PM","2025-08-13T16:00:00Z","18.0","1"
"Bocca Coffee","4.4","1863","coffee_shop","https://maps.google.com/?cid=18188383309989194106&g_mp=Cidnb29nbGUubWFwcy5wbGFjZXMudjEuUGxhY2VzLlNlYXJjaFRleHQQABgEIAA","Kerkstraat 96H, 1017 GP Amsterdam, Netherlands","52.3643905","4.8868164","Monday: 8:00 AM - 6:00 PM
Tuesday: 8:00 AM - 6:00 PM
Wednesday: 8:00 AM - 6:00 PM
Thursday: 8:00 AM - 6:00 PM
Friday: 8:00 AM - 6:00 PM
Saturday: 9:00 AM - 6:00 PM
Sunday: 9:00 AM - 6:00 PM","2025-08-13T16:00:00Z","18.0","1"
"Barmhartig Koffie","4.7","272","coffee_shop","https://maps.google.com/?cid=8007834723323404591&g_mp=Cidnb29nbGUubWFwcy5wbGFjZXMudjEuUGxhY2VzLlNlYXJjaFRleHQQABgEIAA","Veemkade 1288, 1019 CZ Amsterdam, Netherlands","52.374092","4.938664999999999","Monday: 8:00 AM - 2:00 PM
Tuesday: 8:00 AM - 2:00 PM
Wednesday: 8:00 AM - 2:00 PM
Thursday: 8:00 AM - 2:00 PM
Friday: 8:00 AM - 2:00 PM
Saturday: 8:30 AM - 1:00 PM
Sunday: 9:00 AM - 1:00 PM","2025-08-13T12:00:00Z","14.0","1"
"Kafenion Amsterdam","4.9","3042","cafe","https://maps.google.com/?cid=13799867098777125081&g_mp=Cidnb29nbGUubWFwcy5wbGFjZXMudjEuUGxhY2VzLlNlYXJjaFRleHQQABgEIAA","Bloemgracht 49, 1016 KD Amsterdam, Netherlands","52.374677","4.8813721999999995","Monday: 8:00 AM - 7:00 PM
Tuesday: 8:00 AM - 7:00 PM
Wednesday: 8:00 AM - 7:00 PM
Thursday: 8:00 AM - 7:00 PM
Friday: 8:00 AM - 7:00 PM
Saturday: 9:00 AM - 7:30 PM
Sunday: 9:00 AM - 7:30 PM","2025-08-13T17:00:00Z","19.0","1"
"Café Kuijper","4.5","906","pub","https://maps.google.com/?cid=8669336951454278581&g_mp=Cidnb29nbGUubWFwcy5wbGFjZXMudjEuUGxhY2VzLlNlYXJjaFRleHQQABgEIAA","Linnaeusstraat 79, 1093 EK Amsterdam, Netherlands","52.359885999999996","4.925751399999999","Monday: 11:00 AM - 1:00 AM
Tuesday: 11:00 AM - 1:00 AM
Wednesday: 11:00 AM - 1:00 AM
Thursday: 11:00 AM - 1:00 AM
Friday: 11:00 AM - 3:00 AM
Saturday: 11:00 AM - 3:00 AM
Sunday: 11:00 AM - 1:00 AM","2025-08-13T23:00:00Z","1.0","0"
"KoffieKar Amsterdam","5.0","58","catering_service","https://maps.google.com/?cid=16949342322875604499&g_mp=Cidnb29nbGUubWFwcy5wbGFjZXMudjEuUGxhY2VzLlNlYXJjaFRleHQQABgEIAA","Zeeburgerkade 664, 1019 HS Amsterdam, Netherlands","52.369203999999996","4.9445405","Monday: Open 24 hours
Tuesday: Open 24 hours
Wednesday: Open 24 hours
Thursday: Open 24 hours
Friday: Open 24 hours
Saturday: Open 24 hours
Sunday: Open 24 hours","","","1"
"LOT61 Coffee Roasters","4.6","1930","food_store","https://maps.google.com/?cid=15526938402491586985&g_mp=Cidnb29nbGUubWFwcy5wbGFjZXMudjEuUGxhY2VzLlNlYXJjaFRleHQQABgEIAA","Kinkerstraat 112, 1053 ED Amsterdam, Netherlands","52.3668272","4.870314","Monday: 8:00 AM - 6:00 PM
Tuesday: 8:00 AM - 6:00 PM
Wednesday: 8:00 AM - 6:00 PM
Thursday: 8:00 AM - 6:00 PM
Friday: 8:00 AM - 6:00 PM
Saturday: 9:00 AM - 6:00 PM
Sunday: 9:00 AM - 6:00 PM","2025-08-13T16:00:00Z","18.0","1"
"Drovers Dog Atjehstraat","4.6","748","restaurant","https://maps.google.com/?cid=14626913248682720632&g_mp=Cidnb29nbGUubWFwcy5wbGFjZXMudjEuUGxhY2VzLlNlYXJjaFRleHQQABgEIAA","62, Eerste Atjehstraat, 1094 KP Amsterdam, Netherlands","52.3625098","4.9348415999999995","Monday: Closed
Tuesday: Closed
Wednesday: 10:00 AM - 4:00 PM
Thursday: 10:00 AM - 4:00 PM
Friday: 10:00 AM - 4:00 PM
Saturday: 10:00 AM - 5:00 PM
Sunday: 10:00 AM - 5:00 PM","2025-08-13T14:00:00Z","16.0","1"
"Wakuli specialty coffee bar","4.7","72","cafe","https://maps.google.com/?cid=11275652231488648513&g_mp=Cidnb29nbGUubWFwcy5wbGFjZXMudjEuUGxhY2VzLlNlYXJjaFRleHQQABgEIAA","Vijzelgracht 37, 1017 HP Amsterdam, Netherlands","52.3608019","4.8914608","Monday: 7:00 AM - 6:00 PM
Tuesday: 7:00 AM - 6:00 PM
Wednesday: 7:00 AM - 6:00 PM
Thursday: 7:00 AM - 6:00 PM
Friday: 7:00 AM - 6:00 PM
Saturday: 8:00 AM - 6:00 PM
Sunday: 8:00 AM - 6:00 PM","2025-08-13T16:00:00Z","18.0","1"
"Café Ko by Barista Concepts","4.3","18","coffee_shop","https://maps.google.com/?cid=1412788470785612720&g_mp=Cidnb29nbGUubWFwcy5wbGFjZXMudjEuUGxhY2VzLlNlYXJjaFRleHQQABgEIAA","Rhijnspoorplein 2, 1091 GM Amsterdam, Netherlands","52.35973990000001","4.9083353999999995","Monday: 8:00 AM - 7:00 PM
Tuesday: 8:00 AM - 7:00 PM
Wednesday: 8:00 AM - 7:00 PM
Thursday: 8:00 AM - 7:00 PM
Friday: 8:00 AM - 7:00 PM
Saturday: Closed
Sunday: Closed","2025-08-13T17:00:00Z","19.0","1"
"Louie Louie","4.4","2341","restaurant","https://maps.google.com/?cid=6146580831790851966&g_mp=Cidnb29nbGUubWFwcy5wbGFjZXMudjEuUGxhY2VzLlNlYXJjaFRleHQQABgEIAA","Linnaeusstraat 11A, 1093 TR Amsterdam, Netherlands","52.3630521","4.9238802999999995","Monday: 10:00 AM - 12:00 AM
Tuesday: 10:00 AM - 12:00 AM
Wednesday: 10:00 AM - 12:00 AM
Thursday: 10:00 AM - 1:00 AM
Friday: 10:00 AM - 2:00 AM
Saturday: 9:00 AM - 2:00 AM
Sunday: 9:00 AM - 12:00 AM","2025-08-13T22:00:00Z","0.0","0"
"BLUEY'S Coffee & Kitchen","4.5","246","brunch_restaurant","https://maps.google.com/?cid=14879791392346993108&g_mp=Cidnb29nbGUubWFwcy5wbGFjZXMudjEuUGxhY2VzLlNlYXJjaFRleHQQABgEIAA","Eef Kamerbeekstraat 182, 1095 MP Amsterdam, Netherlands","52.3733928","4.9640642","Monday: 9:00 AM - 5:00 PM
Tuesday: 9:00 AM - 5:00 PM
Wednesday: 9:00 AM - 5:00 PM
Thursday: 9:00 AM - 5:00 PM
Friday: 9:00 AM - 5:00 PM
Saturday: 9:00 AM - 5:00 PM
Sunday: 10:00 AM - 5:00 PM","2025-08-13T15:00:00Z","17.0","1"
"Benji's","4.4","1320","restaurant","https://maps.google.com/?cid=16662364151894993811&g_mp=Cidnb29nbGUubWFwcy5wbGFjZXMudjEuUGxhY2VzLlNlYXJjaFRleHQQABgEIAA","Wibautstraat 196, 1091 GS Amsterdam, Netherlands","52.352363499999996","4.9127833999999995","Monday: 8:00 AM - 4:00 PM
Tuesday: 8:00 AM - 4:00 PM
Wednesday: 8:00 AM - 4:00 PM
Thursday: 8:00 AM - 4:00 PM
Friday: 8:00 AM - 4:00 PM
Saturday: 9:00 AM - 4:00 PM
Sunday: 9:00 AM - 4:00 PM","2025-08-13T14:00:00Z","16.0","1"
"JōKi","5.0","99","coffee_shop","https://maps.google.com/?cid=2862114062873857760&g_mp=Cidnb29nbGUubWFwcy5wbGFjZXMudjEuUGxhY2VzLlNlYXJjaFRleHQQABgEIAA","Cruquiusweg 89F, 1019 AG Amsterdam, Netherlands","52.369028","4.9533188","Monday: 8:30 AM - 4:00 PM
Tuesday: 8:30 AM - 4:00 PM
Wednesday: 8:30 AM - 4:00 PM
Thursday: 8:30 AM - 4:00 PM
Friday: 8:30 AM - 4:00 PM
Saturday: 9:00 AM - 4:00 PM
Sunday: 9:00 AM - 4:00 PM","2025-08-13T14:00:00Z","16.0","1"
"Badeta Koffiebranders Watergraafsmeer","4.7","140","coffee_shop","https://maps.google.com/?cid=3615916064722845114&g_mp=Cidnb29nbGUubWFwcy5wbGFjZXMudjEuUGxhY2VzLlNlYXJjaFRleHQQABgEIAA","Helmholtzstraat 37, 1098 LD Amsterdam, Netherlands","52.3505682","4.9385593","Monday: 8:00 AM - 4:00 PM
Tuesday: 8:00 AM - 4:00 PM
Wednesday: 8:00 AM - 4:00 PM
Thursday: 8:00 AM - 4:00 PM
Friday: 8:00 AM - 4:00 PM
Saturday: 8:30 AM - 4:00 PM
Sunday: 8:30 AM - 4:00 PM","2025-08-13T14:00:00Z","16.0","1"
"Bar Botanique","4.3","2616","restaurant","https://maps.google.com/?cid=1434105402977909357&g_mp=Cidnb29nbGUubWFwcy5wbGFjZXMudjEuUGxhY2VzLlNlYXJjaFRleHQQABgEIAA","Eerste Van Swindenstraat 581, 1093 LC Amsterdam, Netherlands","52.363422","4.930292199999999","Monday: 8:30 AM - 12:00 AM
Tuesday: 8:30 AM - 12:00 AM
Wednesday: 8:30 AM - 12:00 AM
Thursday: 8:30 AM - 1:00 AM
Friday: 8:30 AM - 2:00 AM
Saturday: 9:00 AM - 2:00 AM
Sunday: 9:00 AM - 12:00 AM","2025-08-13T22:00:00Z","0.0","0"
"Viet Drip Coffee","5.0","30","coffee_shop","https://maps.google.com/?cid=10459110695794657345&g_mp=Cidnb29nbGUubWFwcy5wbGFjZXMudjEuUGxhY2VzLlNlYXJjaFRleHQQABgEIAA","Oosterpark, 1012AA Amsterdam, Netherlands","52.360406999999995","4.9184237","Monday: Closed
Tuesday: Closed
Wednesday: Closed
Thursday: Closed
Friday: Closed
Saturday: 12:00 - 5:00 PM
Sunday: 12:00 - 5:00 PM","","","1"
"coffeecompany","4.2","411","coffee_shop","https://maps.google.com/?cid=6033086750901908076&g_mp=Cidnb29nbGUubWFwcy5wbGFjZXMudjEuUGxhY2VzLlNlYXJjaFRleHQQABgEIAA","Wibautstraat 7, 1091 GH Amsterdam, Netherlands","52.3580213","4.9103324","Monday: 8:00 AM - 6:00 PM
Tuesday: 8:00 AM - 6:00 PM
Wednesday: 8:00 AM - 6:00 PM
Thursday: 8:00 AM - 6:00 PM
Friday: 8:00 AM - 6:00 PM
Saturday: 9:00 AM - 6:00 PM
Sunday: 9:00 AM - 6:00 PM","2025-08-13T16:00:00Z","18.0","1"
"Coffee Company.","4.3","235","coffee_shop","https://maps.google.com/?cid=13524333896700434976&g_mp=Cidnb29nbGUubWFwcy5wbGFjZXMudjEuUGxhY2VzLlNlYXJjaFRleHQQABgEIAA","Middenweg 32, 1097 BP Amsterdam, Netherlands","52.3543552","4.9293689999999994","Monday: 7:30 AM - 6:00 PM
Tuesday: 7:30 AM - 6:00 PM
Wednesday: 7:30 AM - 6:00 PM
Thursday: 7:30 AM - 6:00 PM
Friday: 7:30 AM - 6:00 PM
Saturday: 8:30 AM - 6:00 PM
Sunday: 8:30 AM - 6:00 PM","2025-08-13T16:00:00Z","18.0","1"
"Café Maxwell","4.3","1037","restaurant","https://maps.google.com/?cid=1042882110841954123&g_mp=Cidnb29nbGUubWFwcy5wbGFjZXMudjEuUGxhY2VzLlNlYXJjaFRleHQQABgEIAA","Beukenplein 27, 1092 BB Amsterdam, Netherlands","52.356801999999995","4.9186499999999995","Monday: 11:00 AM - 12:00 AM
Tuesday: 11:00 AM - 12:00 AM
Wednesday: 11:00 AM - 12:00 AM
Thursday: 11:00 AM - 1:00 AM
Friday: 11:00 AM - 2:00 AM
Saturday: 11:00 AM - 2:00 AM
Sunday: 11:00 AM - 10:00 PM","2025-08-13T22:00:00Z","0.0","0"
"Bam Boa","4.5","1425","restaurant","https://maps.google.com/?cid=12760069925251746023&g_mp=Cidnb29nbGUubWFwcy5wbGFjZXMudjEuUGxhY2VzLlNlYXJjaFRleHQQABgEIAA","Weesperzijde 135, 1091 ES Amsterdam, Netherlands","52.3496664","4.912773","Monday: 9:00 AM - 12:00 AM
Tuesday: 9:00 AM - 12:00 AM
Wednesday: 9:00 AM - 12:00 AM
Thursday: 9:00 AM - 12:00 AM
Friday: 9:00 AM - 12:00 AM
Saturday: 9:00 AM - 12:00 AM
Sunday: 9:00 AM - 12:00 AM","2025-08-13T22:00:00Z","0.0","0"
"Luuk's Coffee Noordermarkt","4.8","882","coffee_shop","https://maps.google.com/?cid=11045848961108365584&g_mp=Cidnb29nbGUubWFwcy5wbGFjZXMudjEuUGxhY2VzLlNlYXJjaFRleHQQABgEIAA","Westerstraat 3, 1015 LT Amsterdam, Netherlands","52.378763899999996","4.8862575","Monday: 7:30 AM - 4:30 PM
Tuesday: 7:30 AM - 4:30 PM
Wednesday: 7:30 AM - 4:30 PM
Thursday: 7:30 AM - 4:30 PM
Friday: 7:30 AM - 4:30 PM
Saturday: 8:00 AM - 5:00 PM
Sunday: 9:00 AM - 5:00 PM","2025-08-13T14:30:00Z","16.0","1"
"De Huismeesters","4.9","16","coffee_shop","https://maps.google.com/?cid=17472101391855533826&g_mp=Cidnb29nbGUubWFwcy5wbGFjZXMudjEuUGxhY2VzLlNlYXJjaFRleHQQABgEIAA","H.J.E. Wenckebachweg 210, 1096 AS Amsterdam, Netherlands","52.336273399999996","4.9376381","Monday: 8:30 AM - 5:00 PM
Tuesday: 8:30 AM - 5:00 PM
Wednesday: 8:30 AM - 5:00 PM
Thursday: 8:30 AM - 5:00 PM
Friday: 8:30 AM - 5:00 PM
Saturday: Closed
Sunday: Closed","2025-08-13T15:00:00Z","17.0","1"
"Buno Coffee Amstel","4.7","332","coffee_shop","https://maps.google.com/?cid=10274976036168927319&g_mp=Cidnb29nbGUubWFwcy5wbGFjZXMudjEuUGxhY2VzLlNlYXJjaFRleHQQABgEIAA","Julianaplein 4, 1097 DN Amsterdam, Netherlands","52.3460963","4.9193333","Monday: 7:30 AM - 5:00 PM
Tuesday: 7:30 AM - 5:00 PM
Wednesday: 7:30 AM - 5:00 PM
Thursday: 7:30 AM - 5:00 PM
Friday: 7:30 AM - 5:00 PM
Saturday: 8:00 AM - 5:00 PM
Sunday: 8:00 AM - 5:00 PM","2025-08-13T15:00:00Z","17.0","1"
"Coffee Company.","4.2","540","coffee_shop","https://maps.google.com/?cid=13256589724402703118&g_mp=Cidnb29nbGUubWFwcy5wbGFjZXMudjEuUGxhY2VzLlNlYXJjaFRleHQQABgEIAA","Javaplein 14, 1094 HW Amsterdam, Netherlands","52.364119699999996","4.9392271","Monday: 7:30 AM - 7:00 PM
Tuesday: 7:30 AM - 7:00 PM
Wednesday: 7:30 AM - 7:00 PM
Thursday: 7:30 AM - 7:00 PM
Friday: 7:30 AM - 7:00 PM
Saturday: 8:30 AM - 7:00 PM
Sunday: 8:30 AM - 7:00 PM","2025-08-13T17:00:00Z","19.0","1"
"Coffee shop","4.5","31","coffee_shop","https://maps.google.com/?cid=5536902477587549596&g_mp=Cidnb29nbGUubWFwcy5wbGFjZXMudjEuUGxhY2VzLlNlYXJjaFRleHQQABgEIAA","Blues Brothers Coffee Shop, Amstel 54HS, 1017 AB Amsterdam, Netherlands","52.3669351","4.8956979","Monday: 9:30 AM - 5:00 PM
Tuesday: 9:30 AM - 5:00 PM
Wednesday: 9:30 AM - 5:00 PM
Thursday: 9:30 AM - 5:00 PM
Friday: 9:30 AM - 5:00 PM
Saturday: 9:30 AM - 5:00 PM
Sunday: 10:00 AM - 6:00 PM","2025-08-13T15:00:00Z","17.0","1"
"Baking Lab Amsterdam","4.5","426","bakery","https://maps.google.com/?cid=12439111038831667506&g_mp=Cidnb29nbGUubWFwcy5wbGFjZXMudjEuUGxhY2VzLlNlYXJjaFRleHQQABgEIAA","Linnaeusstraat 99, 1093 EL Amsterdam, Netherlands","52.3584644","4.9265973","Monday: 8:00 AM - 5:00 PM
Tuesday: 8:00 AM - 5:00 PM
Wednesday: 8:00 AM - 5:00 PM
Thursday: 8:00 AM - 5:00 PM
Friday: 8:00 AM - 5:00 PM
Saturday: 8:00 AM - 5:00 PM
Sunday: 8:00 AM - 5:00 PM","2025-08-13T15:00:00Z","17.0","1"
"Monks Coffee Roasters.","4.7","874","cafe","https://maps.google.com/?cid=5891699866678143707&g_mp=Cidnb29nbGUubWFwcy5wbGFjZXMudjEuUGxhY2VzLlNlYXJjaFRleHQQABgEIAA","Bilderdijkstraat 46H, 1052 NB Amsterdam, Netherlands","52.3712151","4.8702463","Monday: 8:00 AM - 4:00 PM
Tuesday: 8:00 AM - 4:00 PM
Wednesday: 8:00 AM - 4:00 PM
Thursday: 8:00 AM - 4:00 PM
Friday: 8:00 AM - 4:00 PM
Saturday: 9:00 AM - 4:00 PM
Sunday: 9:00 AM - 4:00 PM","2025-08-13T14:00:00Z","16.0","1"
"Café - Koffiehuis Nieuwland","4.5","59","cafe","https://maps.google.com/?cid=10965597840241787887&g_mp=Cidnb29nbGUubWFwcy5wbGFjZXMudjEuUGxhY2VzLlNlYXJjaFRleHQQABgEIAA","Pieter Nieuwlandstraat 33, 1093 XL Amsterdam, Netherlands","52.3619047","4.9284129","Monday: 10:00 AM - 1:00 AM
Tuesday: 10:00 AM - 1:00 AM
Wednesday: 10:00 AM - 1:00 AM
Thursday: 10:00 AM - 1:00 AM
Friday: 10:00 AM - 3:00 AM
Saturday: 10:00 AM - 3:00 AM
Sunday: 11:00 AM - 1:00 AM","2025-08-13T23:00:00Z","1.0","0"
"Stooker Roasting Company","4.7","37","food_store","https://maps.google.com/?cid=6482172048708611299&g_mp=Cidnb29nbGUubWFwcy5wbGFjZXMudjEuUGxhY2VzLlNlYXJjaFRleHQQABgEIAA","Kastanjeplein 2, 1092 CJ Amsterdam, Netherlands","52.3589078","4.923247100000001","","","","1"
"The Breakfast Club","3.9","1904","breakfast_restaurant","https://maps.google.com/?cid=7380718833075364585&g_mp=Cidnb29nbGUubWFwcy5wbGFjZXMudjEuUGxhY2VzLlNlYXJjaFRleHQQABgEIAA","Wibautstraat 56, 1091 GN Amsterdam, Netherlands","52.3563924","4.9104573","Monday: 8:00 AM - 6:00 PM
Tuesday: 8:00 AM - 6:00 PM
Wednesday: 8:00 AM - 6:00 PM
Thursday: 8:00 AM - 6:00 PM
Friday: 8:00 AM - 6:00 PM
Saturday: 8:00 AM - 6:00 PM
Sunday: 8:00 AM - 6:00 PM","2025-08-13T16:00:00Z","18.0","1"
"Café ""De Nieuwe Stek""","4.7","70","cafe","https://maps.google.com/?cid=2689260214798527434&g_mp=Cidnb29nbGUubWFwcy5wbGFjZXMudjEuUGxhY2VzLlNlYXJjaFRleHQQABgEIAA","Dapperstraat 92-D, 1093 BZ Amsterdam, Netherlands","52.361010099999994","4.9283516","Monday: 10:00 AM - 1:00 AM
Tuesday: 10:00 AM - 1:00 AM
Wednesday: 10:00 AM - 1:00 AM
Thursday: 10:00 AM - 1:00 AM
Friday: 10:00 AM - 3:00 AM
Saturday: 10:00 AM - 3:00 AM
Sunday: 2:00 PM - 1:00 AM","2025-08-13T23:00:00Z","1.0","0"
"Qahwa d`Or","4.7","49","coffee_shop","https://maps.google.com/?cid=7902740157955231299&g_mp=Cidnb29nbGUubWFwcy5wbGFjZXMudjEuUGxhY2VzLlNlYXJjaFRleHQQABgEIAA","Javaplein 27A, 1095 CJ Amsterdam, Netherlands","52.3634472","4.9402935","Monday: Closed
Tuesday: 9:00 AM - 6:00 PM
Wednesday: 9:00 AM - 6:00 PM
Thursday: 9:00 AM - 6:00 PM
Friday: 9:00 AM - 6:00 PM
Saturday: 9:00 AM - 6:00 PM
Sunday: 9:00 AM - 6:00 PM","2025-08-13T16:00:00Z","18.0","1"
"4850","4.7","882","restaurant","https://maps.google.com/?cid=15703224936694937260&g_mp=Cidnb29nbGUubWFwcy5wbGFjZXMudjEuUGxhY2VzLlNlYXJjaFRleHQQABgEIAA","Camperstraat 48-50, 1091 CP Amsterdam, Netherlands","52.3577937","4.913378","Monday: 9:00 AM - 3:00 PM
Tuesday: 9:00 AM - 3:00 PM
Wednesday: 9:00 AM - 3:00 PM
Thursday: 9:00 AM - 11:00 PM
Friday: 9:00 AM - 11:00 PM
Saturday: 9:00 AM - 11:00 PM
Sunday: 9:00 AM - 4:00 PM","2025-08-13T13:00:00Z","15.0","1"
"The Greek Embassy - Coffee Bar Kouzina - Weesperzijde","4.5","1115","greek_restaurant","https://maps.google.com/?cid=14866639185330914168&g_mp=Cidnb29nbGUubWFwcy5wbGFjZXMudjEuUGxhY2VzLlNlYXJjaFRleHQQABgEIAA","Weesperzijde 85HS, 1091 EJ Amsterdam, Netherlands","52.352961699999994","4.910444399999999","Monday: 9:00 AM - 11:00 PM
Tuesday: 9:00 AM - 11:00 PM
Wednesday: 9:00 AM - 11:00 PM
Thursday: 9:00 AM - 11:00 PM
Friday: 9:00 AM - 11:00 PM
Saturday: 9:00 AM - 11:00 PM
Sunday: 9:00 AM - 11:00 PM","2025-08-13T21:00:00Z","23.0","0"
"LOCALS SPECIALTY COFFEE TO GO","4.4","269","cafe","https://maps.google.com/?cid=539555943290799912&g_mp=Cidnb29nbGUubWFwcy5wbGFjZXMudjEuUGxhY2VzLlNlYXJjaFRleHQQABgEIAA","Ferdinand Bolstraat 21-B, 1072 LB Amsterdam, Netherlands","52.3561044","4.890694","Monday: 8:00 AM - 4:00 PM
Tuesday: 8:00 AM - 4:00 PM
Wednesday: 8:00 AM - 4:00 PM
Thursday: 8:00 AM - 4:00 PM
Friday: 8:00 AM - 4:00 PM
Saturday: 8:00 AM - 5:00 PM
Sunday: 8:00 AM - 5:00 PM","2025-08-13T14:00:00Z","16.0","1"
"Cafecito","3.8","74","coffee_shop","https://maps.google.com/?cid=18251497126192449908&g_mp=Cidnb29nbGUubWFwcy5wbGFjZXMudjEuUGxhY2VzLlNlYXJjaFRleHQQABgEIAA","Linnaeusstraat 114, 1092 GN Amsterdam, Netherlands","52.3554137","4.9278482","Monday: 7:00 AM - 9:00 PM
Tuesday: 7:00 AM - 9:00 PM
Wednesday: 7:00 AM - 9:00 PM
Thursday: 7:00 AM - 9:00 PM
Friday: 7:00 AM - 10:00 PM
Saturday: 8:00 AM - 10:00 PM
Sunday: 8:00 AM - 10:00 PM","2025-08-13T19:00:00Z","21.0","1"
"The 5th | Amsterdam Oost","4.4","105","pub","https://maps.google.com/?cid=12671406924734755920&g_mp=Cidnb29nbGUubWFwcy5wbGFjZXMudjEuUGxhY2VzLlNlYXJjaFRleHQQABgEIAA","Timorplein 21, 1094 CC Amsterdam, Netherlands","52.365379999999995","4.9354587","Monday: 10:30 AM - 11:00 PM
Tuesday: 10:30 AM - 11:00 PM
Wednesday: 10:30 AM - 11:00 PM
Thursday: 10:30 AM - 11:00 PM
Friday: 8:00 AM - 12:00 AM
Saturday: 8:00 AM - 12:00 AM
Sunday: 8:00 AM - 11:00 PM","2025-08-13T21:00:00Z","23.0","0"
"Koffiespot","4.5","595","coffee_shop","https://maps.google.com/?cid=2122484869929095106&g_mp=Cidnb29nbGUubWFwcy5wbGFjZXMudjEuUGxhY2VzLlNlYXJjaFRleHQQABgEIAA","Elandsgracht 53, 1016 TN Amsterdam, Netherlands","52.3694002","4.8805982","Monday: 8:00 AM - 6:00 PM
Tuesday: 8:00 AM - 6:00 PM
Wednesday: 8:00 AM - 6:00 PM
Thursday: 8:00 AM - 6:00 PM
Friday: 8:00 AM - 6:00 PM
Saturday: 9:00 AM - 6:00 PM
Sunday: 9:00 AM - 6:00 PM","2025-08-13T16:00:00Z","18.0","1"
"Coffeeshop Eastwood","4.2","246","store","https://maps.google.com/?cid=12449232290831820849&g_mp=Cidnb29nbGUubWFwcy5wbGFjZXMudjEuUGxhY2VzLlNlYXJjaFRleHQQABgEIAA","Pieter Vlamingstraat 286, 1093 DK Amsterdam, Netherlands","52.3651614","4.9279763999999995","Monday: 7:00 AM - 1:00 AM
Tuesday: 7:00 AM - 1:00 AM
Wednesday: 7:00 AM - 1:00 AM
Thursday: 7:00 AM - 1:00 AM
Friday: 7:00 AM - 1:00 AM
Saturday: 7:00 AM - 1:00 AM
Sunday: 7:00 AM - 1:00 AM","2025-08-13T23:00:00Z","1.0","0"
"De Koffieschenkerij","4.7","3057","cafe","https://maps.google.com/?cid=5588248605643341817&g_mp=Cidnb29nbGUubWFwcy5wbGFjZXMudjEuUGxhY2VzLlNlYXJjaFRleHQQABgEIAA","Oudekerksplein 27, 1012 GX Amsterdam, Netherlands","52.3741148","4.898346699999999","Monday: 9:00 AM - 6:00 PM
Tuesday: 9:00 AM - 6:00 PM
Wednesday: 9:00 AM - 6:00 PM
Thursday: 9:00 AM - 6:00 PM
Friday: 9:00 AM - 6:00 PM
Saturday: 9:00 AM - 6:00 PM
Sunday: 9:00 AM - 6:00 PM","2025-08-13T16:00:00Z","18.0","1"
"Blend Coffee & Wine","4.0","392","pub","https://maps.google.com/?cid=6347607364668585641&g_mp=Cidnb29nbGUubWFwcy5wbGFjZXMudjEuUGxhY2VzLlNlYXJjaFRleHQQABgEIAA","Oranje-Vrijstaatplein 40, 1093 NG Amsterdam, Netherlands","52.3565034","4.9302914","Monday: 10:00 AM - 7:00 PM
Tuesday: 10:00 AM - 7:00 PM
Wednesday: 10:00 AM - 7:00 PM
Thursday: 10:00 AM - 7:00 PM
Friday: 10:00 AM - 7:00 PM
Saturday: 10:00 AM - 7:00 PM
Sunday: 10:00 AM - 7:00 PM","2025-08-13T17:00:00Z","19.0","1"
"Bakhuys Amsterdam","4.5","2193","bakery","https://maps.google.com/?cid=9585042363666602120&g_mp=Cidnb29nbGUubWFwcy5wbGFjZXMudjEuUGxhY2VzLlNlYXJjaFRleHQQABgEIAA","Sarphatistraat 61, 1018 EX Amsterdam, Netherlands","52.3611217","4.9068606","Monday: 7:00 AM - 5:00 PM
Tuesday: 7:00 AM - 5:00 PM
Wednesday: 7:00 AM - 5:00 PM
Thursday: 7:00 AM - 5:00 PM
Friday: 7:00 AM - 5:00 PM
Saturday: 8:00 AM - 5:00 PM
Sunday: 8:00 AM - 5:00 PM","2025-08-13T15:00:00Z","17.0","1"
"Coffeeshop ""Trefpunt""","4.2","185","store","https://maps.google.com/?cid=7782202355708732697&g_mp=Cidnb29nbGUubWFwcy5wbGFjZXMudjEuUGxhY2VzLlNlYXJjaFRleHQQABgEIAA","Zeeburgerdijk 33, 1093 SL Amsterdam, Netherlands","52.366116399999996","4.929864900000001","Monday: 9:00 AM - 1:00 AM
Tuesday: 9:00 AM - 1:00 AM
Wednesday: 9:00 AM - 1:00 AM
Thursday: 9:00 AM - 1:00 AM
Friday: 9:00 AM - 1:00 AM
Saturday: 9:00 AM - 1:00 AM
Sunday: 9:00 AM - 1:00 AM","2025-08-13T23:00:00Z","1.0","0"
"Five Ways Coffee Roasters","4.6","310","cafe","https://maps.google.com/?cid=6515543384646289734&g_mp=Cidnb29nbGUubWFwcy5wbGFjZXMudjEuUGxhY2VzLlNlYXJjaFRleHQQABgEIAA","Kinkerstraat 186, 1053 CG Amsterdam, Netherlands","52.366029499999996","4.8673108","Monday: 7:30 AM - 4:30 PM
Tuesday: 7:30 AM - 4:30 PM
Wednesday: 7:30 AM - 4:30 PM
Thursday: 7:30 AM - 4:30 PM
Friday: 7:30 AM - 4:30 PM
Saturday: 8:30 AM - 5:30 PM
Sunday: 8:30 AM - 5:30 PM","2025-08-13T14:30:00Z","16.0","1"
"Coffee shop","4.5","31","coffee_shop","https://maps.google.com/?cid=5536902477587549596&g_mp=Cidnb29nbGUubWFwcy5wbGFjZXMudjEuUGxhY2VzLlNlYXJjaFRleHQQABgEIAA","Blues Brothers Coffee Shop, Amstel 54HS, 1017 AB Amsterdam, Netherlands","52.3669351","4.8956979","Monday: 9:30 AM - 5:00 PM
Tuesday: 9:30 AM - 5:00 PM
Wednesday: 9:30 AM - 5:00 PM
Thursday: 9:30 AM - 5:00 PM
Friday: 9:30 AM - 5:00 PM
Saturday: 9:30 AM - 5:00 PM
Sunday: 10:00 AM - 6:00 PM","2025-08-13T15:00:00Z","17.0","1"
"Baking Lab Amsterdam","4.5","426","bakery","https://maps.google.com/?cid=12439111038831667506&g_mp=Cidnb29nbGUubWFwcy5wbGFjZXMudjEuUGxhY2VzLlNlYXJjaFRleHQQABgEIAA","Linnaeusstraat 99, 1093 EL Amsterdam, Netherlands","52.3584644","4.9265973","Monday: 8:00 AM - 5:00 PM
Tuesday: 8:00 AM - 5:00 PM
Wednesday: 8:00 AM - 5:00 PM
Thursday: 8:00 AM - 5:00 PM
Friday: 8:00 AM - 5:00 PM
Saturday: 8:00 AM - 5:00 PM
Sunday: 8:00 AM - 5:00 PM","2025-08-13T15:00:00Z","17.0","1"
"Monks Coffee Roasters.","4.7","874","cafe","https://maps.google.com/?cid=5891699866678143707&g_mp=Cidnb29nbGUubWFwcy5wbGFjZXMudjEuUGxhY2VzLlNlYXJjaFRleHQQABgEIAA","Bilderdijkstraat 46H, 1052 NB Amsterdam, Netherlands","52.3712151","4.8702463","Monday: 8:00 AM - 4:00 PM
Tuesday: 8:00 AM - 4:00 PM
Wednesday: 8:00 AM - 4:00 PM
Thursday: 8:00 AM - 4:00 PM
Friday: 8:00 AM - 4:00 PM
Saturday: 9:00 AM - 4:00 PM
Sunday: 9:00 AM - 4:00 PM","2025-08-13T14:00:00Z","16.0","1"
"Café - Koffiehuis Nieuwland","4.5","59","cafe","https://maps.google.com/?cid=10965597840241787887&g_mp=Cidnb29nbGUubWFwcy5wbGFjZXMudjEuUGxhY2VzLlNlYXJjaFRleHQQABgEIAA","Pieter Nieuwlandstraat 33, 1093 XL Amsterdam, Netherlands","52.3619047","4.9284129","Monday: 10:00 AM - 1:00 AM
Tuesday: 10:00 AM - 1:00 AM
Wednesday: 10:00 AM - 1:00 AM
Thursday: 10:00 AM - 1:00 AM
Friday: 10:00 AM - 3:00 AM
Saturday: 10:00 AM - 3:00 AM
Sunday: 11:00 AM - 1:00 AM","2025-08-13T23:00:00Z","1.0","0"
"Stooker Roasting Company","4.7","37","food_store","https://maps.google.com/?cid=6482172048708611299&g_mp=Cidnb29nbGUubWFwcy5wbGFjZXMudjEuUGxhY2VzLlNlYXJjaFRleHQQABgEIAA","Kastanjeplein 2, 1092 CJ Amsterdam, Netherlands","52.3589078","4.923247100000001","","","","1"
"The Breakfast Club","3.9","1904","breakfast_restaurant","https://maps.google.com/?cid=7380718833075364585&g_mp=Cidnb29nbGUubWFwcy5wbGFjZXMudjEuUGxhY2VzLlNlYXJjaFRleHQQABgEIAA","Wibautstraat 56, 1091 GN Amsterdam, Netherlands","52.3563924","4.9104573","Monday: 8:00 AM - 6:00 PM
Tuesday: 8:00 AM - 6:00 PM
Wednesday: 8:00 AM - 6:00 PM
Thursday: 8:00 AM - 6:00 PM
Friday: 8:00 AM - 6:00 PM
Saturday: 8:00 AM - 6:00 PM
Sunday: 8:00 AM - 6:00 PM","2025-08-13T16:00:00Z","18.0","1"
"Café ""De Nieuwe Stek""","4.7","70","cafe","https://maps.google.com/?cid=2689260214798527434&g_mp=Cidnb29nbGUubWFwcy5wbGFjZXMudjEuUGxhY2VzLlNlYXJjaFRleHQQABgEIAA","Dapperstraat 92-D, 1093 BZ Amsterdam, Netherlands","52.361010099999994","4.9283516","Monday: 10:00 AM - 1:00 AM
Tuesday: 10:00 AM - 1:00 AM
Wednesday: 10:00 AM - 1:00 AM
Thursday: 10:00 AM - 1:00 AM
Friday: 10:00 AM - 3:00 AM
Saturday: 10:00 AM - 3:00 AM
Sunday: 2:00 PM - 1:00 AM","2025-08-13T23:00:00Z","1.0","0"
"Qahwa d`Or","4.7","49","coffee_shop","https://maps.google.com/?cid=7902740157955231299&g_mp=Cidnb29nbGUubWFwcy5wbGFjZXMudjEuUGxhY2VzLlNlYXJjaFRleHQQABgEIAA","Javaplein 27A, 1095 CJ Amsterdam, Netherlands","52.3634472","4.9402935","Monday: Closed
Tuesday: 9:00 AM - 6:00 PM
Wednesday: 9:00 AM - 6:00 PM
Thursday: 9:00 AM - 6:00 PM
Friday: 9:00 AM - 6:00 PM
Saturday: 9:00 AM - 6:00 PM
Sunday: 9:00 AM - 6:00 PM","2025-08-13T16:00:00Z","18.0","1"
"4850","4.7","882","restaurant","https://maps.google.com/?cid=15703224936694937260&g_mp=Cidnb29nbGUubWFwcy5wbGFjZXMudjEuUGxhY2VzLlNlYXJjaFRleHQQABgEIAA","Camperstraat 48-50, 1091 CP Amsterdam, Netherlands","52.3577937","4.913378","Monday: 9:00 AM - 3:00 PM
Tuesday: 9:00 AM - 3:00 PM
Wednesday: 9:00 AM - 3:00 PM
Thursday: 9:00 AM - 11:00 PM
Friday: 9:00 AM - 11:00 PM
Saturday: 9:00 AM - 11:00 PM
Sunday: 9:00 AM - 4:00 PM","2025-08-13T13:00:00Z","15.0","1"
"The Greek Embassy - Coffee Bar Kouzina - Weesperzijde","4.5","1115","greek_restaurant","https://maps.google.com/?cid=14866639185330914168&g_mp=Cidnb29nbGUubWFwcy5wbGFjZXMudjEuUGxhY2VzLlNlYXJjaFRleHQQABgEIAA","Weesperzijde 85HS, 1091 EJ Amsterdam, Netherlands","52.352961699999994","4.910444399999999","Monday: 9:00 AM - 11:00 PM
Tuesday: 9:00 AM - 11:00 PM
Wednesday: 9:00 AM - 11:00 PM
Thursday: 9:00 AM - 11:00 PM
Friday: 9:00 AM - 11:00 PM
Saturday: 9:00 AM - 11:00 PM
Sunday: 9:00 AM - 11:00 PM","2025-08-13T21:00:00Z","23.0","0"
"LOCALS SPECIALTY COFFEE TO GO","4.4","269","cafe","https://maps.google.com/?cid=539555943290799912&g_mp=Cidnb29nbGUubWFwcy5wbGFjZXMudjEuUGxhY2VzLlNlYXJjaFRleHQQABgEIAA","Ferdinand Bolstraat 21-B, 1072 LB Amsterdam, Netherlands","52.3561044","4.890694","Monday: 8:00 AM - 4:00 PM
Tuesday: 8:00 AM - 4:00 PM
Wednesday: 8:00 AM - 4:00 PM
Thursday: 8:00 AM - 4:00 PM
Friday: 8:00 AM - 4:00 PM
Saturday: 8:00 AM - 5:00 PM
Sunday: 8:00 AM - 5:00 PM","2025-08-13T14:00:00Z","16.0","1"
"Cafecito","3.8","74","coffee_shop","https://maps.google.com/?cid=18251497126192449908&g_mp=Cidnb29nbGUubWFwcy5wbGFjZXMudjEuUGxhY2VzLlNlYXJjaFRleHQQABgEIAA","Linnaeusstraat 114, 1092 GN Amsterdam, Netherlands","52.3554137","4.9278482","Monday: 7:00 AM - 9:00 PM
Tuesday: 7:00 AM - 9:00 PM
Wednesday: 7:00 AM - 9:00 PM
Thursday: 7:00 AM - 9:00 PM
Friday: 7:00 AM - 10:00 PM
Saturday: 8:00 AM - 10:00 PM
Sunday: 8:00 AM - 10:00 PM","2025-08-13T19:00:00Z","21.0","1"
"The 5th | Amsterdam Oost","4.4","105","pub","https://maps.google.com/?cid=12671406924734755920&g_mp=Cidnb29nbGUubWFwcy5wbGFjZXMudjEuUGxhY2VzLlNlYXJjaFRleHQQABgEIAA","Timorplein 21, 1094 CC Amsterdam, Netherlands","52.365379999999995","4.9354587","Monday: 10:30 AM - 11:00 PM
Tuesday: 10:30 AM - 11:00 PM
Wednesday: 10:30 AM - 11:00 PM
Thursday: 10:30 AM - 11:00 PM
Friday: 8:00 AM - 12:00 AM
Saturday: 8:00 AM - 12:00 AM
Sunday: 8:00 AM - 11:00 PM","2025-08-13T21:00:00Z","23.0","0"
"Koffiespot","4.5","595","coffee_shop","https://maps.google.com/?cid=2122484869929095106&g_mp=Cidnb29nbGUubWFwcy5wbGFjZXMudjEuUGxhY2VzLlNlYXJjaFRleHQQABgEIAA","Elandsgracht 53, 1016 TN Amsterdam, Netherlands","52.3694002","4.8805982","Monday: 8:00 AM - 6:00 PM
Tuesday: 8:00 AM - 6:00 PM
Wednesday: 8:00 AM - 6:00 PM
Thursday: 8:00 AM - 6:00 PM
Friday: 8:00 AM - 6:00 PM
Saturday: 9:00 AM - 6:00 PM
Sunday: 9:00 AM - 6:00 PM","2025-08-13T16:00:00Z","18.0","1"
"Coffeeshop Eastwood","4.2","246","store","https://maps.google.com/?cid=12449232290831820849&g_mp=Cidnb29nbGUubWFwcy5wbGFjZXMudjEuUGxhY2VzLlNlYXJjaFRleHQQABgEIAA","Pieter Vlamingstraat 286, 1093 DK Amsterdam, Netherlands","52.3651614","4.9279763999999995","Monday: 7:00 AM - 1:00 AM
Tuesday: 7:00 AM - 1:00 AM
Wednesday: 7:00 AM - 1:00 AM
Thursday: 7:00 AM - 1:00 AM
Friday: 7:00 AM - 1:00 AM
Saturday: 7:00 AM - 1:00 AM
Sunday: 7:00 AM - 1:00 AM","2025-08-13T23:00:00Z","1.0","0"
"De Koffieschenkerij","4.7","3057","cafe","https://maps.google.com/?cid=5588248605643341817&g_mp=Cidnb29nbGUubWFwcy5wbGFjZXMudjEuUGxhY2VzLlNlYXJjaFRleHQQABgEIAA","Oudekerksplein 27, 1012 GX Amsterdam, Netherlands","52.3741148","4.898346699999999","Monday: 9:00 AM - 6:00 PM
Tuesday: 9:00 AM - 6:00 PM
Wednesday: 9:00 AM - 6:00 PM
Thursday: 9:00 AM - 6:00 PM
Friday: 9:00 AM - 6:00 PM
Saturday: 9:00 AM - 6:00 PM
Sunday: 9:00 AM - 6:00 PM","2025-08-13T16:00:00Z","18.0","1"
"Blend Coffee & Wine","4.0","392","pub","https://maps.google.com/?cid=6347607364668585641&g_mp=Cidnb29nbGUubWFwcy5wbGFjZXMudjEuUGxhY2VzLlNlYXJjaFRleHQQABgEIAA","Oranje-Vrijstaatplein 40, 1093 NG Amsterdam, Netherlands","52.3565034","4.9302914","Monday: 10:00 AM - 7:00 PM
Tuesday: 10:00 AM - 7:00 PM
Wednesday: 10:00 AM - 7:00 PM
Thursday: 10:00 AM - 7:00 PM
Friday: 10:00 AM - 7:00 PM
Saturday: 10:00 AM - 7:00 PM
Sunday: 10:00 AM - 7:00 PM","2025-08-13T17:00:00Z","19.0","1"
"Bakhuys Amsterdam","4.5","2193","bakery","https://maps.google.com/?cid=9585042363666602120&g_mp=Cidnb29nbGUubWFwcy5wbGFjZXMudjEuUGxhY2VzLlNlYXJjaFRleHQQABgEIAA","Sarphatistraat 61, 1018 EX Amsterdam, Netherlands","52.3611217","4.9068606","Monday: 7:00 AM - 5:00 PM
Tuesday: 7:00 AM - 5:00 PM
Wednesday: 7:00 AM - 5:00 PM
Thursday: 7:00 AM - 5:00 PM
Friday: 7:00 AM - 5:00 PM
Saturday: 8:00 AM - 5:00 PM
Sunday: 8:00 AM - 5:00 PM","2025-08-13T15:00:00Z","17.0","1"
"Coffeeshop ""Trefpunt""","4.2","185","store","https://maps.google.com/?cid=7782202355708732697&g_mp=Cidnb29nbGUubWFwcy5wbGFjZXMudjEuUGxhY2VzLlNlYXJjaFRleHQQABgEIAA","Zeeburgerdijk 33, 1093 SL Amsterdam, Netherlands","52.366116399999996","4.929864900000001","Monday: 9:00 AM - 1:00 AM
Tuesday: 9:00 AM - 1:00 AM
Wednesday: 9:00 AM - 1:00 AM
Thursday: 9:00 AM - 1:00 AM
Friday: 9:00 AM - 1:00 AM
Saturday: 9:00 AM - 1:00 AM
Sunday: 9:00 AM - 1:00 AM","2025-08-13T23:00:00Z","1.0","0"
"Five Ways Coffee Roasters","4.6","310","cafe","https://maps.google.com/?cid=6515543384646289734&g_mp=Cidnb29nbGUubWFwcy5wbGFjZXMudjEuUGxhY2VzLlNlYXJjaFRleHQQABgEIAA","Kinkerstraat 186, 1053 CG Amsterdam, Netherlands","52.366029499999996","4.8673108","Monday: 7:30 AM - 4:30 PM
Tuesday: 7:30 AM - 4:30 PM
Wednesday: 7:30 AM - 4:30 PM
Thursday: 7:30 AM - 4:30 PM
Friday: 7:30 AM - 4:30 PM
Saturday: 8:30 AM - 5:30 PM
Sunday: 8:30 AM - 5:30 PM","2025-08-13T14:30:00Z","16.0","1"
"Coffee shop","4.5","31","coffee_shop","https://maps.google.com/?cid=5536902477587549596&g_mp=Cidnb29nbGUubWFwcy5wbGFjZXMudjEuUGxhY2VzLlNlYXJjaFRleHQQABgEIAA","Blues Brothers Coffee Shop, Amstel 54HS, 1017 AB Amsterdam, Netherlands","52.3669351","4.8956979","Monday: 9:30 AM - 5:00 PM
Tuesday: 9:30 AM - 5:00 PM
Wednesday: 9:30 AM - 5:00 PM
Thursday: 9:30 AM - 5:00 PM
Friday: 9:30 AM - 5:00 PM
Saturday: 9:30 AM - 5:00 PM
Sunday: 10:00 AM - 6:00 PM","2025-08-13T15:00:00Z","17.0","1"
"Baking Lab Amsterdam","4.5","426","bakery","https://maps.google.com/?cid=12439111038831667506&g_mp=Cidnb29nbGUubWFwcy5wbGFjZXMudjEuUGxhY2VzLlNlYXJjaFRleHQQABgEIAA","Linnaeusstraat 99, 1093 EL Amsterdam, Netherlands","52.3584644","4.9265973","Monday: 8:00 AM - 5:00 PM
Tuesday: 8:00 AM - 5:00 PM
Wednesday: 8:00 AM - 5:00 PM
Thursday: 8:00 AM - 5:00 PM
Friday: 8:00 AM - 5:00 PM
Saturday: 8:00 AM - 5:00 PM
Sunday: 8:00 AM - 5:00 PM","2025-08-13T15:00:00Z","17.0","1"
"Monks Coffee Roasters.","4.7","874","cafe","https://maps.google.com/?cid=5891699866678143707&g_mp=Cidnb29nbGUubWFwcy5wbGFjZXMudjEuUGxhY2VzLlNlYXJjaFRleHQQABgEIAA","Bilderdijkstraat 46H, 1052 NB Amsterdam, Netherlands","52.3712151","4.8702463","Monday: 8:00 AM - 4:00 PM
Tuesday: 8:00 AM - 4:00 PM
Wednesday: 8:00 AM - 4:00 PM
Thursday: 8:00 AM - 4:00 PM
Friday: 8:00 AM - 4:00 PM
Saturday: 9:00 AM - 4:00 PM
Sunday: 9:00 AM - 4:00 PM","2025-08-13T14:00:00Z","16.0","1"
"Café - Koffiehuis Nieuwland","4.5","59","cafe","https://maps.google.com/?cid=10965597840241787887&g_mp=Cidnb29nbGUubWFwcy5wbGFjZXMudjEuUGxhY2VzLlNlYXJjaFRleHQQABgEIAA","Pieter Nieuwlandstraat 33, 1093 XL Amsterdam, Netherlands","52.3619047","4.9284129","Monday: 10:00 AM - 1:00 AM
Tuesday: 10:00 AM - 1:00 AM
Wednesday: 10:00 AM - 1:00 AM
Thursday: 10:00 AM - 1:00 AM
Friday: 10:00 AM - 3:00 AM
Saturday: 10:00 AM - 3:00 AM
Sunday: 11:00 AM - 1:00 AM","2025-08-13T23:00:00Z","1.0","0"
"Stooker Roasting Company","4.7","37","food_store","https://maps.google.com/?cid=6482172048708611299&g_mp=Cidnb29nbGUubWFwcy5wbGFjZXMudjEuUGxhY2VzLlNlYXJjaFRleHQQABgEIAA","Kastanjeplein 2, 1092 CJ Amsterdam, Netherlands","52.3589078","4.923247100000001","","","","1"
"The Breakfast Club","3.9","1904","breakfast_restaurant","https://maps.google.com/?cid=7380718833075364585&g_mp=Cidnb29nbGUubWFwcy5wbGFjZXMudjEuUGxhY2VzLlNlYXJjaFRleHQQABgEIAA","Wibautstraat 56, 1091 GN Amsterdam, Netherlands","52.3563924","4.9104573","Monday: 8:00 AM - 6:00 PM
Tuesday: 8:00 AM - 6:00 PM
Wednesday: 8:00 AM - 6:00 PM
Thursday: 8:00 AM - 6:00 PM
Friday: 8:00 AM - 6:00 PM
Saturday: 8:00 AM - 6:00 PM
Sunday: 8:00 AM - 6:00 PM","2025-08-13T16:00:00Z","18.0","1"
"Café ""De Nieuwe Stek""","4.7","70","cafe","https://maps.google.com/?cid=2689260214798527434&g_mp=Cidnb29nbGUubWFwcy5wbGFjZXMudjEuUGxhY2VzLlNlYXJjaFRleHQQABgEIAA","Dapperstraat 92-D, 1093 BZ Amsterdam, Netherlands","52.361010099999994","4.9283516","Monday: 10:00 AM - 1:00 AM
Tuesday: 10:00 AM - 1:00 AM
Wednesday: 10:00 AM - 1:00 AM
Thursday: 10:00 AM - 1:00 AM
Friday: 10:00 AM - 3:00 AM
Saturday: 10:00 AM - 3:00 AM
Sunday: 2:00 PM - 1:00 AM","2025-08-13T23:00:00Z","1.0","0"
"Qahwa d`Or","4.7","49","coffee_shop","https://maps.google.com/?cid=7902740157955231299&g_mp=Cidnb29nbGUubWFwcy5wbGFjZXMudjEuUGxhY2VzLlNlYXJjaFRleHQQABgEIAA","Javaplein 27A, 1095 CJ Amsterdam, Netherlands","52.3634472","4.9402935","Monday: Closed
Tuesday: 9:00 AM - 6:00 PM
Wednesday: 9:00 AM - 6:00 PM
Thursday: 9:00 AM - 6:00 PM
Friday: 9:00 AM - 6:00 PM
Saturday: 9:00 AM - 6:00 PM
Sunday: 9:00 AM - 6:00 PM","2025-08-13T16:00:00Z","18.0","1"
"4850","4.7","882","restaurant","https://maps.google.com/?cid=15703224936694937260&g_mp=Cidnb29nbGUubWFwcy5wbGFjZXMudjEuUGxhY2VzLlNlYXJjaFRleHQQABgEIAA","Camperstraat 48-50, 1091 CP Amsterdam, Netherlands","52.3577937","4.913378","Monday: 9:00 AM - 3:00 PM
Tuesday: 9:00 AM - 3:00 PM
Wednesday: 9:00 AM - 3:00 PM
Thursday: 9:00 AM - 11:00 PM
Friday: 9:00 AM - 11:00 PM
Saturday: 9:00 AM - 11:00 PM
Sunday: 9:00 AM - 4:00 PM","2025-08-13T13:00:00Z","15.0","1"
"The Greek Embassy - Coffee Bar Kouzina - Weesperzijde","4.5","1115","greek_restaurant","https://maps.google.com/?cid=14866639185330914168&g_mp=Cidnb29nbGUubWFwcy5wbGFjZXMudjEuUGxhY2VzLlNlYXJjaFRleHQQABgEIAA","Weesperzijde 85HS, 1091 EJ Amsterdam, Netherlands","52.352961699999994","4.910444399999999","Monday: 9:00 AM - 11:00 PM
Tuesday: 9:00 AM - 11:00 PM
Wednesday: 9:00 AM - 11:00 PM
Thursday: 9:00 AM - 11:00 PM
Friday: 9:00 AM - 11:00 PM
Saturday: 9:00 AM - 11:00 PM
Sunday: 9:00 AM - 11:00 PM","2025-08-13T21:00:00Z","23.0","0"
"LOCALS SPECIALTY COFFEE TO GO","4.4","269","cafe","https://maps.google.com/?cid=539555943290799912&g_mp=Cidnb29nbGUubWFwcy5wbGFjZXMudjEuUGxhY2VzLlNlYXJjaFRleHQQABgEIAA","Ferdinand Bolstraat 21-B, 1072 LB Amsterdam, Netherlands","52.3561044","4.890694","Monday: 8:00 AM - 4:00 PM
Tuesday: 8:00 AM - 4:00 PM
Wednesday: 8:00 AM - 4:00 PM
Thursday: 8:00 AM - 4:00 PM
Friday: 8:00 AM - 4:00 PM
Saturday: 8:00 AM - 5:00 PM
Sunday: 8:00 AM - 5:00 PM","2025-08-13T14:00:00Z","16.0","1"
"Cafecito","3.8","74","coffee_shop","https://maps.google.com/?cid=18251497126192449908&g_mp=Cidnb29nbGUubWFwcy5wbGFjZXMudjEuUGxhY2VzLlNlYXJjaFRleHQQABgEIAA","Linnaeusstraat 114, 1092 GN Amsterdam, Netherlands","52.3554137","4.9278482","Monday: 7:00 AM - 9:00 PM
Tuesday: 7:00 AM - 9:00 PM
Wednesday: 7:00 AM - 9:00 PM
Thursday: 7:00 AM - 9:00 PM
Friday: 7:00 AM - 10:00 PM
Saturday: 8:00 AM - 10:00 PM
Sunday: 8:00 AM - 10:00 PM","2025-08-13T19:00:00Z","21.0","1"
"The 5th | Amsterdam Oost","4.4","105","pub","https://maps.google.com/?cid=12671406924734755920&g_mp=Cidnb29nbGUubWFwcy5wbGFjZXMudjEuUGxhY2VzLlNlYXJjaFRleHQQABgEIAA","Timorplein 21, 1094 CC Amsterdam, Netherlands","52.365379999999995","4.9354587","Monday: 10:30 AM - 11:00 PM
Tuesday: 10:30 AM - 11:00 PM
Wednesday: 10:30 AM - 11:00 PM
Thursday: 10:30 AM - 11:00 PM
Friday: 8:00 AM - 12:00 AM
Saturday: 8:00 AM - 12:00 AM
Sunday: 8:00 AM - 11:00 PM","2025-08-13T21:00:00Z","23.0","0"
"Koffiespot","4.5","595","coffee_shop","https://maps.google.com/?cid=2122484869929095106&g_mp=Cidnb29nbGUubWFwcy5wbGFjZXMudjEuUGxhY2VzLlNlYXJjaFRleHQQABgEIAA","Elandsgracht 53, 1016 TN Amsterdam, Netherlands","52.3694002","4.8805982","Monday: 8:00 AM - 6:00 PM
Tuesday: 8:00 AM - 6:00 PM
Wednesday: 8:00 AM - 6:00 PM
Thursday: 8:00 AM - 6:00 PM
Friday: 8:00 AM - 6:00 PM
Saturday: 9:00 AM - 6:00 PM
Sunday: 9:00 AM - 6:00 PM","2025-08-13T16:00:00Z","18.0","1"
"Coffeeshop Eastwood","4.2","246","store","https://maps.google.com/?cid=12449232290831820849&g_mp=Cidnb29nbGUubWFwcy5wbGFjZXMudjEuUGxhY2VzLlNlYXJjaFRleHQQABgEIAA","Pieter Vlamingstraat 286, 1093 DK Amsterdam, Netherlands","52.3651614","4.9279763999999995","Monday: 7:00 AM - 1:00 AM
Tuesday: 7:00 AM - 1:00 AM
Wednesday: 7:00 AM - 1:00 AM
Thursday: 7:00 AM - 1:00 AM
Friday: 7:00 AM - 1:00 AM
Saturday: 7:00 AM - 1:00 AM
Sunday: 7:00 AM - 1:00 AM","2025-08-13T23:00:00Z","1.0","0"
"De Koffieschenkerij","4.7","3057","cafe","https://maps.google.com/?cid=5588248605643341817&g_mp=Cidnb29nbGUubWFwcy5wbGFjZXMudjEuUGxhY2VzLlNlYXJjaFRleHQQABgEIAA","Oudekerksplein 27, 1012 GX Amsterdam, Netherlands","52.3741148","4.898346699999999","Monday: 9:00 AM - 6:00 PM
Tuesday: 9:00 AM - 6:00 PM
Wednesday: 9:00 AM - 6:00 PM
Thursday: 9:00 AM - 6:00 PM
Friday: 9:00 AM - 6:00 PM
Saturday: 9:00 AM - 6:00 PM
Sunday: 9:00 AM - 6:00 PM","2025-08-13T16:00:00Z","18.0","1"
"Blend Coffee & Wine","4.0","392","pub","https://maps.google.com/?cid=6347607364668585641&g_mp=Cidnb29nbGUubWFwcy5wbGFjZXMudjEuUGxhY2VzLlNlYXJjaFRleHQQABgEIAA","Oranje-Vrijstaatplein 40, 1093 NG Amsterdam, Netherlands","52.3565034","4.9302914","Monday: 10:00 AM - 7:00 PM
Tuesday: 10:00 AM - 7:00 PM
Wednesday: 10:00 AM - 7:00 PM
Thursday: 10:00 AM - 7:00 PM
Friday: 10:00 AM - 7:00 PM
Saturday: 10:00 AM - 7:00 PM
Sunday: 10:00 AM - 7:00 PM","2025-08-13T17:00:00Z","19.0","1"
"Bakhuys Amsterdam","4.5","2193","bakery","https://maps.google.com/?cid=9585042363666602120&g_mp=Cidnb29nbGUubWFwcy5wbGFjZXMudjEuUGxhY2VzLlNlYXJjaFRleHQQABgEIAA","Sarphatistraat 61, 1018 EX Amsterdam, Netherlands","52.3611217","4.9068606","Monday: 7:00 AM - 5:00 PM
Tuesday: 7:00 AM - 5:00 PM
Wednesday: 7:00 AM - 5:00 PM
Thursday: 7:00 AM - 5:00 PM
Friday: 7:00 AM - 5:00 PM
Saturday: 8:00 AM - 5:00 PM
Sunday: 8:00 AM - 5:00 PM","2025-08-13T15:00:00Z","17.0","1"
"Coffeeshop ""Trefpunt""","4.2","185","store","https://maps.google.com/?cid=7782202355708732697&g_mp=Cidnb29nbGUubWFwcy5wbGFjZXMudjEuUGxhY2VzLlNlYXJjaFRleHQQABgEIAA","Zeeburgerdijk 33, 1093 SL Amsterdam, Netherlands","52.366116399999996","4.929864900000001","Monday: 9:00 AM - 1:00 AM
Tuesday: 9:00 AM - 1:00 AM
Wednesday: 9:00 AM - 1:00 AM
Thursday: 9:00 AM - 1:00 AM
Friday: 9:00 AM - 1:00 AM
Saturday: 9:00 AM - 1:00 AM
Sunday: 9:00 AM - 1:00 AM","2025-08-13T23:00:00Z","1.0","0"
"Five Ways Coffee Roasters","4.6","310","cafe","https://maps.google.com/?cid=6515543384646289734&g_mp=Cidnb29nbGUubWFwcy5wbGFjZXMudjEuUGxhY2VzLlNlYXJjaFRleHQQABgEIAA","Kinkerstraat 186, 1053 CG Amsterdam, Netherlands","52.366029499999996","4.8673108","Monday: 7:30 AM - 4:30 PM
Tuesday: 7:30 AM - 4:30 PM
Wednesday: 7:30 AM - 4:30 PM
Thursday: 7:30 AM - 4:30 PM
Friday: 7:30 AM - 4:30 PM
Saturday: 8:30 AM - 5:30 PM
Sunday: 8:30 AM - 5:30 PM","2025-08-13T14:30:00Z","16.0","1"
"BLCK. Coffee and The Masters","4.6","323","coffee_shop","https://maps.google.com/?cid=12299995865173639631&g_mp=Cidnb29nbGUubWFwcy5wbGFjZXMudjEuUGxhY2VzLlNlYXJjaFRleHQQABgEIAA","Claude Debussylaan 269, 1082 MC Amsterdam, Netherlands","52.337189599999995","4.869553499999999","Monday: 8:00 AM - 6:00 PM
Tuesday: 8:00 AM - 6:00 PM
Wednesday: 8:00 AM - 6:00 PM
Thursday: 8:00 AM - 6:00 PM
Friday: 8:00 AM - 6:00 PM
Saturday: 9:00 AM - 5:00 PM
Sunday: 9:00 AM - 5:00 PM","2025-08-13T16:00:00Z","18.0","1"
"Elevate Coffee Lab","4.9","211","coffee_shop","https://maps.google.com/?cid=7460890059459287704&g_mp=Cidnb29nbGUubWFwcy5wbGFjZXMudjEuUGxhY2VzLlNlYXJjaFRleHQQABgEIAA","Van der Helstplein 10H, 1072 PH Amsterdam, Netherlands","52.351573200000004","4.8945191999999995","Monday: Closed
Tuesday: 8:00 AM - 5:00 PM
Wednesday: 8:00 AM - 5:00 PM
Thursday: 8:00 AM - 5:00 PM
Friday: 8:00 AM - 5:00 PM
Saturday: 8:30 AM - 5:00 PM
Sunday: 8:30 AM - 5:00 PM","2025-08-13T15:00:00Z","17.0","1"
"Clapham Specialty Coffee","4.7","252","coffee_shop","https://maps.google.com/?cid=8044940400056397335&g_mp=Cidnb29nbGUubWFwcy5wbGFjZXMudjEuUGxhY2VzLlNlYXJjaFRleHQQABgEIAA","Willemsparkweg 152H, 1071 HS Amsterdam, Netherlands","52.3562255","4.8710219","Monday: 8:00 AM - 4:00 PM
Tuesday: 8:00 AM - 4:00 PM
Wednesday: 8:00 AM - 4:00 PM
Thursday: 8:00 AM - 4:00 PM
Friday: 8:00 AM - 5:00 PM
Saturday: 8:30 AM - 5:00 PM
Sunday: 8:30 AM - 5:00 PM","2025-08-13T14:00:00Z","16.0","1"
"CoffeeConcepts","4.2","561","coffee_shop","https://maps.google.com/?cid=11855240687133872953&g_mp=Cidnb29nbGUubWFwcy5wbGFjZXMudjEuUGxhY2VzLlNlYXJjaFRleHQQABgEIAA","Jacob Obrechtstraat 5, 1071 KC Amsterdam, Netherlands","52.3577782","4.874293199999999","Monday: 8:00 AM - 4:00 PM
Tuesday: 8:00 AM - 4:00 PM
Wednesday: 8:00 AM - 4:00 PM
Thursday: 8:00 AM - 4:00 PM
Friday: 8:00 AM - 4:00 PM
Saturday: 9:00 AM - 4:00 PM
Sunday: 9:00 AM - 4:00 PM","2025-08-13T14:00:00Z","16.0","1"
"LOT61 Coffee Roasters","4.6","379","food_store","https://maps.google.com/?cid=3942278878523549612&g_mp=Cidnb29nbGUubWFwcy5wbGFjZXMudjEuUGxhY2VzLlNlYXJjaFRleHQQABgEIAA","Hendrik Jacobszstraat 18, 1075 PD Amsterdam, Netherlands","52.3515355","4.8602111","Monday: 7:30 AM - 5:00 PM
Tuesday: 7:30 AM - 5:00 PM
Wednesday: 7:30 AM - 5:00 PM
Thursday: 7:30 AM - 5:00 PM
Friday: 7:30 AM - 5:00 PM
Saturday: 8:30 AM - 5:00 PM
Sunday: 8:30 AM - 5:00 PM","2025-08-13T15:00:00Z","17.0","1"
"LOT61 Coffee Roasters","4.6","1930","food_store","https://maps.google.com/?cid=15526938402491586985&g_mp=Cidnb29nbGUubWFwcy5wbGFjZXMudjEuUGxhY2VzLlNlYXJjaFRleHQQABgEIAA","Kinkerstraat 112, 1053 ED Amsterdam, Netherlands","52.3668272","4.870314","Monday: 8:00 AM - 6:00 PM
Tuesday: 8:00 AM - 6:00 PM
Wednesday: 8:00 AM - 6:00 PM
Thursday: 8:00 AM - 6:00 PM
Friday: 8:00 AM - 6:00 PM
Saturday: 9:00 AM - 6:00 PM
Sunday: 9:00 AM - 6:00 PM","2025-08-13T16:00:00Z","18.0","1"
"Coffee Bru","4.8","237","coffee_shop","https://maps.google.com/?cid=1331387362694749509&g_mp=Cidnb29nbGUubWFwcy5wbGFjZXMudjEuUGxhY2VzLlNlYXJjaFRleHQQABgEIAA","Van Woustraat 113, 1074 AH Amsterdam, Netherlands","52.3538168","4.902360799999999","Monday: 8:00 AM - 4:00 PM
Tuesday: 8:00 AM - 4:00 PM
Wednesday: 8:00 AM - 4:00 PM
Thursday: 8:00 AM - 4:00 PM
Friday: 8:00 AM - 4:00 PM
Saturday: 9:00 AM - 5:00 PM
Sunday: 9:00 AM - 5:00 PM","2025-08-13T14:00:00Z","16.0","1"
"LOCALS","4.3","2079","coffee_shop","https://maps.google.com/?cid=14176431437259553053&g_mp=Cidnb29nbGUubWFwcy5wbGFjZXMudjEuUGxhY2VzLlNlYXJjaFRleHQQABgEIAA","Eerste Jacob van Campenstraat 27-H, 1072 BC Amsterdam, Netherlands","52.357547399999994","4.8891126","Monday: 8:00 AM - 4:00 PM
Tuesday: 8:00 AM - 4:00 PM
Wednesday: 8:00 AM - 4:00 PM
Thursday: 8:00 AM - 4:00 PM
Friday: 8:00 AM - 6:00 PM
Saturday: 8:00 AM - 6:00 PM
Sunday: 8:00 AM - 6:00 PM","2025-08-13T14:00:00Z","16.0","1"
"LOCALS SPECIALTY COFFEE TO GO","4.4","269","cafe","https://maps.google.com/?cid=539555943290799912&g_mp=Cidnb29nbGUubWFwcy5wbGFjZXMudjEuUGxhY2VzLlNlYXJjaFRleHQQABgEIAA","Ferdinand Bolstraat 21-B, 1072 LB Amsterdam, Netherlands","52.3561044","4.890694","Monday: 8:00 AM - 4:00 PM
Tuesday: 8:00 AM - 4:00 PM
Wednesday: 8:00 AM - 4:00 PM
Thursday: 8:00 AM - 4:00 PM
Friday: 8:00 AM - 4:00 PM
Saturday: 8:00 AM - 5:00 PM
Sunday: 8:00 AM - 5:00 PM","2025-08-13T14:00:00Z","16.0","1"
"Five Ways Coffee Roasters","4.6","310","cafe","https://maps.google.com/?cid=6515543384646289734&g_mp=Cidnb29nbGUubWFwcy5wbGFjZXMudjEuUGxhY2VzLlNlYXJjaFRleHQQABgEIAA","Kinkerstraat 186, 1053 CG Amsterdam, Netherlands","52.366029499999996","4.8673108","Monday: 7:30 AM - 4:30 PM
Tuesday: 7:30 AM - 4:30 PM
Wednesday: 7:30 AM - 4:30 PM
Thursday: 7:30 AM - 4:30 PM
Friday: 7:30 AM - 4:30 PM
Saturday: 8:30 AM - 5:30 PM
Sunday: 8:30 AM - 5:30 PM","2025-08-13T14:30:00Z","16.0","1"
"Reload Coffee","4.9","106","coffee_shop","https://maps.google.com/?cid=13468790018180717869&g_mp=Cidnb29nbGUubWFwcy5wbGFjZXMudjEuUGxhY2VzLlNlYXJjaFRleHQQABgEIAA","Saenredamstraat 26h, 1072 CH Amsterdam, Netherlands","52.3556369","4.8887303","Monday: Closed
Tuesday: Closed
Wednesday: 8:30 AM - 4:30 PM
Thursday: 8:30 AM - 4:30 PM
Friday: 8:30 AM - 4:30 PM
Saturday: 8:30 AM - 4:30 PM
Sunday: 10:30 AM - 4:30 PM","2025-08-13T14:30:00Z","16.0","1"
"Dak Showroom by Dak Coffee Roasters","4.8","124","coffee_shop","https://maps.google.com/?cid=10131096394286370724&g_mp=Cidnb29nbGUubWFwcy5wbGFjZXMudjEuUGxhY2VzLlNlYXJjaFRleHQQABgEIAA","Bellamyplein 16H, 1053 AS Amsterdam, Netherlands","52.3684127","4.867310499999999","Monday: 8:00 AM - 5:00 PM
Tuesday: 8:00 AM - 5:00 PM
Wednesday: 8:00 AM - 5:00 PM
Thursday: 8:00 AM - 5:00 PM
Friday: 8:00 AM - 5:00 PM
Saturday: 9:00 AM - 5:00 PM
Sunday: 9:00 AM - 5:00 PM","2025-08-13T15:00:00Z","17.0","1"
"Coffee District","4.6","128","food_store","https://maps.google.com/?cid=17888741772033861583&g_mp=Cidnb29nbGUubWFwcy5wbGFjZXMudjEuUGxhY2VzLlNlYXJjaFRleHQQABgEIAA","Olympiaplein 111, 1077 CV Amsterdam, Netherlands","52.3463448","4.868172599999999","Monday: 7:30 AM - 4:30 PM
Tuesday: 7:30 AM - 4:30 PM
Wednesday: 7:30 AM - 4:30 PM
Thursday: 7:30 AM - 4:30 PM
Friday: 7:30 AM - 4:30 PM
Saturday: 8:00 AM - 5:00 PM
Sunday: 8:00 AM - 5:00 PM","2025-08-13T14:30:00Z","16.0","1"
"Harmani Coffee & Brunch","4.9","1121","brunch_restaurant","https://maps.google.com/?cid=6753222608643629201&g_mp=Cidnb29nbGUubWFwcy5wbGFjZXMudjEuUGxhY2VzLlNlYXJjaFRleHQQABgEIAA","Frans Halsstraat 89, 1072 BP Amsterdam, Netherlands","52.354886799999996","4.888565","Monday: 8:30 AM - 4:30 PM
Tuesday: 8:30 AM - 4:30 PM
Wednesday: 8:30 AM - 4:30 PM
Thursday: 8:30 AM - 4:30 PM
Friday: 8:30 AM - 4:30 PM
Saturday: 9:00 AM - 5:00 PM
Sunday: 9:00 AM - 5:00 PM","2025-08-13T14:30:00Z","16.0","1"
"Chapo Amsterdam","4.8","60","coffee_shop","https://maps.google.com/?cid=3833706606732370756&g_mp=Cidnb29nbGUubWFwcy5wbGFjZXMudjEuUGxhY2VzLlNlYXJjaFRleHQQABgEIAA","Kerkstraat 155, 1017 GG Amsterdam, Netherlands","52.363436799999995","4.8888845","Monday: 9:00 AM - 5:00 PM
Tuesday: 9:00 AM - 5:00 PM
Wednesday: 9:00 AM - 5:00 PM
Thursday: 9:00 AM - 5:00 PM
Friday: 9:00 AM - 5:00 PM
Saturday: 9:00 AM - 5:00 PM
Sunday: 9:00 AM - 5:00 PM","2025-08-13T15:00:00Z","17.0","1"
"Blushing","4.1","2969","restaurant","https://maps.google.com/?cid=4293157056159815111&g_mp=Cidnb29nbGUubWFwcy5wbGFjZXMudjEuUGxhY2VzLlNlYXJjaFRleHQQABgEIAA","Paulus Potterstraat 30A, 1071 DA Amsterdam, Netherlands","52.3588108","4.8803583999999995","Monday: 8:00 AM - 6:00 PM
Tuesday: 8:00 AM - 6:00 PM
Wednesday: 8:00 AM - 6:00 PM
Thursday: 8:00 AM - 6:00 PM
Friday: 8:00 AM - 6:00 PM
Saturday: 8:00 AM - 6:00 PM
Sunday: 8:00 AM - 6:00 PM","2025-08-13T16:00:00Z","18.0","1"
"Coffeeshop Relax","4.8","812","store","https://maps.google.com/?cid=13214898741833130802&g_mp=Cidnb29nbGUubWFwcy5wbGFjZXMudjEuUGxhY2VzLlNlYXJjaFRleHQQABgEIAA","Vechtstraat 9HS, 1078 RE Amsterdam, Netherlands","52.3484609","4.9056009","Monday: 8:00 AM - 1:00 AM
Tuesday: 8:00 AM - 1:00 AM
Wednesday: 8:00 AM - 1:00 AM
Thursday: 8:00 AM - 1:00 AM
Friday: 8:00 AM - 1:00 AM
Saturday: 8:00 AM - 1:00 AM
Sunday: 8:00 AM - 1:00 AM","2025-08-13T23:00:00Z","1.0","0"
"Caffènation Amsterdam","4.6","874","coffee_shop","https://maps.google.com/?cid=12794073776530560271&g_mp=Cidnb29nbGUubWFwcy5wbGFjZXMudjEuUGxhY2VzLlNlYXJjaFRleHQQABgEIAA","Warmondstraat 120, 1058 KZ Amsterdam, Netherlands","52.354718","4.8493189999999995","Monday: 8:00 AM - 5:00 PM
Tuesday: 8:00 AM - 5:00 PM
Wednesday: 8:00 AM - 5:00 PM
Thursday: 8:00 AM - 5:00 PM
Friday: 8:00 AM - 5:00 PM
Saturday: 9:00 AM - 5:00 PM
Sunday: 9:00 AM - 5:00 PM","2025-08-13T15:00:00Z","17.0","1"
"Badeta Coffee Van Wou/ Albert Cuyp","4.8","110","coffee_shop","https://maps.google.com/?cid=15828564107909117079&g_mp=Cidnb29nbGUubWFwcy5wbGFjZXMudjEuUGxhY2VzLlNlYXJjaFRleHQQABgEIAA","Van Woustraat 14, 1073 LL Amsterdam, Netherlands","52.3569733","4.8994519","Monday: 7:30 AM - 5:00 PM
Tuesday: 7:30 AM - 5:00 PM
Wednesday: 7:30 AM - 5:00 PM
Thursday: 7:30 AM - 5:00 PM
Friday: 7:30 AM - 5:00 PM
Saturday: 8:00 AM - 5:00 PM
Sunday: 8:00 AM - 5:00 PM","2025-08-13T15:00:00Z","17.0","1"
"Wakuli specialty coffee bar","4.6","79","food_store","https://maps.google.com/?cid=2082632870686034751&g_mp=Cidnb29nbGUubWFwcy5wbGFjZXMudjEuUGxhY2VzLlNlYXJjaFRleHQQABgEIAA","Amstelveenseweg 210, 1075 XS Amsterdam, Netherlands","52.351508499999994","4.8559569","Monday: 7:00 AM - 6:00 PM
Tuesday: 7:00 AM - 6:00 PM
Wednesday: 7:00 AM - 6:00 PM
Thursday: 7:00 AM - 6:00 PM
Friday: 7:00 AM - 6:00 PM
Saturday: 8:00 AM - 6:00 PM
Sunday: 8:00 AM - 6:00 PM","2025-08-13T16:00:00Z","18.0","1"
"Bocca Coffee","4.4","1863","coffee_shop","https://maps.google.com/?cid=18188383309989194106&g_mp=Cidnb29nbGUubWFwcy5wbGFjZXMudjEuUGxhY2VzLlNlYXJjaFRleHQQABgEIAA","Kerkstraat 96H, 1017 GP Amsterdam, Netherlands","52.3643905","4.8868164","Monday: 8:00 AM - 6:00 PM
Tuesday: 8:00 AM - 6:00 PM
Wednesday: 8:00 AM - 6:00 PM
Thursday: 8:00 AM - 6:00 PM
Friday: 8:00 AM - 6:00 PM
Saturday: 9:00 AM - 6:00 PM
Sunday: 9:00 AM - 6:00 PM","2025-08-13T16:00:00Z","18.0","1"
"Esthétique cafe","4.7","299","coffee_shop","https://maps.google.com/?cid=3058297447100620463&g_mp=Cidnb29nbGUubWFwcy5wbGFjZXMudjEuUGxhY2VzLlNlYXJjaFRleHQQABgEIAA","Cornelis Krusemanstraat 55, 1075 NG Amsterdam, Netherlands","52.350439099999996","4.8602669999999994","Monday: 8:30 AM - 6:00 PM
Tuesday: 8:30 AM - 6:00 PM
Wednesday: 8:30 AM - 6:00 PM
Thursday: 8:30 AM - 6:00 PM
Friday: 8:30 AM - 6:00 PM
Saturday: 9:00 AM - 6:00 PM
Sunday: 9:00 AM - 6:00 PM","2025-08-13T16:00:00Z","18.0","1"
"Cafecito","4.3","493","coffee_shop","https://maps.google.com/?cid=17227965688056932035&g_mp=Cidnb29nbGUubWFwcy5wbGFjZXMudjEuUGxhY2VzLlNlYXJjaFRleHQQABgEIAA","Van Baerlestraat 83, 1071 AS Amsterdam, Netherlands","52.3542065","4.8816198","Monday: 7:00 AM - 9:00 PM
Tuesday: 7:00 AM - 9:00 PM
Wednesday: 7:00 AM - 9:00 PM
Thursday: 7:00 AM - 9:00 PM
Friday: 7:00 AM - 10:00 PM
Saturday: 8:00 AM - 10:00 PM
Sunday: 8:00 AM - 10:00 PM","2025-08-13T19:00:00Z","21.0","1"
"Craft Coffee & Pastry Amsterdam","4.9","671","bakery","https://maps.google.com/?cid=12541768513388343419&g_mp=Cidnb29nbGUubWFwcy5wbGFjZXMudjEuUGxhY2VzLlNlYXJjaFRleHQQABgEIAA","Gerard Doustraat 103A, 1073 VS Amsterdam, Netherlands","52.356151999999994","4.8934824","Monday: Closed
Tuesday: Closed
Wednesday: 10:00 AM - 4:00 PM
Thursday: 10:00 AM - 4:00 PM
Friday: 10:00 AM - 4:00 PM
Saturday: 10:00 AM - 4:00 PM
Sunday: Closed","2025-08-13T14:00:00Z","16.0","1"
"Pipes & Beans","4.7","466","coffee_shop","https://maps.google.com/?cid=14357824889789475375&g_mp=Cidnb29nbGUubWFwcy5wbGFjZXMudjEuUGxhY2VzLlNlYXJjaFRleHQQABgEIAA","Rietwijkerstraat 35, 1059 VW Amsterdam, Netherlands","52.3491997","4.8490893999999996","Monday: 8:30 AM - 5:00 PM
Tuesday: 8:30 AM - 5:00 PM
Wednesday: 8:30 AM - 5:00 PM
Thursday: 8:30 AM - 5:00 PM
Friday: 8:30 AM - 5:00 PM
Saturday: 8:30 AM - 5:00 PM
Sunday: 8:30 AM - 5:00 PM","2025-08-13T15:00:00Z","17.0","1"
"Noosh.","4.7","237","coffee_shop","https://maps.google.com/?cid=14932707205690967132&g_mp=Cidnb29nbGUubWFwcy5wbGFjZXMudjEuUGxhY2VzLlNlYXJjaFRleHQQABgEIAA","Eerste van der Helststraat 35, 1073 AC Amsterdam, Netherlands","52.3556295","4.8931947","Monday: 9:00 AM - 6:00 PM
Tuesday: 9:00 AM - 6:00 PM
Wednesday: 9:00 AM - 6:00 PM
Thursday: 9:00 AM - 6:00 PM
Friday: 9:00 AM - 6:00 PM
Saturday: 9:00 AM - 6:00 PM
Sunday: 10:00 AM - 6:00 PM","2025-08-13T16:00:00Z","18.0","1"
"Coffee District Buitenveldert","4.7","160","coffee_shop","https://maps.google.com/?cid=9468763895476653539&g_mp=Cidnb29nbGUubWFwcy5wbGFjZXMudjEuUGxhY2VzLlNlYXJjaFRleHQQABgEIAA","Buitenveldertselaan 98, 1081 AB Amsterdam, Netherlands","52.3271221","4.868344899999999","Monday: 7:30 AM - 4:30 PM
Tuesday: 7:30 AM - 4:30 PM
Wednesday: 7:30 AM - 4:30 PM
Thursday: 7:30 AM - 4:30 PM
Friday: 7:30 AM - 4:30 PM
Saturday: 8:00 AM - 5:00 PM
Sunday: 8:00 AM - 5:00 PM","2025-08-13T14:30:00Z","16.0","1"
"FLOW BRUNCH","4.8","227","restaurant","https://maps.google.com/?cid=16002741614896909862&g_mp=Cidnb29nbGUubWFwcy5wbGFjZXMudjEuUGxhY2VzLlNlYXJjaFRleHQQABgEIAA","Eerste Jacob van Campenstraat 47H, 1072 BD Amsterdam, Netherlands","52.35750900000001","4.889818","Monday: 8:00 AM - 3:00 PM
Tuesday: 8:00 AM - 3:00 PM
Wednesday: 8:00 AM - 3:00 PM
Thursday: 8:00 AM - 3:00 PM
Friday: 8:00 AM - 3:00 PM
Saturday: 8:00 AM - 4:00 PM
Sunday: 8:00 AM - 4:00 PM","2025-08-13T13:00:00Z","15.0","1"
"Berry Amsterdam","4.7","460","coffee_shop","https://maps.google.com/?cid=1163045397431648299&g_mp=Cidnb29nbGUubWFwcy5wbGFjZXMudjEuUGxhY2VzLlNlYXJjaFRleHQQABgEIAA","Bilderdijkkade 27, 1053 VH Amsterdam, Netherlands","52.3684802","4.8701227","Monday: Closed
Tuesday: 8:00 AM - 5:00 PM
Wednesday: 8:00 AM - 5:00 PM
Thursday: 8:00 AM - 5:00 PM
Friday: 8:00 AM - 5:00 PM
Saturday: 9:00 AM - 5:00 PM
Sunday: 10:00 AM - 5:00 PM","2025-08-13T15:00:00Z","17.0","1"
"TEA KEE Bubble Tea 奶茶 Amsterdam","4.8","519","tea_house","https://maps.google.com/?cid=6514679705383990900&g_mp=Cidnb29nbGUubWFwcy5wbGFjZXMudjEuUGxhY2VzLlNlYXJjaFRleHQQABgEIAA","Hobbemastraat 3, 1071 XZ Amsterdam, Netherlands","52.361407400000004","4.882615299999999","Monday: 10:00 AM - 7:30 PM
Tuesday: 10:00 AM - 7:30 PM
Wednesday: 10:00 AM - 7:30 PM
Thursday: 10:00 AM - 7:30 PM
Friday: 10:00 AM - 7:30 PM
Saturday: 10:00 AM - 7:30 PM
Sunday: 10:00 AM - 7:30 PM","2025-08-13T17:30:00Z","19.0","1"
"Buno Coffee Hoofddorpplein","4.7","400","coffee_shop","https://maps.google.com/?cid=5196363899598440511&g_mp=Cidnb29nbGUubWFwcy5wbGFjZXMudjEuUGxhY2VzLlNlYXJjaFRleHQQABgEIAA","Hoofddorpplein 6H, 1058 PD Amsterdam, Netherlands","52.3513152","4.850585199999999","Monday: 8:00 AM - 6:00 PM
Tuesday: 8:00 AM - 6:00 PM
Wednesday: 8:00 AM - 6:00 PM
Thursday: 8:00 AM - 6:00 PM
Friday: 8:00 AM - 6:00 PM
Saturday: 9:00 AM - 6:00 PM
Sunday: 9:00 AM - 6:00 PM","2025-08-13T16:00:00Z","18.0","1"
"Liev Coffee & Pastry","4.6","335","coffee_shop","https://maps.google.com/?cid=2322347332592894385&g_mp=Cidnb29nbGUubWFwcy5wbGFjZXMudjEuUGxhY2VzLlNlYXJjaFRleHQQABgEIAA","Dusartstraat 22, 1072 HS Amsterdam, Netherlands","52.352177","4.889130199999999","Monday: 7:30 AM - 5:00 PM
Tuesday: 7:30 AM - 5:00 PM
Wednesday: 7:30 AM - 5:00 PM
Thursday: 7:30 AM - 5:00 PM
Friday: 7:30 AM - 5:00 PM
Saturday: 8:30 AM - 6:00 PM
Sunday: 8:30 AM - 6:00 PM","2025-08-13T15:00:00Z","17.0","1"
"Coffee & Coconuts 'Zuidas'","4.2","195","coffee_shop","https://maps.google.com/?cid=4306983541103513776&g_mp=Cidnb29nbGUubWFwcy5wbGFjZXMudjEuUGxhY2VzLlNlYXJjaFRleHQQABgEIAA","Gustav Mahlerplein 40, 1082 MA Amsterdam, Netherlands","52.337253499999996","4.8730334","Monday: 7:30 AM - 5:00 PM
Tuesday: 7:30 AM - 5:00 PM
Wednesday: 7:30 AM - 5:00 PM
Thursday: 7:30 AM - 5:00 PM
Friday: 7:30 AM - 4:00 PM
Saturday: 9:00 AM - 4:00 PM
Sunday: 9:00 AM - 4:00 PM","2025-08-13T15:00:00Z","17.0","1"
"The Block Coffee","4.5","240","coffee_shop","https://maps.google.com/?cid=9179744765711454160&g_mp=Cidnb29nbGUubWFwcy5wbGFjZXMudjEuUGxhY2VzLlNlYXJjaFRleHQQABgEIAA","Gaasterlandstraat 401, 1079 RH Amsterdam, Netherlands","52.33764250000001","4.8934371","Monday: 8:00 AM - 8:00 PM
Tuesday: 8:00 AM - 8:00 PM
Wednesday: 8:00 AM - 8:00 PM
Thursday: 8:00 AM - 8:00 PM
Friday: 8:00 AM - 8:00 PM
Saturday: 9:00 AM - 8:00 PM
Sunday: 9:00 AM - 8:00 PM","2025-08-13T18:00:00Z","20.0","1"
"Hummingbird Coffee Amsterdam","4.6","852","coffee_shop","https://maps.google.com/?cid=16912688596054977832&g_mp=Cidnb29nbGUubWFwcy5wbGFjZXMudjEuUGxhY2VzLlNlYXJjaFRleHQQABgEIAA","Spuistraat 217, 1012 RN Amsterdam, Netherlands","52.371586799999996","4.8895102999999995","Monday: 8:30 AM - 5:00 PM
Tuesday: 8:30 AM - 5:00 PM
Wednesday: 8:30 AM - 5:00 PM
Thursday: 8:30 AM - 5:00 PM
Friday: 8:30 AM - 5:00 PM
Saturday: 9:00 AM - 5:30 PM
Sunday: 9:00 AM - 5:30 PM","2025-08-13T15:00:00Z","17.0","1"
"Wakuli specialty coffee bar","4.7","72","cafe","https://maps.google.com/?cid=11275652231488648513&g_mp=Cidnb29nbGUubWFwcy5wbGFjZXMudjEuUGxhY2VzLlNlYXJjaFRleHQQABgEIAA","Vijzelgracht 37, 1017 HP Amsterdam, Netherlands","52.3608019","4.8914608","Monday: 7:00 AM - 6:00 PM
Tuesday: 7:00 AM - 6:00 PM
Wednesday: 7:00 AM - 6:00 PM
Thursday: 7:00 AM - 6:00 PM
Friday: 7:00 AM - 6:00 PM
Saturday: 8:00 AM - 6:00 PM
Sunday: 8:00 AM - 6:00 PM","2025-08-13T16:00:00Z","18.0","1"
"GoodNews Coffee Helststraat","4.3","30","coffee_shop","https://maps.google.com/?cid=11734691930960539808&g_mp=Cidnb29nbGUubWFwcy5wbGFjZXMudjEuUGxhY2VzLlNlYXJjaFRleHQQABgEIAA","Eerste van der Helststraat 82h, 1072 NZ Amsterdam, Netherlands","52.354566","4.893432","Monday: 7:30 AM - 7:30 PM
Tuesday: 7:30 AM - 7:30 PM
Wednesday: 7:30 AM - 7:30 PM
Thursday: 7:30 AM - 7:30 PM
Friday: 7:30 AM - 7:30 PM
Saturday: 9:00 AM - 7:30 PM
Sunday: 9:00 AM - 7:30 PM","2025-08-13T17:30:00Z","19.0","1"
"Wakuli specialty coffee retail bar","4.5","49","food_store","https://maps.google.com/?cid=9203543768286197276&g_mp=Cidnb29nbGUubWFwcy5wbGFjZXMudjEuUGxhY2VzLlNlYXJjaFRleHQQABgEIAA","Van Woustraat 54, 1073 LN Amsterdam, Netherlands","52.3559573","4.9001328","Monday: 8:00 AM - 6:00 PM
Tuesday: 8:00 AM - 6:00 PM
Wednesday: 8:00 AM - 6:00 PM
Thursday: 8:00 AM - 6:00 PM
Friday: 8:00 AM - 6:00 PM
Saturday: 8:00 AM - 6:00 PM
Sunday: 8:00 AM - 6:00 PM","2025-08-13T16:00:00Z","18.0","1"
"Kaldi Coffee & Tea Van Woustraat","4.7","139","food_store","https://maps.google.com/?cid=7479113142366192678&g_mp=Cidnb29nbGUubWFwcy5wbGFjZXMudjEuUGxhY2VzLlNlYXJjaFRleHQQABgEIAA","Van Woustraat 9HS, 1074 AA Amsterdam, Netherlands","52.357311900000006","4.8996717","Monday: 8:00 AM - 6:00 PM
Tuesday: 8:00 AM - 6:00 PM
Wednesday: 8:00 AM - 6:00 PM
Thursday: 8:00 AM - 6:00 PM
Friday: 8:00 AM - 6:00 PM
Saturday: 10:00 AM - 6:00 PM
Sunday: 10:00 AM - 3:00 PM","2025-08-13T16:00:00Z","18.0","1"
"gratitude espresso","4.8","80","coffee_shop","https://maps.google.com/?cid=16662512341643823429&g_mp=Cidnb29nbGUubWFwcy5wbGFjZXMudjEuUGxhY2VzLlNlYXJjaFRleHQQABgEIAA","Maasstraat 89, 1078 HG Amsterdam, Netherlands","52.3441743","4.895774200000001","Monday: Closed
Tuesday: 8:00 AM - 3:00 PM
Wednesday: 8:00 AM - 3:00 PM
Thursday: 8:00 AM - 3:00 PM
Friday: 8:00 AM - 3:00 PM
Saturday: 8:00 AM - 3:00 PM
Sunday: Closed","2025-08-13T13:00:00Z","15.0","1"
"MOKAFE","4.9","1032","brunch_restaurant","https://maps.google.com/?cid=10772444699669816637&g_mp=Cidnb29nbGUubWFwcy5wbGFjZXMudjEuUGxhY2VzLlNlYXJjaFRleHQQABgEIAA","Trompenburgstraat 103, 1079 TS Amsterdam, Netherlands","52.344143300000006","4.9085551","Monday: 8:30 AM - 4:00 PM
Tuesday: 8:30 AM - 4:00 PM
Wednesday: 8:30 AM - 4:00 PM
Thursday: 8:30 AM - 4:00 PM
Friday: 8:30 AM - 4:00 PM
Saturday: 8:30 AM - 4:00 PM
Sunday: 8:30 AM - 4:00 PM","2025-08-13T14:00:00Z","16.0","1"
"Coffee Room.","4.3","869","coffee_shop","https://maps.google.com/?cid=11138241219506320027&g_mp=Cidnb29nbGUubWFwcy5wbGFjZXMudjEuUGxhY2VzLlNlYXJjaFRleHQQABgEIAA","Kinkerstraat 110, 1053 EC Amsterdam, Netherlands","52.367047199999995","4.8711193999999995","Monday: 8:00 AM - 7:00 PM
Tuesday: 8:00 AM - 7:00 PM
Wednesday: 8:00 AM - 7:00 PM
Thursday: 8:00 AM - 7:00 PM
Friday: 8:00 AM - 7:00 PM
Saturday: 8:00 AM - 7:00 PM
Sunday: 9:00 AM - 7:00 PM","2025-08-13T17:00:00Z","19.0","1"
"Corner Bakery","4.2","1465","breakfast_restaurant","https://maps.google.com/?cid=8412531620933785472&g_mp=Cidnb29nbGUubWFwcy5wbGFjZXMudjEuUGxhY2VzLlNlYXJjaFRleHQQABgEIAA","Johannes Vermeerstraat 40, 1071 DS Amsterdam, Netherlands","52.3547191","4.8840308","Monday: 9:00 AM - 4:00 PM
Tuesday: 9:00 AM - 4:00 PM
Wednesday: 9:00 AM - 4:00 PM
Thursday: 9:00 AM - 4:00 PM
Friday: 9:00 AM - 4:00 PM
Saturday: 9:00 AM - 5:00 PM
Sunday: 9:00 AM - 5:00 PM","2025-08-13T14:00:00Z","16.0","1"
"Café Berkhout","4.4","842","cafe","https://maps.google.com/?cid=16928165525389498297&g_mp=Cidnb29nbGUubWFwcy5wbGFjZXMudjEuUGxhY2VzLlNlYXJjaFRleHQQABgEIAA","Stadhouderskade 77, 1072 AE Amsterdam, Netherlands","52.357934699999994","4.8906833999999995","Monday: 9:00 AM - 1:00 AM
Tuesday: 9:00 AM - 1:00 AM
Wednesday: 9:00 AM - 1:00 AM
Thursday: 9:00 AM - 1:00 AM
Friday: 9:00 AM - 3:00 AM
Saturday: 9:00 AM - 3:00 AM
Sunday: 9:00 AM - 1:00 AM","2025-08-13T23:00:00Z","1.0","0"
"Cobra Café","3.9","1345","cafe","https://maps.google.com/?cid=10366312426699962692&g_mp=Cidnb29nbGUubWFwcy5wbGFjZXMudjEuUGxhY2VzLlNlYXJjaFRleHQQABgEIAA","Hobbemastraat 18, 1071 ZB Amsterdam, Netherlands","52.358910099999996","4.8843635999999995","Monday: 10:30 AM - 7:00 PM
Tuesday: 10:30 AM - 7:00 PM
Wednesday: 10:30 AM - 7:00 PM
Thursday: 10:30 AM - 7:00 PM
Friday: 10:30 AM - 7:00 PM
Saturday: 11:00 AM - 7:00 PM
Sunday: 11:00 AM - 7:00 PM","2025-08-13T17:00:00Z","19.0","1"
"GoodNews Coffee Ferdinand 51","4.2","79","coffee_shop","https://maps.google.com/?cid=14574743323925433911&g_mp=Cidnb29nbGUubWFwcy5wbGFjZXMudjEuUGxhY2VzLlNlYXJjaFRleHQQABgEIAA","Ferdinand Bolstraat 51, 1072 LB Amsterdam, Netherlands","52.355168600000006","4.890594699999999","Monday: 7:30 AM - 7:30 PM
Tuesday: 7:30 AM - 7:30 PM
Wednesday: 7:30 AM - 7:30 PM
Thursday: 7:30 AM - 7:30 PM
Friday: 7:30 AM - 7:30 PM
Saturday: 9:00 AM - 7:30 PM
Sunday: 9:00 AM - 7:30 PM","2025-08-13T17:30:00Z","19.0","1"
"SHOT Lifestyle & Coffee","4.4","62","coffee_shop","https://maps.google.com/?cid=17862109917401648726&g_mp=Cidnb29nbGUubWFwcy5wbGFjZXMudjEuUGxhY2VzLlNlYXJjaFRleHQQABgEIAA","Marathonweg 15H, 1076 SX Amsterdam, Netherlands","52.348410400000006","4.8614565","Monday: 8:00 AM - 6:00 PM
Tuesday: 8:00 AM - 6:00 PM
Wednesday: 8:00 AM - 6:00 PM
Thursday: 8:00 AM - 6:00 PM
Friday: 8:00 AM - 6:00 PM
Saturday: 8:30 AM - 6:00 PM
Sunday: 8:30 AM - 6:00 PM","2025-08-13T16:00:00Z","18.0","1"
"Scandinavian Embassy.","4.4","1695","cafe","https://maps.google.com/?cid=8489887193750794617&g_mp=Cidnb29nbGUubWFwcy5wbGFjZXMudjEuUGxhY2VzLlNlYXJjaFRleHQQABgEIAA","Sarphatipark 34, 1072 PB Amsterdam, Netherlands","52.353456099999995","4.8942191","Monday: 8:00 AM - 5:00 PM
Tuesday: 8:00 AM - 5:00 PM
Wednesday: 8:00 AM - 5:00 PM
Thursday: 8:00 AM - 5:00 PM
Friday: 8:00 AM - 5:00 PM
Saturday: 9:00 AM - 5:00 PM
Sunday: 9:00 AM - 5:00 PM","2025-08-13T15:00:00Z","17.0","1"
"Coffeeshop IBIZA","4.3","2426","store","https://maps.google.com/?cid=325745987530761291&g_mp=Cidnb29nbGUubWFwcy5wbGFjZXMudjEuUGxhY2VzLlNlYXJjaFRleHQQABgEIAA","Hemonystraat 16, 1074 BP Amsterdam, Netherlands","52.357444799999996","4.9020715","Monday: 10:00 AM - 1:00 AM
Tuesday: 10:00 AM - 1:00 AM
Wednesday: 10:00 AM - 1:00 AM
Thursday: 10:00 AM - 1:00 AM
Friday: 10:00 AM - 1:00 AM
Saturday: 10:00 AM - 1:00 AM
Sunday: 10:00 AM - 1:00 AM","2025-08-13T23:00:00Z","1.0","0"
"Nana coffee house","4.8","356","restaurant","https://maps.google.com/?cid=14280312794242813171&g_mp=Cidnb29nbGUubWFwcy5wbGFjZXMudjEuUGxhY2VzLlNlYXJjaFRleHQQABgEIAA","Hoofddorpplein 29 h, 1059 CW Amsterdam, Netherlands","52.3511034","4.8492497000000006","Monday: 8:00 AM - 4:00 PM
Tuesday: Closed
Wednesday: 8:00 AM - 4:00 PM
Thursday: 8:00 AM - 4:00 PM
Friday: 8:00 AM - 4:00 PM
Saturday: 9:00 AM - 4:00 PM
Sunday: 9:00 AM - 4:00 PM","2025-08-13T14:00:00Z","16.0","1"
"Anne&Max Amsterdam Zuid","4.3","804","coffee_shop","https://maps.google.com/?cid=5239846210192179339&g_mp=Cidnb29nbGUubWFwcy5wbGFjZXMudjEuUGxhY2VzLlNlYXJjaFRleHQQABgEIAA","Amstelveenseweg 196, 1075 XS Amsterdam, Netherlands","52.3518944","4.8561119999999995","Monday: 8:00 AM - 5:00 PM
Tuesday: 8:00 AM - 5:00 PM
Wednesday: 8:00 AM - 5:00 PM
Thursday: 8:00 AM - 5:00 PM
Friday: 8:00 AM - 5:00 PM
Saturday: 8:00 AM - 5:00 PM
Sunday: 8:00 AM - 5:00 PM","2025-08-13T15:00:00Z","17.0","1"
"LOCALS ALL DAY BRUNCH DS","4.6","754","restaurant","https://maps.google.com/?cid=13162095595109785836&g_mp=Cidnb29nbGUubWFwcy5wbGFjZXMudjEuUGxhY2VzLlNlYXJjaFRleHQQABgEIAA","Daniël Stalpertstraat 61 H, 1072 XB Amsterdam, Netherlands","52.3563191","4.8898936","Monday: 9:00 AM - 3:00 PM
Tuesday: 9:00 AM - 3:00 PM
Wednesday: 9:00 AM - 3:00 PM
Thursday: 9:00 AM - 3:00 PM
Friday: 9:00 AM - 3:00 PM
Saturday: 9:00 AM - 4:00 PM
Sunday: 9:00 AM - 4:00 PM","2025-08-13T13:00:00Z","15.0","1"
"Coffee Tales","4.6","556","coffee_shop","https://maps.google.com/?cid=659651857663064760&g_mp=Cidnb29nbGUubWFwcy5wbGFjZXMudjEuUGxhY2VzLlNlYXJjaFRleHQQABgEIAA","Reguliersdwarsstraat 121, 1017 BL Amsterdam, Netherlands","52.365950299999994","4.8949524","Monday: 8:00 AM - 5:00 PM
Tuesday: 8:00 AM - 5:00 PM
Wednesday: 8:00 AM - 5:00 PM
Thursday: 8:00 AM - 5:00 PM
Friday: 8:00 AM - 5:00 PM
Saturday: 8:00 AM - 5:00 PM
Sunday: 8:00 AM - 5:00 PM","2025-08-13T15:00:00Z","17.0","1"
"Rijksmuseum Café","3.7","946","cafe","https://maps.google.com/?cid=17901089435471284359&g_mp=Cidnb29nbGUubWFwcy5wbGFjZXMudjEuUGxhY2VzLlNlYXJjaFRleHQQABgEIAA","Museumstraat 1, 1071 XX Amsterdam, Netherlands","52.35999950000001","4.8852307","Monday: 9:00 AM - 6:00 PM
Tuesday: 9:00 AM - 6:00 PM
Wednesday: 9:00 AM - 6:00 PM
Thursday: 9:00 AM - 6:00 PM
Friday: 9:00 AM - 6:00 PM
Saturday: 9:00 AM - 6:00 PM
Sunday: 9:00 AM - 6:00 PM","2025-08-13T16:00:00Z","18.0","1"
"Coffee Company","4.1","614","coffee_shop","https://maps.google.com/?cid=15471395599617998917&g_mp=Cidnb29nbGUubWFwcy5wbGFjZXMudjEuUGxhY2VzLlNlYXJjaFRleHQQABgEIAA","Ferdinand Bolstraat 38, 1072 LK Amsterdam, Netherlands","52.356311299999994","4.8904122","Monday: 7:30 AM - 6:00 PM
Tuesday: 7:30 AM - 6:00 PM
Wednesday: 7:30 AM - 6:00 PM
Thursday: 7:30 AM - 6:00 PM
Friday: 7:30 AM - 6:00 PM
Saturday: 8:30 AM - 7:00 PM
Sunday: 8:30 AM - 7:00 PM","2025-08-13T16:00:00Z","18.0","1"
"Doppio Espresso Amsterdam Zuidas","4.5","298","coffee_shop","https://maps.google.com/?cid=10398503762603759925&g_mp=Cidnb29nbGUubWFwcy5wbGFjZXMudjEuUGxhY2VzLlNlYXJjaFRleHQQABgEIAA","Gustav Mahlerlaan 16, 1082 LS Amsterdam, Netherlands","52.336807699999994","4.8727225999999995","Monday: 7:45 AM - 6:30 PM
Tuesday: 7:45 AM - 6:30 PM
Wednesday: 7:45 AM - 6:30 PM
Thursday: 7:45 AM - 6:30 PM
Friday: 7:45 AM - 6:30 PM
Saturday: Closed
Sunday: Closed","2025-08-13T16:30:00Z","18.0","1"
"Coffee shop","4.5","31","coffee_shop","https://maps.google.com/?cid=5536902477587549596&g_mp=Cidnb29nbGUubWFwcy5wbGFjZXMudjEuUGxhY2VzLlNlYXJjaFRleHQQABgEIAA","Blues Brothers Coffee Shop, Amstel 54HS, 1017 AB Amsterdam, Netherlands","52.3669351","4.8956979","Monday: 9:30 AM - 5:00 PM
Tuesday: 9:30 AM - 5:00 PM
Wednesday: 9:30 AM - 5:00 PM
Thursday: 9:30 AM - 5:00 PM
Friday: 9:30 AM - 5:00 PM
Saturday: 9:30 AM - 5:00 PM
Sunday: 10:00 AM - 6:00 PM","2025-08-13T15:00:00Z","17.0","1"
"coffeecompany","4.3","394","coffee_shop","https://maps.google.com/?cid=11439044422118910849&g_mp=Cidnb29nbGUubWFwcy5wbGFjZXMudjEuUGxhY2VzLlNlYXJjaFRleHQQABgEIAA","Scheldestraat 37, 1078 GE Amsterdam, Netherlands","52.3465184","4.8912844","Monday: 7:30 AM - 5:30 PM
Tuesday: 7:30 AM - 5:30 PM
Wednesday: 7:30 AM - 5:30 PM
Thursday: 7:30 AM - 5:30 PM
Friday: 7:30 AM - 5:30 PM
Saturday: 8:30 AM - 5:30 PM
Sunday: 8:30 AM - 5:30 PM","2025-08-13T15:30:00Z","17.0","1"
"coffeecompany","4.2","298","coffee_shop","https://maps.google.com/?cid=17411598876437080620&g_mp=Cidnb29nbGUubWFwcy5wbGFjZXMudjEuUGxhY2VzLlNlYXJjaFRleHQQABgEIAA","Beethovenstraat 84, 1077 JN Amsterdam, Netherlands","52.347302","4.8766543","Monday: 7:30 AM - 6:00 PM
Tuesday: 7:30 AM - 6:00 PM
Wednesday: 7:30 AM - 6:00 PM
Thursday: 7:30 AM - 6:00 PM
Friday: 7:30 AM - 6:00 PM
Saturday: 8:30 AM - 6:00 PM
Sunday: 8:30 AM - 6:00 PM","2025-08-13T16:00:00Z","18.0","1"
"Coffee lounge West","4.2","352","coffee_shop","https://maps.google.com/?cid=15148317941318159912&g_mp=Cidnb29nbGUubWFwcy5wbGFjZXMudjEuUGxhY2VzLlNlYXJjaFRleHQQABgEIAA","Eerste Constantijn Huygensstraat 82, 1054 BX Amsterdam, Netherlands","52.3632554","4.8746126","Monday: 7:00 AM - 6:00 PM
Tuesday: 7:00 AM - 6:00 PM
Wednesday: 7:00 AM - 6:00 PM
Thursday: 7:00 AM - 6:00 PM
Friday: 7:00 AM - 6:00 PM
Saturday: 7:00 AM - 6:00 PM
Sunday: 7:00 AM - 6:00 PM","2025-08-13T16:00:00Z","18.0","1"
"MOKAFE","4.9","1032","brunch_restaurant","https://maps.google.com/?cid=10772444699669816637&g_mp=Cidnb29nbGUubWFwcy5wbGFjZXMudjEuUGxhY2VzLlNlYXJjaFRleHQQABgEIAA","Trompenburgstraat 103, 1079 TS Amsterdam, Netherlands","52.344143300000006","4.9085551","Monday: 8:30 AM - 4:00 PM
Tuesday: 8:30 AM - 4:00 PM
Wednesday: 8:30 AM - 4:00 PM
Thursday: 8:30 AM - 4:00 PM
Friday: 8:30 AM - 4:00 PM
Saturday: 8:30 AM - 4:00 PM
Sunday: 8:30 AM - 4:00 PM","2025-08-13T14:00:00Z","16.0","1"
"Coffee Room.","4.3","869","coffee_shop","https://maps.google.com/?cid=11138241219506320027&g_mp=Cidnb29nbGUubWFwcy5wbGFjZXMudjEuUGxhY2VzLlNlYXJjaFRleHQQABgEIAA","Kinkerstraat 110, 1053 EC Amsterdam, Netherlands","52.367047199999995","4.8711193999999995","Monday: 8:00 AM - 7:00 PM
Tuesday: 8:00 AM - 7:00 PM
Wednesday: 8:00 AM - 7:00 PM
Thursday: 8:00 AM - 7:00 PM
Friday: 8:00 AM - 7:00 PM
Saturday: 8:00 AM - 7:00 PM
Sunday: 9:00 AM - 7:00 PM","2025-08-13T17:00:00Z","19.0","1"
"Corner Bakery","4.2","1465","breakfast_restaurant","https://maps.google.com/?cid=8412531620933785472&g_mp=Cidnb29nbGUubWFwcy5wbGFjZXMudjEuUGxhY2VzLlNlYXJjaFRleHQQABgEIAA","Johannes Vermeerstraat 40, 1071 DS Amsterdam, Netherlands","52.3547191","4.8840308","Monday: 9:00 AM - 4:00 PM
Tuesday: 9:00 AM - 4:00 PM
Wednesday: 9:00 AM - 4:00 PM
Thursday: 9:00 AM - 4:00 PM
Friday: 9:00 AM - 4:00 PM
Saturday: 9:00 AM - 5:00 PM
Sunday: 9:00 AM - 5:00 PM","2025-08-13T14:00:00Z","16.0","1"
"Café Berkhout","4.4","842","cafe","https://maps.google.com/?cid=16928165525389498297&g_mp=Cidnb29nbGUubWFwcy5wbGFjZXMudjEuUGxhY2VzLlNlYXJjaFRleHQQABgEIAA","Stadhouderskade 77, 1072 AE Amsterdam, Netherlands","52.357934699999994","4.8906833999999995","Monday: 9:00 AM - 1:00 AM
Tuesday: 9:00 AM - 1:00 AM
Wednesday: 9:00 AM - 1:00 AM
Thursday: 9:00 AM - 1:00 AM
Friday: 9:00 AM - 3:00 AM
Saturday: 9:00 AM - 3:00 AM
Sunday: 9:00 AM - 1:00 AM","2025-08-13T23:00:00Z","1.0","0"
"Cobra Café","3.9","1345","cafe","https://maps.google.com/?cid=10366312426699962692&g_mp=Cidnb29nbGUubWFwcy5wbGFjZXMudjEuUGxhY2VzLlNlYXJjaFRleHQQABgEIAA","Hobbemastraat 18, 1071 ZB Amsterdam, Netherlands","52.358910099999996","4.8843635999999995","Monday: 10:30 AM - 7:00 PM
Tuesday: 10:30 AM - 7:00 PM
Wednesday: 10:30 AM - 7:00 PM
Thursday: 10:30 AM - 7:00 PM
Friday: 10:30 AM - 7:00 PM
Saturday: 11:00 AM - 7:00 PM
Sunday: 11:00 AM - 7:00 PM","2025-08-13T17:00:00Z","19.0","1"
"GoodNews Coffee Ferdinand 51","4.2","79","coffee_shop","https://maps.google.com/?cid=14574743323925433911&g_mp=Cidnb29nbGUubWFwcy5wbGFjZXMudjEuUGxhY2VzLlNlYXJjaFRleHQQABgEIAA","Ferdinand Bolstraat 51, 1072 LB Amsterdam, Netherlands","52.355168600000006","4.890594699999999","Monday: 7:30 AM - 7:30 PM
Tuesday: 7:30 AM - 7:30 PM
Wednesday: 7:30 AM - 7:30 PM
Thursday: 7:30 AM - 7:30 PM
Friday: 7:30 AM - 7:30 PM
Saturday: 9:00 AM - 7:30 PM
Sunday: 9:00 AM - 7:30 PM","2025-08-13T17:30:00Z","19.0","1"
"SHOT Lifestyle & Coffee","4.4","62","coffee_shop","https://maps.google.com/?cid=17862109917401648726&g_mp=Cidnb29nbGUubWFwcy5wbGFjZXMudjEuUGxhY2VzLlNlYXJjaFRleHQQABgEIAA","Marathonweg 15H, 1076 SX Amsterdam, Netherlands","52.348410400000006","4.8614565","Monday: 8:00 AM - 6:00 PM
Tuesday: 8:00 AM - 6:00 PM
Wednesday: 8:00 AM - 6:00 PM
Thursday: 8:00 AM - 6:00 PM
Friday: 8:00 AM - 6:00 PM
Saturday: 8:30 AM - 6:00 PM
Sunday: 8:30 AM - 6:00 PM","2025-08-13T16:00:00Z","18.0","1"
"Scandinavian Embassy.","4.4","1695","cafe","https://maps.google.com/?cid=8489887193750794617&g_mp=Cidnb29nbGUubWFwcy5wbGFjZXMudjEuUGxhY2VzLlNlYXJjaFRleHQQABgEIAA","Sarphatipark 34, 1072 PB Amsterdam, Netherlands","52.353456099999995","4.8942191","Monday: 8:00 AM - 5:00 PM
Tuesday: 8:00 AM - 5:00 PM
Wednesday: 8:00 AM - 5:00 PM
Thursday: 8:00 AM - 5:00 PM
Friday: 8:00 AM - 5:00 PM
Saturday: 9:00 AM - 5:00 PM
Sunday: 9:00 AM - 5:00 PM","2025-08-13T15:00:00Z","17.0","1"
"Coffeeshop IBIZA","4.3","2426","store","https://maps.google.com/?cid=325745987530761291&g_mp=Cidnb29nbGUubWFwcy5wbGFjZXMudjEuUGxhY2VzLlNlYXJjaFRleHQQABgEIAA","Hemonystraat 16, 1074 BP Amsterdam, Netherlands","52.357444799999996","4.9020715","Monday: 10:00 AM - 1:00 AM
Tuesday: 10:00 AM - 1:00 AM
Wednesday: 10:00 AM - 1:00 AM
Thursday: 10:00 AM - 1:00 AM
Friday: 10:00 AM - 1:00 AM
Saturday: 10:00 AM - 1:00 AM
Sunday: 10:00 AM - 1:00 AM","2025-08-13T23:00:00Z","1.0","0"
"Nana coffee house","4.8","356","restaurant","https://maps.google.com/?cid=14280312794242813171&g_mp=Cidnb29nbGUubWFwcy5wbGFjZXMudjEuUGxhY2VzLlNlYXJjaFRleHQQABgEIAA","Hoofddorpplein 29 h, 1059 CW Amsterdam, Netherlands","52.3511034","4.8492497000000006","Monday: 8:00 AM - 4:00 PM
Tuesday: Closed
Wednesday: 8:00 AM - 4:00 PM
Thursday: 8:00 AM - 4:00 PM
Friday: 8:00 AM - 4:00 PM
Saturday: 9:00 AM - 4:00 PM
Sunday: 9:00 AM - 4:00 PM","2025-08-13T14:00:00Z","16.0","1"
"Anne&Max Amsterdam Zuid","4.3","804","coffee_shop","https://maps.google.com/?cid=5239846210192179339&g_mp=Cidnb29nbGUubWFwcy5wbGFjZXMudjEuUGxhY2VzLlNlYXJjaFRleHQQABgEIAA","Amstelveenseweg 196, 1075 XS Amsterdam, Netherlands","52.3518944","4.8561119999999995","Monday: 8:00 AM - 5:00 PM
Tuesday: 8:00 AM - 5:00 PM
Wednesday: 8:00 AM - 5:00 PM
Thursday: 8:00 AM - 5:00 PM
Friday: 8:00 AM - 5:00 PM
Saturday: 8:00 AM - 5:00 PM
Sunday: 8:00 AM - 5:00 PM","2025-08-13T15:00:00Z","17.0","1"
"LOCALS ALL DAY BRUNCH DS","4.6","754","restaurant","https://maps.google.com/?cid=13162095595109785836&g_mp=Cidnb29nbGUubWFwcy5wbGFjZXMudjEuUGxhY2VzLlNlYXJjaFRleHQQABgEIAA","Daniël Stalpertstraat 61 H, 1072 XB Amsterdam, Netherlands","52.3563191","4.8898936","Monday: 9:00 AM - 3:00 PM
Tuesday: 9:00 AM - 3:00 PM
Wednesday: 9:00 AM - 3:00 PM
Thursday: 9:00 AM - 3:00 PM
Friday: 9:00 AM - 3:00 PM
Saturday: 9:00 AM - 4:00 PM
Sunday: 9:00 AM - 4:00 PM","2025-08-13T13:00:00Z","15.0","1"
"Coffee Tales","4.6","556","coffee_shop","https://maps.google.com/?cid=659651857663064760&g_mp=Cidnb29nbGUubWFwcy5wbGFjZXMudjEuUGxhY2VzLlNlYXJjaFRleHQQABgEIAA","Reguliersdwarsstraat 121, 1017 BL Amsterdam, Netherlands","52.365950299999994","4.8949524","Monday: 8:00 AM - 5:00 PM
Tuesday: 8:00 AM - 5:00 PM
Wednesday: 8:00 AM - 5:00 PM
Thursday: 8:00 AM - 5:00 PM
Friday: 8:00 AM - 5:00 PM
Saturday: 8:00 AM - 5:00 PM
Sunday: 8:00 AM - 5:00 PM","2025-08-13T15:00:00Z","17.0","1"
"Rijksmuseum Café","3.7","946","cafe","https://maps.google.com/?cid=17901089435471284359&g_mp=Cidnb29nbGUubWFwcy5wbGFjZXMudjEuUGxhY2VzLlNlYXJjaFRleHQQABgEIAA","Museumstraat 1, 1071 XX Amsterdam, Netherlands","52.35999950000001","4.8852307","Monday: 9:00 AM - 6:00 PM
Tuesday: 9:00 AM - 6:00 PM
Wednesday: 9:00 AM - 6:00 PM
Thursday: 9:00 AM - 6:00 PM
Friday: 9:00 AM - 6:00 PM
Saturday: 9:00 AM - 6:00 PM
Sunday: 9:00 AM - 6:00 PM","2025-08-13T16:00:00Z","18.0","1"
"Coffee Company","4.1","614","coffee_shop","https://maps.google.com/?cid=15471395599617998917&g_mp=Cidnb29nbGUubWFwcy5wbGFjZXMudjEuUGxhY2VzLlNlYXJjaFRleHQQABgEIAA","Ferdinand Bolstraat 38, 1072 LK Amsterdam, Netherlands","52.356311299999994","4.8904122","Monday: 7:30 AM - 6:00 PM
Tuesday: 7:30 AM - 6:00 PM
Wednesday: 7:30 AM - 6:00 PM
Thursday: 7:30 AM - 6:00 PM
Friday: 7:30 AM - 6:00 PM
Saturday: 8:30 AM - 7:00 PM
Sunday: 8:30 AM - 7:00 PM","2025-08-13T16:00:00Z","18.0","1"
"Doppio Espresso Amsterdam Zuidas","4.5","298","coffee_shop","https://maps.google.com/?cid=10398503762603759925&g_mp=Cidnb29nbGUubWFwcy5wbGFjZXMudjEuUGxhY2VzLlNlYXJjaFRleHQQABgEIAA","Gustav Mahlerlaan 16, 1082 LS Amsterdam, Netherlands","52.336807699999994","4.8727225999999995","Monday: 7:45 AM - 6:30 PM
Tuesday: 7:45 AM - 6:30 PM
Wednesday: 7:45 AM - 6:30 PM
Thursday: 7:45 AM - 6:30 PM
Friday: 7:45 AM - 6:30 PM
Saturday: Closed
Sunday: Closed","2025-08-13T16:30:00Z","18.0","1"
"Coffee shop","4.5","31","coffee_shop","https://maps.google.com/?cid=5536902477587549596&g_mp=Cidnb29nbGUubWFwcy5wbGFjZXMudjEuUGxhY2VzLlNlYXJjaFRleHQQABgEIAA","Blues Brothers Coffee Shop, Amstel 54HS, 1017 AB Amsterdam, Netherlands","52.3669351","4.8956979","Monday: 9:30 AM - 5:00 PM
Tuesday: 9:30 AM - 5:00 PM
Wednesday: 9:30 AM - 5:00 PM
Thursday: 9:30 AM - 5:00 PM
Friday: 9:30 AM - 5:00 PM
Saturday: 9:30 AM - 5:00 PM
Sunday: 10:00 AM - 6:00 PM","2025-08-13T15:00:00Z","17.0","1"
"coffeecompany","4.3","394","coffee_shop","https://maps.google.com/?cid=11439044422118910849&g_mp=Cidnb29nbGUubWFwcy5wbGFjZXMudjEuUGxhY2VzLlNlYXJjaFRleHQQABgEIAA","Scheldestraat 37, 1078 GE Amsterdam, Netherlands","52.3465184","4.8912844","Monday: 7:30 AM - 5:30 PM
Tuesday: 7:30 AM - 5:30 PM
Wednesday: 7:30 AM - 5:30 PM
Thursday: 7:30 AM - 5:30 PM
Friday: 7:30 AM - 5:30 PM
Saturday: 8:30 AM - 5:30 PM
Sunday: 8:30 AM - 5:30 PM","2025-08-13T15:30:00Z","17.0","1"
"coffeecompany","4.2","298","coffee_shop","https://maps.google.com/?cid=17411598876437080620&g_mp=Cidnb29nbGUubWFwcy5wbGFjZXMudjEuUGxhY2VzLlNlYXJjaFRleHQQABgEIAA","Beethovenstraat 84, 1077 JN Amsterdam, Netherlands","52.347302","4.8766543","Monday: 7:30 AM - 6:00 PM
Tuesday: 7:30 AM - 6:00 PM
Wednesday: 7:30 AM - 6:00 PM
Thursday: 7:30 AM - 6:00 PM
Friday: 7:30 AM - 6:00 PM
Saturday: 8:30 AM - 6:00 PM
Sunday: 8:30 AM - 6:00 PM","2025-08-13T16:00:00Z","18.0","1"
"Coffee lounge West","4.2","352","coffee_shop","https://maps.google.com/?cid=15148317941318159912&g_mp=Cidnb29nbGUubWFwcy5wbGFjZXMudjEuUGxhY2VzLlNlYXJjaFRleHQQABgEIAA","Eerste Constantijn Huygensstraat 82, 1054 BX Amsterdam, Netherlands","52.3632554","4.8746126","Monday: 7:00 AM - 6:00 PM
Tuesday: 7:00 AM - 6:00 PM
Wednesday: 7:00 AM - 6:00 PM
Thursday: 7:00 AM - 6:00 PM
Friday: 7:00 AM - 6:00 PM
Saturday: 7:00 AM - 6:00 PM
Sunday: 7:00 AM - 6:00 PM","2025-08-13T16:00:00Z","18.0","1"
"MOKAFE","4.9","1032","brunch_restaurant","https://maps.google.com/?cid=10772444699669816637&g_mp=Cidnb29nbGUubWFwcy5wbGFjZXMudjEuUGxhY2VzLlNlYXJjaFRleHQQABgEIAA","Trompenburgstraat 103, 1079 TS Amsterdam, Netherlands","52.344143300000006","4.9085551","Monday: 8:30 AM - 4:00 PM
Tuesday: 8:30 AM - 4:00 PM
Wednesday: 8:30 AM - 4:00 PM
Thursday: 8:30 AM - 4:00 PM
Friday: 8:30 AM - 4:00 PM
Saturday: 8:30 AM - 4:00 PM
Sunday: 8:30 AM - 4:00 PM","2025-08-13T14:00:00Z","16.0","1"
"Coffee Room.","4.3","869","coffee_shop","https://maps.google.com/?cid=11138241219506320027&g_mp=Cidnb29nbGUubWFwcy5wbGFjZXMudjEuUGxhY2VzLlNlYXJjaFRleHQQABgEIAA","Kinkerstraat 110, 1053 EC Amsterdam, Netherlands","52.367047199999995","4.8711193999999995","Monday: 8:00 AM - 7:00 PM
Tuesday: 8:00 AM - 7:00 PM
Wednesday: 8:00 AM - 7:00 PM
Thursday: 8:00 AM - 7:00 PM
Friday: 8:00 AM - 7:00 PM
Saturday: 8:00 AM - 7:00 PM
Sunday: 9:00 AM - 7:00 PM","2025-08-13T17:00:00Z","19.0","1"
"Corner Bakery","4.2","1465","breakfast_restaurant","https://maps.google.com/?cid=8412531620933785472&g_mp=Cidnb29nbGUubWFwcy5wbGFjZXMudjEuUGxhY2VzLlNlYXJjaFRleHQQABgEIAA","Johannes Vermeerstraat 40, 1071 DS Amsterdam, Netherlands","52.3547191","4.8840308","Monday: 9:00 AM - 4:00 PM
Tuesday: 9:00 AM - 4:00 PM
Wednesday: 9:00 AM - 4:00 PM
Thursday: 9:00 AM - 4:00 PM
Friday: 9:00 AM - 4:00 PM
Saturday: 9:00 AM - 5:00 PM
Sunday: 9:00 AM - 5:00 PM","2025-08-13T14:00:00Z","16.0","1"
"Café Berkhout","4.4","842","cafe","https://maps.google.com/?cid=16928165525389498297&g_mp=Cidnb29nbGUubWFwcy5wbGFjZXMudjEuUGxhY2VzLlNlYXJjaFRleHQQABgEIAA","Stadhouderskade 77, 1072 AE Amsterdam, Netherlands","52.357934699999994","4.8906833999999995","Monday: 9:00 AM - 1:00 AM
Tuesday: 9:00 AM - 1:00 AM
Wednesday: 9:00 AM - 1:00 AM
Thursday: 9:00 AM - 1:00 AM
Friday: 9:00 AM - 3:00 AM
Saturday: 9:00 AM - 3:00 AM
Sunday: 9:00 AM - 1:00 AM","2025-08-13T23:00:00Z","1.0","0"
"Cobra Café","3.9","1345","cafe","https://maps.google.com/?cid=10366312426699962692&g_mp=Cidnb29nbGUubWFwcy5wbGFjZXMudjEuUGxhY2VzLlNlYXJjaFRleHQQABgEIAA","Hobbemastraat 18, 1071 ZB Amsterdam, Netherlands","52.358910099999996","4.8843635999999995","Monday: 10:30 AM - 7:00 PM
Tuesday: 10:30 AM - 7:00 PM
Wednesday: 10:30 AM - 7:00 PM
Thursday: 10:30 AM - 7:00 PM
Friday: 10:30 AM - 7:00 PM
Saturday: 11:00 AM - 7:00 PM
Sunday: 11:00 AM - 7:00 PM","2025-08-13T17:00:00Z","19.0","1"
"GoodNews Coffee Ferdinand 51","4.2","79","coffee_shop","https://maps.google.com/?cid=14574743323925433911&g_mp=Cidnb29nbGUubWFwcy5wbGFjZXMudjEuUGxhY2VzLlNlYXJjaFRleHQQABgEIAA","Ferdinand Bolstraat 51, 1072 LB Amsterdam, Netherlands","52.355168600000006","4.890594699999999","Monday: 7:30 AM - 7:30 PM
Tuesday: 7:30 AM - 7:30 PM
Wednesday: 7:30 AM - 7:30 PM
Thursday: 7:30 AM - 7:30 PM
Friday: 7:30 AM - 7:30 PM
Saturday: 9:00 AM - 7:30 PM
Sunday: 9:00 AM - 7:30 PM","2025-08-13T17:30:00Z","19.0","1"
"SHOT Lifestyle & Coffee","4.4","62","coffee_shop","https://maps.google.com/?cid=17862109917401648726&g_mp=Cidnb29nbGUubWFwcy5wbGFjZXMudjEuUGxhY2VzLlNlYXJjaFRleHQQABgEIAA","Marathonweg 15H, 1076 SX Amsterdam, Netherlands","52.348410400000006","4.8614565","Monday: 8:00 AM - 6:00 PM
Tuesday: 8:00 AM - 6:00 PM
Wednesday: 8:00 AM - 6:00 PM
Thursday: 8:00 AM - 6:00 PM
Friday: 8:00 AM - 6:00 PM
Saturday: 8:30 AM - 6:00 PM
Sunday: 8:30 AM - 6:00 PM","2025-08-13T16:00:00Z","18.0","1"
"Scandinavian Embassy.","4.4","1695","cafe","https://maps.google.com/?cid=8489887193750794617&g_mp=Cidnb29nbGUubWFwcy5wbGFjZXMudjEuUGxhY2VzLlNlYXJjaFRleHQQABgEIAA","Sarphatipark 34, 1072 PB Amsterdam, Netherlands","52.353456099999995","4.8942191","Monday: 8:00 AM - 5:00 PM
Tuesday: 8:00 AM - 5:00 PM
Wednesday: 8:00 AM - 5:00 PM
Thursday: 8:00 AM - 5:00 PM
Friday: 8:00 AM - 5:00 PM
Saturday: 9:00 AM - 5:00 PM
Sunday: 9:00 AM - 5:00 PM","2025-08-13T15:00:00Z","17.0","1"
"Coffeeshop IBIZA","4.3","2426","store","https://maps.google.com/?cid=325745987530761291&g_mp=Cidnb29nbGUubWFwcy5wbGFjZXMudjEuUGxhY2VzLlNlYXJjaFRleHQQABgEIAA","Hemonystraat 16, 1074 BP Amsterdam, Netherlands","52.357444799999996","4.9020715","Monday: 10:00 AM - 1:00 AM
Tuesday: 10:00 AM - 1:00 AM
Wednesday: 10:00 AM - 1:00 AM
Thursday: 10:00 AM - 1:00 AM
Friday: 10:00 AM - 1:00 AM
Saturday: 10:00 AM - 1:00 AM
Sunday: 10:00 AM - 1:00 AM","2025-08-13T23:00:00Z","1.0","0"
"Nana coffee house","4.8","356","restaurant","https://maps.google.com/?cid=14280312794242813171&g_mp=Cidnb29nbGUubWFwcy5wbGFjZXMudjEuUGxhY2VzLlNlYXJjaFRleHQQABgEIAA","Hoofddorpplein 29 h, 1059 CW Amsterdam, Netherlands","52.3511034","4.8492497000000006","Monday: 8:00 AM - 4:00 PM
Tuesday: Closed
Wednesday: 8:00 AM - 4:00 PM
Thursday: 8:00 AM - 4:00 PM
Friday: 8:00 AM - 4:00 PM
Saturday: 9:00 AM - 4:00 PM
Sunday: 9:00 AM - 4:00 PM","2025-08-13T14:00:00Z","16.0","1"
"Anne&Max Amsterdam Zuid","4.3","804","coffee_shop","https://maps.google.com/?cid=5239846210192179339&g_mp=Cidnb29nbGUubWFwcy5wbGFjZXMudjEuUGxhY2VzLlNlYXJjaFRleHQQABgEIAA","Amstelveenseweg 196, 1075 XS Amsterdam, Netherlands","52.3518944","4.8561119999999995","Monday: 8:00 AM - 5:00 PM
Tuesday: 8:00 AM - 5:00 PM
Wednesday: 8:00 AM - 5:00 PM
Thursday: 8:00 AM - 5:00 PM
Friday: 8:00 AM - 5:00 PM
Saturday: 8:00 AM - 5:00 PM
Sunday: 8:00 AM - 5:00 PM","2025-08-13T15:00:00Z","17.0","1"
"LOCALS ALL DAY BRUNCH DS","4.6","754","restaurant","https://maps.google.com/?cid=13162095595109785836&g_mp=Cidnb29nbGUubWFwcy5wbGFjZXMudjEuUGxhY2VzLlNlYXJjaFRleHQQABgEIAA","Daniël Stalpertstraat 61 H, 1072 XB Amsterdam, Netherlands","52.3563191","4.8898936","Monday: 9:00 AM - 3:00 PM
Tuesday: 9:00 AM - 3:00 PM
Wednesday: 9:00 AM - 3:00 PM
Thursday: 9:00 AM - 3:00 PM
Friday: 9:00 AM - 3:00 PM
Saturday: 9:00 AM - 4:00 PM
Sunday: 9:00 AM - 4:00 PM","2025-08-13T13:00:00Z","15.0","1"
"Coffee Tales","4.6","556","coffee_shop","https://maps.google.com/?cid=659651857663064760&g_mp=Cidnb29nbGUubWFwcy5wbGFjZXMudjEuUGxhY2VzLlNlYXJjaFRleHQQABgEIAA","Reguliersdwarsstraat 121, 1017 BL Amsterdam, Netherlands","52.365950299999994","4.8949524","Monday: 8:00 AM - 5:00 PM
Tuesday: 8:00 AM - 5:00 PM
Wednesday: 8:00 AM - 5:00 PM
Thursday: 8:00 AM - 5:00 PM
Friday: 8:00 AM - 5:00 PM
Saturday: 8:00 AM - 5:00 PM
Sunday: 8:00 AM - 5:00 PM","2025-08-13T15:00:00Z","17.0","1"
"Rijksmuseum Café","3.7","946","cafe","https://maps.google.com/?cid=17901089435471284359&g_mp=Cidnb29nbGUubWFwcy5wbGFjZXMudjEuUGxhY2VzLlNlYXJjaFRleHQQABgEIAA","Museumstraat 1, 1071 XX Amsterdam, Netherlands","52.35999950000001","4.8852307","Monday: 9:00 AM - 6:00 PM
Tuesday: 9:00 AM - 6:00 PM
Wednesday: 9:00 AM - 6:00 PM
Thursday: 9:00 AM - 6:00 PM
Friday: 9:00 AM - 6:00 PM
Saturday: 9:00 AM - 6:00 PM
Sunday: 9:00 AM - 6:00 PM","2025-08-13T16:00:00Z","18.0","1"
"Coffee Company","4.1","614","coffee_shop","https://maps.google.com/?cid=15471395599617998917&g_mp=Cidnb29nbGUubWFwcy5wbGFjZXMudjEuUGxhY2VzLlNlYXJjaFRleHQQABgEIAA","Ferdinand Bolstraat 38, 1072 LK Amsterdam, Netherlands","52.356311299999994","4.8904122","Monday: 7:30 AM - 6:00 PM
Tuesday: 7:30 AM - 6:00 PM
Wednesday: 7:30 AM - 6:00 PM
Thursday: 7:30 AM - 6:00 PM
Friday: 7:30 AM - 6:00 PM
Saturday: 8:30 AM - 7:00 PM
Sunday: 8:30 AM - 7:00 PM","2025-08-13T16:00:00Z","18.0","1"
"Doppio Espresso Amsterdam Zuidas","4.5","298","coffee_shop","https://maps.google.com/?cid=10398503762603759925&g_mp=Cidnb29nbGUubWFwcy5wbGFjZXMudjEuUGxhY2VzLlNlYXJjaFRleHQQABgEIAA","Gustav Mahlerlaan 16, 1082 LS Amsterdam, Netherlands","52.336807699999994","4.8727225999999995","Monday: 7:45 AM - 6:30 PM
Tuesday: 7:45 AM - 6:30 PM
Wednesday: 7:45 AM - 6:30 PM
Thursday: 7:45 AM - 6:30 PM
Friday: 7:45 AM - 6:30 PM
Saturday: Closed
Sunday: Closed","2025-08-13T16:30:00Z","18.0","1"
"Coffee shop","4.5","31","coffee_shop","https://maps.google.com/?cid=5536902477587549596&g_mp=Cidnb29nbGUubWFwcy5wbGFjZXMudjEuUGxhY2VzLlNlYXJjaFRleHQQABgEIAA","Blues Brothers Coffee Shop, Amstel 54HS, 1017 AB Amsterdam, Netherlands","52.3669351","4.8956979","Monday: 9:30 AM - 5:00 PM
Tuesday: 9:30 AM - 5:00 PM
Wednesday: 9:30 AM - 5:00 PM
Thursday: 9:30 AM - 5:00 PM
Friday: 9:30 AM - 5:00 PM
Saturday: 9:30 AM - 5:00 PM
Sunday: 10:00 AM - 6:00 PM","2025-08-13T15:00:00Z","17.0","1"
"coffeecompany","4.3","394","coffee_shop","https://maps.google.com/?cid=11439044422118910849&g_mp=Cidnb29nbGUubWFwcy5wbGFjZXMudjEuUGxhY2VzLlNlYXJjaFRleHQQABgEIAA","Scheldestraat 37, 1078 GE Amsterdam, Netherlands","52.3465184","4.8912844","Monday: 7:30 AM - 5:30 PM
Tuesday: 7:30 AM - 5:30 PM
Wednesday: 7:30 AM - 5:30 PM
Thursday: 7:30 AM - 5:30 PM
Friday: 7:30 AM - 5:30 PM
Saturday: 8:30 AM - 5:30 PM
Sunday: 8:30 AM - 5:30 PM","2025-08-13T15:30:00Z","17.0","1"
"coffeecompany","4.2","298","coffee_shop","https://maps.google.com/?cid=17411598876437080620&g_mp=Cidnb29nbGUubWFwcy5wbGFjZXMudjEuUGxhY2VzLlNlYXJjaFRleHQQABgEIAA","Beethovenstraat 84, 1077 JN Amsterdam, Netherlands","52.347302","4.8766543","Monday: 7:30 AM - 6:00 PM
Tuesday: 7:30 AM - 6:00 PM
Wednesday: 7:30 AM - 6:00 PM
Thursday: 7:30 AM - 6:00 PM
Friday: 7:30 AM - 6:00 PM
Saturday: 8:30 AM - 6:00 PM
Sunday: 8:30 AM - 6:00 PM","2025-08-13T16:00:00Z","18.0","1"
"Coffee lounge West","4.2","352","coffee_shop","https://maps.google.com/?cid=15148317941318159912&g_mp=Cidnb29nbGUubWFwcy5wbGFjZXMudjEuUGxhY2VzLlNlYXJjaFRleHQQABgEIAA","Eerste Constantijn Huygensstraat 82, 1054 BX Amsterdam, Netherlands","52.3632554","4.8746126","Monday: 7:00 AM - 6:00 PM
Tuesday: 7:00 AM - 6:00 PM
Wednesday: 7:00 AM - 6:00 PM
Thursday: 7:00 AM - 6:00 PM
Friday: 7:00 AM - 6:00 PM
Saturday: 7:00 AM - 6:00 PM
Sunday: 7:00 AM - 6:00 PM","2025-08-13T16:00:00Z","18.0","1"
"The Coffee Virus","4.7","140","coffee_shop","https://maps.google.com/?cid=1087580928395938188&g_mp=Cidnb29nbGUubWFwcy5wbGFjZXMudjEuUGxhY2VzLlNlYXJjaFRleHQQABgEIAA","Overhoeksplein 2, 1031 KS Amsterdam, Netherlands","52.384204999999994","4.902947999999999","Monday: 8:45 AM - 4:00 PM
Tuesday: 8:45 AM - 4:00 PM
Wednesday: 8:45 AM - 4:00 PM
Thursday: 8:45 AM - 4:00 PM
Friday: 8:45 AM - 4:00 PM
Saturday: Closed
Sunday: Closed","2025-08-13T14:00:00Z","16.0","1"
"Boka's","4.8","588","coffee_shop","https://maps.google.com/?cid=17928567888473818340&g_mp=Cidnb29nbGUubWFwcy5wbGFjZXMudjEuUGxhY2VzLlNlYXJjaFRleHQQABgEIAA","Van der Pekstraat 40HS, 1031 EB Amsterdam, Netherlands","52.38809380000001","4.9094264999999995","Monday: Closed
Tuesday: 9:00 AM - 5:00 PM
Wednesday: 9:00 AM - 5:00 PM
Thursday: 9:00 AM - 5:00 PM
Friday: 9:00 AM - 5:00 PM
Saturday: 9:00 AM - 5:00 PM
Sunday: 10:00 AM - 5:00 PM","2025-08-13T15:00:00Z","17.0","1"
"Dolce Alchemia Coffee Roasters","4.9","33","food_store","https://maps.google.com/?cid=7438083735159912339&g_mp=Cidnb29nbGUubWFwcy5wbGFjZXMudjEuUGxhY2VzLlNlYXJjaFRleHQQABgEIAA","Zamenhofstraat 106c, 1022 AG Amsterdam, Netherlands","52.386549099999996","4.9316206","Monday: 8:00 - 11:00 AM
Tuesday: 8:00 AM - 2:00 PM, 4:00 - 6:00 PM
Wednesday: 8:00 AM - 2:00 PM, 4:00 - 6:00 PM
Thursday: 8:00 AM - 2:00 PM, 4:00 - 6:00 PM
Friday: 8:00 AM - 2:00 PM, 4:00 - 6:00 PM
Saturday: 8:00 AM - 2:00 PM
Sunday: Closed","2025-08-13T12:00:00Z","14.0","1"
"Coffeeshop Noord","4.7","281","store","https://maps.google.com/?cid=386226260986720522&g_mp=Cidnb29nbGUubWFwcy5wbGFjZXMudjEuUGxhY2VzLlNlYXJjaFRleHQQABgEIAA","Ooievaarsweg 10, 1021 GZ Amsterdam, Netherlands","52.383599399999994","4.912528099999999","Monday: 7:00 AM - 12:45 AM
Tuesday: 7:00 AM - 12:45 AM
Wednesday: 7:00 AM - 12:45 AM
Thursday: 7:00 AM - 12:45 AM
Friday: 7:00 AM - 12:45 AM
Saturday: 7:00 AM - 12:45 AM
Sunday: 7:00 AM - 12:45 AM","2025-08-13T22:45:00Z","0.0","0"
"NO-YUSU","4.7","87","coffee_shop","https://maps.google.com/?cid=2252032628030543760&g_mp=Cidnb29nbGUubWFwcy5wbGFjZXMudjEuUGxhY2VzLlNlYXJjaFRleHQQABgEIAA","Gedempt Hamerkanaal 83, 1083KP Amsterdam, Netherlands","52.383912699999996","4.921771199999999","Monday: 8:00 AM - 5:00 PM
Tuesday: 8:00 AM - 5:00 PM
Wednesday: 8:00 AM - 5:00 PM
Thursday: 8:00 AM - 5:00 PM
Friday: 8:00 AM - 5:00 PM
Saturday: 9:00 AM - 5:00 PM
Sunday: 9:00 AM - 5:00 PM","2025-08-13T15:00:00Z","17.0","1"
"Gentle Place Coffee","4.9","299","cafe","https://maps.google.com/?cid=11778196099392215283&g_mp=Cidnb29nbGUubWFwcy5wbGFjZXMudjEuUGxhY2VzLlNlYXJjaFRleHQQABgEIAA","Distelweg 409, 1031 HK Amsterdam, Netherlands","52.394723000000006","4.8998311","Monday: 8:00 AM - 4:30 PM
Tuesday: 8:00 AM - 4:30 PM
Wednesday: 8:00 AM - 4:30 PM
Thursday: 8:00 AM - 4:30 PM
Friday: 8:00 AM - 4:30 PM
Saturday: 9:00 AM - 5:00 PM
Sunday: 9:00 AM - 5:00 PM","2025-08-13T14:30:00Z","16.0","1"
"Sam's koffie - Noord","4.8","96","coffee_shop","https://maps.google.com/?cid=2552471327206908720&g_mp=Cidnb29nbGUubWFwcy5wbGFjZXMudjEuUGxhY2VzLlNlYXJjaFRleHQQABgEIAA","Meeuwenlaan 126B, 1021 JN Amsterdam, Netherlands","52.386696799999996","4.9236732","Monday: 8:00 AM - 4:00 PM
Tuesday: 8:00 AM - 4:00 PM
Wednesday: 8:00 AM - 4:00 PM
Thursday: 8:00 AM - 4:00 PM
Friday: 8:00 AM - 4:00 PM
Saturday: 9:00 AM - 4:00 PM
Sunday: 9:00 AM - 4:00 PM","2025-08-13T14:00:00Z","16.0","1"
"Café Keppler","4.5","631","cafe","https://maps.google.com/?cid=13106864552809994275&g_mp=Cidnb29nbGUubWFwcy5wbGFjZXMudjEuUGxhY2VzLlNlYXJjaFRleHQQABgEIAA","Van der Pekstraat 1, 1031 CN Amsterdam, Netherlands","52.386958899999996","4.9080783","Monday: Closed
Tuesday: 8:30 AM - 4:00 PM
Wednesday: 8:30 AM - 11:00 PM
Thursday: 8:30 AM - 11:00 PM
Friday: 8:30 AM - 12:00 AM
Saturday: 9:00 AM - 12:00 AM
Sunday: 9:00 AM - 6:00 PM","2025-08-13T21:00:00Z","23.0","0"
"Nous - Coffee Store Docklandsweg","4.9","72","coffee_shop","https://maps.google.com/?cid=13670828269606880312&g_mp=Cidnb29nbGUubWFwcy5wbGFjZXMudjEuUGxhY2VzLlNlYXJjaFRleHQQABgEIAA","Docklandsweg 29, 1031 KN Amsterdam, Netherlands","52.388137799999996","4.9049721","Monday: 8:00 AM - 4:00 PM
Tuesday: 8:00 AM - 4:00 PM
Wednesday: 8:00 AM - 4:00 PM
Thursday: 8:00 AM - 4:00 PM
Friday: 8:00 AM - 4:00 PM
Saturday: 8:30 AM - 5:00 PM
Sunday: 9:00 AM - 5:00 PM","2025-08-13T14:00:00Z","16.0","1"
"Cups & Chapters Cafe","5.0","60","cafe","https://maps.google.com/?cid=17226111482110334065&g_mp=Cidnb29nbGUubWFwcy5wbGFjZXMudjEuUGxhY2VzLlNlYXJjaFRleHQQABgEIAA","Meeuwenlaan 145b, 1021 JA Amsterdam, Netherlands","52.3848407","4.9169338","Monday: 8:00 AM - 3:00 PM
Tuesday: Closed
Wednesday: 8:00 AM - 6:00 PM
Thursday: 8:00 AM - 6:00 PM
Friday: 8:00 AM - 6:00 PM
Saturday: 9:00 AM - 8:00 PM
Sunday: 9:00 AM - 5:00 PM","2025-08-13T16:00:00Z","18.0","1"
"Velvet Square Café","4.8","63","brunch_restaurant","https://maps.google.com/?cid=10616553833016810317&g_mp=Cidnb29nbGUubWFwcy5wbGFjZXMudjEuUGxhY2VzLlNlYXJjaFRleHQQABgEIAA","Asterweg 15K, 1031 HL Amsterdam, Netherlands","52.3893997","4.9036069","Monday: 8:00 AM - 5:00 PM
Tuesday: 8:00 AM - 5:00 PM
Wednesday: 8:00 AM - 5:00 PM
Thursday: 8:00 AM - 6:00 PM
Friday: 8:00 AM - 5:00 PM
Saturday: Closed
Sunday: Closed","2025-08-13T15:00:00Z","17.0","1"
"SUBCULT","5.0","114","cafe","https://maps.google.com/?cid=9577572624550529966&g_mp=Cidnb29nbGUubWFwcy5wbGFjZXMudjEuUGxhY2VzLlNlYXJjaFRleHQQABgEIAA","Spreeuwenpark 13A, 1021 GS Amsterdam, Netherlands","52.3841124","4.9132058999999995","Monday: Closed
Tuesday: Closed
Wednesday: 10:00 AM - 7:00 PM
Thursday: 10:00 AM - 10:00 PM
Friday: 10:00 AM - 10:00 PM
Saturday: 10:00 AM - 10:00 PM
Sunday: 10:00 AM - 7:00 PM","2025-08-13T17:00:00Z","19.0","1"
"white label coffee zon","4.5","210","coffee_shop","https://maps.google.com/?cid=9614239977971594864&g_mp=Cidnb29nbGUubWFwcy5wbGFjZXMudjEuUGxhY2VzLlNlYXJjaFRleHQQABgEIAA","Zonneplein 4, 1033 EK Amsterdam, Netherlands","52.412772","4.8907644999999995","Monday: 8:00 AM - 5:00 PM
Tuesday: 8:00 AM - 5:00 PM
Wednesday: 8:00 AM - 5:00 PM
Thursday: 8:00 AM - 5:00 PM
Friday: 8:00 AM - 5:00 PM
Saturday: 9:00 AM - 5:00 PM
Sunday: 9:00 AM - 5:00 PM","2025-08-13T15:00:00Z","17.0","1"
"Luuk's Coffee Noordermarkt","4.8","882","coffee_shop","https://maps.google.com/?cid=11045848961108365584&g_mp=Cidnb29nbGUubWFwcy5wbGFjZXMudjEuUGxhY2VzLlNlYXJjaFRleHQQABgEIAA","Westerstraat 3, 1015 LT Amsterdam, Netherlands","52.378763899999996","4.8862575","Monday: 7:30 AM - 4:30 PM
Tuesday: 7:30 AM - 4:30 PM
Wednesday: 7:30 AM - 4:30 PM
Thursday: 7:30 AM - 4:30 PM
Friday: 7:30 AM - 4:30 PM
Saturday: 8:00 AM - 5:00 PM
Sunday: 9:00 AM - 5:00 PM","2025-08-13T14:30:00Z","16.0","1"
"Cafe Pek","4.9","128","sandwich_shop","https://maps.google.com/?cid=5954190042526114113&g_mp=Cidnb29nbGUubWFwcy5wbGFjZXMudjEuUGxhY2VzLlNlYXJjaFRleHQQABgEIAA","Van der Pekplein 3A, 1031 GZ Amsterdam, Netherlands","52.3870228","4.9078270999999996","Monday: 9:00 AM - 4:00 PM
Tuesday: 9:00 AM - 4:00 PM
Wednesday: 9:00 AM - 4:00 PM
Thursday: 9:00 AM - 4:00 PM
Friday: 9:00 AM - 4:00 PM
Saturday: 9:00 AM - 5:00 PM
Sunday: 9:00 AM - 5:00 PM","2025-08-13T14:00:00Z","16.0","1"
"Funny People Coffeeshop","4.6","510","store","https://maps.google.com/?cid=15837159550369462992&g_mp=Cidnb29nbGUubWFwcy5wbGFjZXMudjEuUGxhY2VzLlNlYXJjaFRleHQQABgEIAA","Tt. Vasumweg 4, 1033 SC Amsterdam, Netherlands","52.4019603","4.8984318","Monday: 10:00 AM - 10:00 PM
Tuesday: 10:00 AM - 10:00 PM
Wednesday: 10:00 AM - 10:00 PM
Thursday: 10:00 AM - 10:00 PM
Friday: 10:00 AM - 10:00 PM
Saturday: 10:00 AM - 10:00 PM
Sunday: 10:00 AM - 10:00 PM","2025-08-13T20:00:00Z","22.0","1"
"Al Ponte - Caffe' Italiano","4.4","150","coffee_shop","https://maps.google.com/?cid=10927813122451701409&g_mp=Cidnb29nbGUubWFwcy5wbGFjZXMudjEuUGxhY2VzLlNlYXJjaFRleHQQABgEIAA","Pontplein 1, 1021 HH Amsterdam, Netherlands","52.38189920000001","4.908176999999999","Monday: 8:30 AM - 6:30 PM
Tuesday: 8:30 AM - 6:30 PM
Wednesday: 8:30 AM - 6:30 PM
Thursday: 8:30 AM - 6:30 PM
Friday: 8:30 AM - 6:30 PM
Saturday: 8:30 AM - 6:30 PM
Sunday: 8:30 AM - 6:30 PM","2025-08-13T16:30:00Z","18.0","1"
"Papillon Bakery-Café & Restaurant","4.8","98","restaurant","https://maps.google.com/?cid=16939357684489621917&g_mp=Cidnb29nbGUubWFwcy5wbGFjZXMudjEuUGxhY2VzLlNlYXJjaFRleHQQABgEIAA","Papaverweg 38, 1032 KJ Amsterdam, Netherlands","52.3965617","4.9068432","Monday: 8:00 AM - 4:00 PM
Tuesday: 8:00 AM - 4:00 PM
Wednesday: 8:00 AM - 12:00 AM
Thursday: 8:00 AM - 12:00 AM
Friday: 8:00 AM - 12:00 AM
Saturday: 8:00 AM - 12:00 AM
Sunday: 8:00 AM - 5:00 PM","2025-08-13T22:00:00Z","0.0","0"
"Noorderlicht Café","4.3","3560","restaurant","https://maps.google.com/?cid=9972980547005166147&g_mp=Cidnb29nbGUubWFwcy5wbGFjZXMudjEuUGxhY2VzLlNlYXJjaFRleHQQABgEIAA","NDSM-Plein 102, 1033 WB Amsterdam, Netherlands","52.399572","4.896833","Monday: 10:00 AM - 12:00 AM
Tuesday: 10:00 AM - 12:00 AM
Wednesday: 10:00 AM - 12:00 AM
Thursday: 10:00 AM - 12:00 AM
Friday: 10:00 AM - 12:00 AM
Saturday: 10:00 AM - 12:00 AM
Sunday: 10:00 AM - 12:00 AM","2025-08-13T22:00:00Z","0.0","0"
"Haku Specialty Coffee","4.8","329","food_store","https://maps.google.com/?cid=6154733505273622538&g_mp=Cidnb29nbGUubWFwcy5wbGFjZXMudjEuUGxhY2VzLlNlYXJjaFRleHQQABgEIAA","Rozengracht 69, 1016 LT Amsterdam, Netherlands","52.373287999999995","4.880800499999999","Monday: 8:00 AM - 5:00 PM
Tuesday: 8:00 AM - 5:00 PM
Wednesday: 8:00 AM - 5:00 PM
Thursday: 8:00 AM - 5:00 PM
Friday: 8:00 AM - 5:00 PM
Saturday: 9:00 AM - 6:00 PM
Sunday: 9:00 AM - 6:00 PM","2025-08-13T15:00:00Z","17.0","1"
"Atlas Café Coffeeshop","4.2","308","store","https://maps.google.com/?cid=659740237250562099&g_mp=Cidnb29nbGUubWFwcy5wbGFjZXMudjEuUGxhY2VzLlNlYXJjaFRleHQQABgEIAA","Buikslotermeerplein 389, 1025 XE Amsterdam, Netherlands","52.398114","4.9414454","Monday: 7:00 AM - 12:00 AM
Tuesday: 7:00 AM - 12:00 AM
Wednesday: 7:00 AM - 12:00 AM
Thursday: 7:00 AM - 12:00 AM
Friday: 7:00 AM - 12:00 AM
Saturday: 7:00 AM - 12:00 AM
Sunday: 7:00 AM - 12:00 AM","2025-08-13T22:00:00Z","0.0","0"
"Café ONS","4.6","1200","restaurant","https://maps.google.com/?cid=5161465139786604704&g_mp=Cidnb29nbGUubWFwcy5wbGFjZXMudjEuUGxhY2VzLlNlYXJjaFRleHQQABgEIAA","Buiksloterweg 27, 1031 CD Amsterdam, Netherlands","52.3847222","4.9066667","Monday: Closed
Tuesday: 12:00 - 11:00 PM
Wednesday: 12:00 - 11:00 PM
Thursday: 12:00 - 11:00 PM
Friday: 12:00 PM - 12:00 AM
Saturday: 12:00 PM - 12:00 AM
Sunday: 12:00 - 11:00 PM","","","1"
"coffeecompany (North Station)","4.3","146","coffee_shop","https://maps.google.com/?cid=17385946117112343238&g_mp=Cidnb29nbGUubWFwcy5wbGFjZXMudjEuUGxhY2VzLlNlYXJjaFRleHQQABgEIAA","Termini 173, 1025 XM Amsterdam, Netherlands","52.401548700000006","4.9331027","Monday: 7:30 AM - 6:00 PM
Tuesday: 7:30 AM - 6:00 PM
Wednesday: 7:30 AM - 6:00 PM
Thursday: 7:30 AM - 6:00 PM
Friday: 7:30 AM - 6:00 PM
Saturday: 8:30 AM - 6:00 PM
Sunday: 8:30 AM - 6:00 PM","2025-08-13T16:00:00Z","18.0","1"
"Café de Ceuvel","4.5","2272","restaurant","https://maps.google.com/?cid=1335740391026703832&g_mp=Cidnb29nbGUubWFwcy5wbGFjZXMudjEuUGxhY2VzLlNlYXJjaFRleHQQABgEIAA","Korte Papaverweg 4, 1032 KB Amsterdam, Netherlands","52.3933105","4.9106865","Monday: Closed
Tuesday: 12:00 - 11:00 PM
Wednesday: 12:00 - 11:00 PM
Thursday: 12:00 PM - 12:00 AM
Friday: 12:00 PM - 1:00 AM
Saturday: 12:00 PM - 1:00 AM
Sunday: 12:00 - 11:00 PM","","","1"
"Kafenion Amsterdam","4.9","3042","cafe","https://maps.google.com/?cid=13799867098777125081&g_mp=Cidnb29nbGUubWFwcy5wbGFjZXMudjEuUGxhY2VzLlNlYXJjaFRleHQQABgEIAA","Bloemgracht 49, 1016 KD Amsterdam, Netherlands","52.374677","4.8813721999999995","Monday: 8:00 AM - 7:00 PM
Tuesday: 8:00 AM - 7:00 PM
Wednesday: 8:00 AM - 7:00 PM
Thursday: 8:00 AM - 7:00 PM
Friday: 8:00 AM - 7:00 PM
Saturday: 9:00 AM - 7:30 PM
Sunday: 9:00 AM - 7:30 PM","2025-08-13T17:00:00Z","19.0","1"
"Crew de la Crema","5.0","39","coffee_shop","https://maps.google.com/?cid=12922703470864027299&g_mp=Cidnb29nbGUubWFwcy5wbGFjZXMudjEuUGxhY2VzLlNlYXJjaFRleHQQABgEIAA","Tt. Vasumweg 31, 1033 SB Amsterdam, Netherlands","52.403582099999994","4.8943300999999995","Monday: Closed
Tuesday: Closed
Wednesday: Closed
Thursday: Closed
Friday: 9:00 AM - 4:00 PM
Saturday: 9:00 AM - 4:00 PM
Sunday: 9:00 AM - 4:00 PM","","","1"
"TULA cantina - café & cocktail bar","4.8","55","cafe","https://maps.google.com/?cid=7949497138778326290&g_mp=Cidnb29nbGUubWFwcy5wbGFjZXMudjEuUGxhY2VzLlNlYXJjaFRleHQQABgEIAA","Schaafstraat 4b, 1021 KE Amsterdam, Netherlands","52.385013099999995","4.9250646","Monday: Closed
Tuesday: Closed
Wednesday: 9:00 AM - 4:00 PM
Thursday: 9:00 AM - 1:00 AM
Friday: 9:00 AM - 2:00 AM
Saturday: 9:00 AM - 2:00 AM
Sunday: 10:00 AM - 5:00 PM","2025-08-13T14:00:00Z","16.0","1"
"Hunters Coffeeshop / Branch","4.1","397","store","https://maps.google.com/?cid=13399946870572141870&g_mp=Cidnb29nbGUubWFwcy5wbGFjZXMudjEuUGxhY2VzLlNlYXJjaFRleHQQABgEIAA","Papaverweg 2, 1032 KH Amsterdam, Netherlands","52.3937387","4.9128864","Monday: 7:00 AM - 1:00 AM
Tuesday: 7:00 AM - 1:00 AM
Wednesday: 7:00 AM - 1:00 AM
Thursday: 7:00 AM - 1:00 AM
Friday: 7:00 AM - 1:00 AM
Saturday: 7:00 AM - 1:00 AM
Sunday: 7:00 AM - 1:00 AM","2025-08-13T23:00:00Z","1.0","0"
"Liever Hier","4.9","206","bakery","https://maps.google.com/?cid=9581303777641906474&g_mp=Cidnb29nbGUubWFwcy5wbGFjZXMudjEuUGxhY2VzLlNlYXJjaFRleHQQABgEIAA","Nieuwendammerdijk 413, 1023 BL Amsterdam, Netherlands","52.3896087","4.9438707","Monday: Closed
Tuesday: Closed
Wednesday: Closed
Thursday: Closed
Friday: 10:00 AM - 4:00 PM
Saturday: 10:00 AM - 4:00 PM
Sunday: 10:00 AM - 4:00 PM","","","1"
"Five Ways Coffee Roasters","4.6","310","cafe","https://maps.google.com/?cid=6515543384646289734&g_mp=Cidnb29nbGUubWFwcy5wbGFjZXMudjEuUGxhY2VzLlNlYXJjaFRleHQQABgEIAA","Kinkerstraat 186, 1053 CG Amsterdam, Netherlands","52.366029499999996","4.8673108","Monday: 7:30 AM - 4:30 PM
Tuesday: 7:30 AM - 4:30 PM
Wednesday: 7:30 AM - 4:30 PM
Thursday: 7:30 AM - 4:30 PM
Friday: 7:30 AM - 4:30 PM
Saturday: 8:30 AM - 5:30 PM
Sunday: 8:30 AM - 5:30 PM","2025-08-13T14:30:00Z","16.0","1"
"STRAAT cafe","4.8","12","coffee_shop","https://maps.google.com/?cid=9275546769575519437&g_mp=Cidnb29nbGUubWFwcy5wbGFjZXMudjEuUGxhY2VzLlNlYXJjaFRleHQQABgEIAA","T.T. Neveritaweg 5, 1033 WC Amsterdam, Netherlands","52.401843199999995","4.894199599999999","Monday: 12:00 - 5:00 PM
Tuesday: 10:00 AM - 5:00 PM
Wednesday: 10:00 AM - 5:00 PM
Thursday: 10:00 AM - 5:00 PM
Friday: 10:00 AM - 5:00 PM
Saturday: 10:00 AM - 5:00 PM
Sunday: 10:00 AM - 5:00 PM","2025-08-13T15:00:00Z","17.0","1"
"Barney's Coffeeshop Amsterdam THC Cannabis Dispensary","4.6","4783","store","https://maps.google.com/?cid=16644677838783126486&g_mp=Cidnb29nbGUubWFwcy5wbGFjZXMudjEuUGxhY2VzLlNlYXJjaFRleHQQABgEIAA","Haarlemmerstraat 102, 1013 EW Amsterdam, Netherlands","52.3806892","4.8908553","Monday: 9:00 AM - 1:00 AM
Tuesday: 9:00 AM - 1:00 AM
Wednesday: 9:00 AM - 1:00 AM
Thursday: 9:00 AM - 1:00 AM
Friday: 9:00 AM - 1:00 AM
Saturday: 9:00 AM - 1:00 AM
Sunday: 9:00 AM - 1:00 AM","2025-08-13T23:00:00Z","1.0","0"
"white label coffee","4.5","660","coffee_shop","https://maps.google.com/?cid=12347546851632540050&g_mp=Cidnb29nbGUubWFwcy5wbGFjZXMudjEuUGxhY2VzLlNlYXJjaFRleHQQABgEIAA","Jan Evertsenstraat 136, 1056 EK Amsterdam, Netherlands","52.370430999999996","4.851578","Monday: 7:30 AM - 5:30 PM
Tuesday: 7:30 AM - 5:30 PM
Wednesday: 7:30 AM - 5:30 PM
Thursday: 7:30 AM - 5:30 PM
Friday: 7:30 AM - 5:30 PM
Saturday: 8:00 AM - 5:30 PM
Sunday: 8:00 AM - 5:30 PM","2025-08-13T15:30:00Z","17.0","1"
"Poppies. Café","4.5","55","cafe","https://maps.google.com/?cid=2717525997167445656&g_mp=Cidnb29nbGUubWFwcy5wbGFjZXMudjEuUGxhY2VzLlNlYXJjaFRleHQQABgEIAA","Papaverweg 18, 1032 KJ Amsterdam, Netherlands","52.3948878","4.910983","Monday: 8:00 AM - 10:00 PM
Tuesday: 8:00 AM - 10:00 PM
Wednesday: 8:00 AM - 10:00 PM
Thursday: 8:00 AM - 10:00 PM
Friday: 8:00 AM - 10:00 PM
Saturday: 8:00 AM - 10:00 PM
Sunday: 8:00 AM - 10:00 PM","2025-08-13T20:00:00Z","22.0","1"
"Wakuli specialty coffee bar","4.5","131","cafe","https://maps.google.com/?cid=17241469667769863488&g_mp=Cidnb29nbGUubWFwcy5wbGFjZXMudjEuUGxhY2VzLlNlYXJjaFRleHQQABgEIAA","Haarlemmerplein 43, 1013 HR Amsterdam, Netherlands","52.384686599999995","4.8824398","Monday: 7:00 AM - 6:00 PM
Tuesday: 7:00 AM - 6:00 PM
Wednesday: 7:00 AM - 6:00 PM
Thursday: 7:00 AM - 6:00 PM
Friday: 7:00 AM - 6:00 PM
Saturday: 8:00 AM - 6:00 PM
Sunday: 8:00 AM - 6:00 PM","2025-08-13T16:00:00Z","18.0","1"
"Hummingbird Coffee Amsterdam","4.6","852","coffee_shop","https://maps.google.com/?cid=16912688596054977832&g_mp=Cidnb29nbGUubWFwcy5wbGFjZXMudjEuUGxhY2VzLlNlYXJjaFRleHQQABgEIAA","Spuistraat 217, 1012 RN Amsterdam, Netherlands","52.371586799999996","4.8895102999999995","Monday: 8:30 AM - 5:00 PM
Tuesday: 8:30 AM - 5:00 PM
Wednesday: 8:30 AM - 5:00 PM
Thursday: 8:30 AM - 5:00 PM
Friday: 8:30 AM - 5:00 PM
Saturday: 9:00 AM - 5:30 PM
Sunday: 9:00 AM - 5:30 PM","2025-08-13T15:00:00Z","17.0","1"
"Café ""De Bult"" B.V.","4.4","193","cafe","https://maps.google.com/?cid=4024580297222160127&g_mp=Cidnb29nbGUubWFwcy5wbGFjZXMudjEuUGxhY2VzLlNlYXJjaFRleHQQABgEIAA","Mosveld 75, 1031 AD Amsterdam, Netherlands","52.391596","4.913067","Monday: Closed
Tuesday: Closed
Wednesday: 10:00 AM - 9:00 PM
Thursday: 10:00 AM - 9:00 PM
Friday: 10:00 AM - 7:00 PM
Saturday: 10:00 AM - 12:00 AM
Sunday: Closed","2025-08-13T19:00:00Z","21.0","1"
"Five Ways Coffee Roasters","4.7","559","brunch_restaurant","https://maps.google.com/?cid=8361652983497465977&g_mp=Cidnb29nbGUubWFwcy5wbGFjZXMudjEuUGxhY2VzLlNlYXJjaFRleHQQABgEIAA","Boerhaaveplein 3, 1091 DH Amsterdam, Netherlands","52.3598712","4.9123059","Monday: 8:00 AM - 5:00 PM
Tuesday: 8:00 AM - 5:00 PM
Wednesday: 8:00 AM - 5:00 PM
Thursday: 8:00 AM - 5:00 PM
Friday: 8:00 AM - 5:00 PM
Saturday: 9:00 AM - 6:00 PM
Sunday: 9:00 AM - 6:00 PM","2025-08-13T15:00:00Z","17.0","1"
"The Coffee","4.7","88","coffee_shop","https://maps.google.com/?cid=357014870337086946&g_mp=Cidnb29nbGUubWFwcy5wbGFjZXMudjEuUGxhY2VzLlNlYXJjaFRleHQQABgEIAA","Eerste Constantijn Huygensstraat 33, 1054 BR Amsterdam, Netherlands","52.3643064","4.8744765","Monday: 8:00 AM - 5:00 PM
Tuesday: 8:00 AM - 5:00 PM
Wednesday: 8:00 AM - 5:00 PM
Thursday: 8:00 AM - 5:00 PM
Friday: 8:00 AM - 5:00 PM
Saturday: 9:00 AM - 5:30 PM
Sunday: 9:00 AM - 5:30 PM","2025-08-13T15:00:00Z","17.0","1"
"LOT61 Coffee Roasters","4.6","1930","food_store","https://maps.google.com/?cid=15526938402491586985&g_mp=Cidnb29nbGUubWFwcy5wbGFjZXMudjEuUGxhY2VzLlNlYXJjaFRleHQQABgEIAA","Kinkerstraat 112, 1053 ED Amsterdam, Netherlands","52.3668272","4.870314","Monday: 8:00 AM - 6:00 PM
Tuesday: 8:00 AM - 6:00 PM
Wednesday: 8:00 AM - 6:00 PM
Thursday: 8:00 AM - 6:00 PM
Friday: 8:00 AM - 6:00 PM
Saturday: 9:00 AM - 6:00 PM
Sunday: 9:00 AM - 6:00 PM","2025-08-13T16:00:00Z","18.0","1"
"Bagels & Beans Overhoeks","4.4","45","bagel_shop","https://maps.google.com/?cid=3611777628799746473&g_mp=Cidnb29nbGUubWFwcy5wbGFjZXMudjEuUGxhY2VzLlNlYXJjaFRleHQQABgEIAA","Bercylaan 301, 1031 KP Amsterdam, Netherlands","52.3848686","4.9035082999999995","Monday: 8:00 AM - 5:00 PM
Tuesday: 8:00 AM - 5:00 PM
Wednesday: 8:00 AM - 5:00 PM
Thursday: 8:00 AM - 5:00 PM
Friday: 8:00 AM - 5:00 PM
Saturday: 9:00 AM - 5:00 PM
Sunday: 9:00 AM - 5:00 PM","2025-08-13T15:00:00Z","17.0","1"
"Noord Tuin café","5.0","35","cafe","https://maps.google.com/?cid=6732296252802146006&g_mp=Cidnb29nbGUubWFwcy5wbGFjZXMudjEuUGxhY2VzLlNlYXJjaFRleHQQABgEIAA","Plejadenplein 44, 1033 VL Amsterdam, Netherlands","52.414349599999994","4.8857876","Monday: Closed
Tuesday: Closed
Wednesday: Closed
Thursday: 8:30 AM - 5:30 PM
Friday: Closed
Saturday: Closed
Sunday: Closed","","","1"
"LOT61 Amsterdam Centraal Station","4.4","746","coffee_shop","https://maps.google.com/?cid=4810359084861603137&g_mp=Cidnb29nbGUubWFwcy5wbGFjZXMudjEuUGxhY2VzLlNlYXJjaFRleHQQABgEIAA","Oosterdoksstraat 4, 1011 DK Amsterdam, Netherlands","52.376894","4.9043325","Monday: 6:30 AM - 9:00 PM
Tuesday: 6:30 AM - 9:00 PM
Wednesday: 6:30 AM - 9:00 PM
Thursday: 6:30 AM - 9:00 PM
Friday: 6:30 AM - 9:00 PM
Saturday: 7:00 AM - 9:00 PM
Sunday: 7:00 AM - 9:00 PM","2025-08-13T19:00:00Z","21.0","1"
"De Koffieschenkerij","4.7","3057","cafe","https://maps.google.com/?cid=5588248605643341817&g_mp=Cidnb29nbGUubWFwcy5wbGFjZXMudjEuUGxhY2VzLlNlYXJjaFRleHQQABgEIAA","Oudekerksplein 27, 1012 GX Amsterdam, Netherlands","52.3741148","4.898346699999999","Monday: 9:00 AM - 6:00 PM
Tuesday: 9:00 AM - 6:00 PM
Wednesday: 9:00 AM - 6:00 PM
Thursday: 9:00 AM - 6:00 PM
Friday: 9:00 AM - 6:00 PM
Saturday: 9:00 AM - 6:00 PM
Sunday: 9:00 AM - 6:00 PM","2025-08-13T16:00:00Z","18.0","1"
"Alpha coffee Amsterdam","4.9","192","coffee_shop","https://maps.google.com/?cid=4986897687822909375&g_mp=Cidnb29nbGUubWFwcy5wbGFjZXMudjEuUGxhY2VzLlNlYXJjaFRleHQQABgEIAA","Amstel 47, 1011 PW Amsterdam, Netherlands","52.3662631","4.9018763","Monday: 9:00 AM - 6:00 PM
Tuesday: 9:00 AM - 6:00 PM
Wednesday: 9:00 AM - 6:00 PM
Thursday: 9:00 AM - 6:00 PM
Friday: 9:00 AM - 6:00 PM
Saturday: 9:30 AM - 6:00 PM
Sunday: 9:30 AM - 6:00 PM","2025-08-13T16:00:00Z","18.0","1"
"Dak Showroom by Dak Coffee Roasters","4.8","124","coffee_shop","https://maps.google.com/?cid=10131096394286370724&g_mp=Cidnb29nbGUubWFwcy5wbGFjZXMudjEuUGxhY2VzLlNlYXJjaFRleHQQABgEIAA","Bellamyplein 16H, 1053 AS Amsterdam, Netherlands","52.3684127","4.867310499999999","Monday: 8:00 AM - 5:00 PM
Tuesday: 8:00 AM - 5:00 PM
Wednesday: 8:00 AM - 5:00 PM
Thursday: 8:00 AM - 5:00 PM
Friday: 8:00 AM - 5:00 PM
Saturday: 9:00 AM - 5:00 PM
Sunday: 9:00 AM - 5:00 PM","2025-08-13T15:00:00Z","17.0","1"
"noon coffee & culture","5.0","30","coffee_shop","https://maps.google.com/?cid=17550316578453985676&g_mp=Cidnb29nbGUubWFwcy5wbGFjZXMudjEuUGxhY2VzLlNlYXJjaFRleHQQABgEIAA","Kruislaan 259A, 1098 SH Amsterdam, Netherlands","52.352624299999995","4.9473817","Monday: 8:00 AM - 4:00 PM
Tuesday: 8:00 AM - 4:00 PM
Wednesday: 8:00 AM - 4:00 PM
Thursday: 8:00 AM - 4:00 PM
Friday: 8:00 AM - 4:00 PM
Saturday: 9:00 AM - 4:00 PM
Sunday: 9:00 AM - 4:00 PM","2025-08-13T14:00:00Z","16.0","1"
"Koffiespot","4.5","595","coffee_shop","https://maps.google.com/?cid=2122484869929095106&g_mp=Cidnb29nbGUubWFwcy5wbGFjZXMudjEuUGxhY2VzLlNlYXJjaFRleHQQABgEIAA","Elandsgracht 53, 1016 TN Amsterdam, Netherlands","52.3694002","4.8805982","Monday: 8:00 AM - 6:00 PM
Tuesday: 8:00 AM - 6:00 PM
Wednesday: 8:00 AM - 6:00 PM
Thursday: 8:00 AM - 6:00 PM
Friday: 8:00 AM - 6:00 PM
Saturday: 9:00 AM - 6:00 PM
Sunday: 9:00 AM - 6:00 PM","2025-08-13T16:00:00Z","18.0","1"
"Café ‘t Sluisje","4.6","1237","pub","https://maps.google.com/?cid=7637137552336811555&g_mp=Cidnb29nbGUubWFwcy5wbGFjZXMudjEuUGxhY2VzLlNlYXJjaFRleHQQABgEIAA","Nieuwendammerdijk 297, 1025 LM Amsterdam, Netherlands","52.3912274","4.9382201","Monday: 11:00 AM - 11:00 PM
Tuesday: 11:00 AM - 12:00 AM
Wednesday: 11:00 AM - 12:00 AM
Thursday: 11:00 AM - 12:00 AM
Friday: 11:00 AM - 1:00 AM
Saturday: 11:00 AM - 1:00 AM
Sunday: 11:00 AM - 12:00 AM","2025-08-13T22:00:00Z","0.0","0"
"BBROOD","4.2","564","bakery","https://maps.google.com/?cid=15850487330555279334&g_mp=Cidnb29nbGUubWFwcy5wbGFjZXMudjEuUGxhY2VzLlNlYXJjaFRleHQQABgEIAA","Ms. van Riemsdijkweg 192, 1033 RD Amsterdam, Netherlands","52.401452199999994","4.8922142","Monday: 7:30 AM - 5:00 PM
Tuesday: 7:30 AM - 5:00 PM
Wednesday: 7:30 AM - 5:00 PM
Thursday: 7:30 AM - 5:00 PM
Friday: 7:30 AM - 5:00 PM
Saturday: 8:00 AM - 5:00 PM
Sunday: 8:00 AM - 5:00 PM","2025-08-13T15:00:00Z","17.0","1"
"Daily coffee","4.3","4","coffee_shop","https://maps.google.com/?cid=9416026525643025803&g_mp=Cidnb29nbGUubWFwcy5wbGFjZXMudjEuUGxhY2VzLlNlYXJjaFRleHQQABgEIAA","Buikslotermeerplein 15-17, 1025 ES Amsterdam, Netherlands","52.3998734","4.9353566","Monday: Closed
Tuesday: Closed
Wednesday: 8:00 AM - 4:00 PM
Thursday: 8:00 AM - 4:00 PM
Friday: 8:00 AM - 4:00 PM
Saturday: 8:00 AM - 4:00 PM
Sunday: Closed","2025-08-13T14:00:00Z","16.0","1"
"NOORDERLING | IJS - SHAKES - ESPRESSO","4.9","33","ice_cream_shop","https://maps.google.com/?cid=13591037385051082911&g_mp=Cidnb29nbGUubWFwcy5wbGFjZXMudjEuUGxhY2VzLlNlYXJjaFRleHQQABgEIAA","NDSM-Kade 12, 1033 PG Amsterdam, Netherlands","52.401850599999996","4.8908526","Monday: 12:00 - 10:00 PM
Tuesday: 12:00 - 10:00 PM
Wednesday: 12:00 - 10:00 PM
Thursday: 12:00 - 10:00 PM
Friday: 12:00 - 10:00 PM
Saturday: 12:00 - 10:00 PM
Sunday: 12:00 - 10:00 PM","","","1"
"Coffee lounge West","4.2","352","coffee_shop","https://maps.google.com/?cid=15148317941318159912&g_mp=Cidnb29nbGUubWFwcy5wbGFjZXMudjEuUGxhY2VzLlNlYXJjaFRleHQQABgEIAA","Eerste Constantijn Huygensstraat 82, 1054 BX Amsterdam, Netherlands","52.3632554","4.8746126","Monday: 7:00 AM - 6:00 PM
Tuesday: 7:00 AM - 6:00 PM
Wednesday: 7:00 AM - 6:00 PM
Thursday: 7:00 AM - 6:00 PM
Friday: 7:00 AM - 6:00 PM
Saturday: 7:00 AM - 6:00 PM
Sunday: 7:00 AM - 6:00 PM","2025-08-13T16:00:00Z","18.0","1"
"Café koffiehuis Blokker","4.2","56","cafe","https://maps.google.com/?cid=5848155230824418848&g_mp=Cidnb29nbGUubWFwcy5wbGFjZXMudjEuUGxhY2VzLlNlYXJjaFRleHQQABgEIAA","Mosveld 49, 1031 AD Amsterdam, Netherlands","52.390852599999995","4.9131437","Monday: 9:00 AM - 6:00 PM
Tuesday: 9:00 AM - 6:00 PM
Wednesday: 9:00 AM - 6:00 PM
Thursday: 9:00 AM - 6:00 PM
Friday: 9:00 AM - 6:00 PM
Saturday: 9:00 AM - 6:00 PM
Sunday: 6:00 AM - 6:00 PM","2025-08-13T16:00:00Z","18.0","1"
"Bocca Coffee","4.4","1863","coffee_shop","https://maps.google.com/?cid=18188383309989194106&g_mp=Cidnb29nbGUubWFwcy5wbGFjZXMudjEuUGxhY2VzLlNlYXJjaFRleHQQABgEIAA","Kerkstraat 96H, 1017 GP Amsterdam, Netherlands","52.3643905","4.8868164","Monday: 8:00 AM - 6:00 PM
Tuesday: 8:00 AM - 6:00 PM
Wednesday: 8:00 AM - 6:00 PM
Thursday: 8:00 AM - 6:00 PM
Friday: 8:00 AM - 6:00 PM
Saturday: 9:00 AM - 6:00 PM
Sunday: 9:00 AM - 6:00 PM","2025-08-13T16:00:00Z","18.0","1"
"The Greek Embassy - All Day Brunch & Specialty Coffee - Amsterdam Centrum","4.3","184","brunch_restaurant","https://maps.google.com/?cid=13830437391668563054&g_mp=Cidnb29nbGUubWFwcy5wbGFjZXMudjEuUGxhY2VzLlNlYXJjaFRleHQQABgEIAA","Spui 8, 1012 PB Amsterdam, Netherlands","52.3691308","4.8913775","Monday: 10:00 AM - 7:00 PM
Tuesday: 10:00 AM - 7:00 PM
Wednesday: 10:00 AM - 7:00 PM
Thursday: 10:00 AM - 7:00 PM
Friday: 10:00 AM - 7:00 PM
Saturday: 10:00 AM - 7:00 PM
Sunday: 10:00 AM - 7:00 PM","2025-08-13T17:00:00Z","19.0","1"
"Stone's Café","4.3","175","cafe","https://maps.google.com/?cid=6365554043050432100&g_mp=Cidnb29nbGUubWFwcy5wbGFjZXMudjEuUGxhY2VzLlNlYXJjaFRleHQQABgEIAA","Warmoesstraat 91, 1012 HZ Amsterdam, Netherlands","52.3746012","4.8971979999999995","Monday: 10:00 AM - 1:00 AM
Tuesday: 10:00 AM - 1:00 AM
Wednesday: 10:00 AM - 1:00 AM
Thursday: 10:00 AM - 1:00 AM
Friday: 10:00 AM - 3:00 AM
Saturday: 10:00 AM - 3:00 AM
Sunday: 10:00 AM - 1:00 AM","2025-08-13T23:00:00Z","1.0","0"
"Coffee Room.","4.3","869","coffee_shop","https://maps.google.com/?cid=11138241219506320027&g_mp=Cidnb29nbGUubWFwcy5wbGFjZXMudjEuUGxhY2VzLlNlYXJjaFRleHQQABgEIAA","Kinkerstraat 110, 1053 EC Amsterdam, Netherlands","52.367047199999995","4.8711193999999995","Monday: 8:00 AM - 7:00 PM
Tuesday: 8:00 AM - 7:00 PM
Wednesday: 8:00 AM - 7:00 PM
Thursday: 8:00 AM - 7:00 PM
Friday: 8:00 AM - 7:00 PM
Saturday: 8:00 AM - 7:00 PM
Sunday: 9:00 AM - 7:00 PM","2025-08-13T17:00:00Z","19.0","1"
"Tha Dogg House a Snoop Dogg Store","4.4","414","coffee_shop","https://maps.google.com/?cid=16144764438666098397&g_mp=Cidnb29nbGUubWFwcy5wbGFjZXMudjEuUGxhY2VzLlNlYXJjaFRleHQQABgEIAA","Marnixstraat 333, 1016 TC Amsterdam, Netherlands","52.3727133","4.8761101","Monday: 9:00 AM - 1:00 AM
Tuesday: 9:00 AM - 1:00 AM
Wednesday: 9:00 AM - 1:00 AM
Thursday: 9:00 AM - 1:00 AM
Friday: 8:00 AM - 1:00 AM
Saturday: 8:00 AM - 1:00 AM
Sunday: 8:00 AM - 1:00 AM","2025-08-13T23:00:00Z","1.0","0"
"NRD","4.1","167","cafe","https://maps.google.com/?cid=8355853583040517246&g_mp=Cidnb29nbGUubWFwcy5wbGFjZXMudjEuUGxhY2VzLlNlYXJjaFRleHQQABgEIAA","Asterweg 14, 1031 HN Amsterdam, Netherlands","52.3897669","4.9048148","Monday: 8:00 AM - 5:00 PM
Tuesday: 8:00 AM - 5:00 PM
Wednesday: 8:00 AM - 5:00 PM
Thursday: 8:00 AM - 5:00 PM
Friday: 8:00 AM - 5:00 PM
Saturday: Closed
Sunday: Closed","2025-08-13T15:00:00Z","17.0","1"
"Bagels & Beans Overhoeks","4.4","45","bagel_shop","https://maps.google.com/?cid=3611777628799746473&g_mp=Cidnb29nbGUubWFwcy5wbGFjZXMudjEuUGxhY2VzLlNlYXJjaFRleHQQABgEIAA","Bercylaan 301, 1031 KP Amsterdam, Netherlands","52.3848686","4.9035082999999995","Monday: 8:00 AM - 5:00 PM
Tuesday: 8:00 AM - 5:00 PM
Wednesday: 8:00 AM - 5:00 PM
Thursday: 8:00 AM - 5:00 PM
Friday: 8:00 AM - 5:00 PM
Saturday: 9:00 AM - 5:00 PM
Sunday: 9:00 AM - 5:00 PM","2025-08-13T15:00:00Z","17.0","1"
"Noord Tuin café","5.0","35","cafe","https://maps.google.com/?cid=6732296252802146006&g_mp=Cidnb29nbGUubWFwcy5wbGFjZXMudjEuUGxhY2VzLlNlYXJjaFRleHQQABgEIAA","Plejadenplein 44, 1033 VL Amsterdam, Netherlands","52.414349599999994","4.8857876","Monday: Closed
Tuesday: Closed
Wednesday: Closed
Thursday: 8:30 AM - 5:30 PM
Friday: Closed
Saturday: Closed
Sunday: Closed","","","1"
"LOT61 Amsterdam Centraal Station","4.4","746","coffee_shop","https://maps.google.com/?cid=4810359084861603137&g_mp=Cidnb29nbGUubWFwcy5wbGFjZXMudjEuUGxhY2VzLlNlYXJjaFRleHQQABgEIAA","Oosterdoksstraat 4, 1011 DK Amsterdam, Netherlands","52.376894","4.9043325","Monday: 6:30 AM - 9:00 PM
Tuesday: 6:30 AM - 9:00 PM
Wednesday: 6:30 AM - 9:00 PM
Thursday: 6:30 AM - 9:00 PM
Friday: 6:30 AM - 9:00 PM
Saturday: 7:00 AM - 9:00 PM
Sunday: 7:00 AM - 9:00 PM","2025-08-13T19:00:00Z","21.0","1"
"De Koffieschenkerij","4.7","3057","cafe","https://maps.google.com/?cid=5588248605643341817&g_mp=Cidnb29nbGUubWFwcy5wbGFjZXMudjEuUGxhY2VzLlNlYXJjaFRleHQQABgEIAA","Oudekerksplein 27, 1012 GX Amsterdam, Netherlands","52.3741148","4.898346699999999","Monday: 9:00 AM - 6:00 PM
Tuesday: 9:00 AM - 6:00 PM
Wednesday: 9:00 AM - 6:00 PM
Thursday: 9:00 AM - 6:00 PM
Friday: 9:00 AM - 6:00 PM
Saturday: 9:00 AM - 6:00 PM
Sunday: 9:00 AM - 6:00 PM","2025-08-13T16:00:00Z","18.0","1"
"Alpha coffee Amsterdam","4.9","192","coffee_shop","https://maps.google.com/?cid=4986897687822909375&g_mp=Cidnb29nbGUubWFwcy5wbGFjZXMudjEuUGxhY2VzLlNlYXJjaFRleHQQABgEIAA","Amstel 47, 1011 PW Amsterdam, Netherlands","52.3662631","4.9018763","Monday: 9:00 AM - 6:00 PM
Tuesday: 9:00 AM - 6:00 PM
Wednesday: 9:00 AM - 6:00 PM
Thursday: 9:00 AM - 6:00 PM
Friday: 9:00 AM - 6:00 PM
Saturday: 9:30 AM - 6:00 PM
Sunday: 9:30 AM - 6:00 PM","2025-08-13T16:00:00Z","18.0","1"
"Dak Showroom by Dak Coffee Roasters","4.8","124","coffee_shop","https://maps.google.com/?cid=10131096394286370724&g_mp=Cidnb29nbGUubWFwcy5wbGFjZXMudjEuUGxhY2VzLlNlYXJjaFRleHQQABgEIAA","Bellamyplein 16H, 1053 AS Amsterdam, Netherlands","52.3684127","4.867310499999999","Monday: 8:00 AM - 5:00 PM
Tuesday: 8:00 AM - 5:00 PM
Wednesday: 8:00 AM - 5:00 PM
Thursday: 8:00 AM - 5:00 PM
Friday: 8:00 AM - 5:00 PM
Saturday: 9:00 AM - 5:00 PM
Sunday: 9:00 AM - 5:00 PM","2025-08-13T15:00:00Z","17.0","1"
"noon coffee & culture","5.0","30","coffee_shop","https://maps.google.com/?cid=17550316578453985676&g_mp=Cidnb29nbGUubWFwcy5wbGFjZXMudjEuUGxhY2VzLlNlYXJjaFRleHQQABgEIAA","Kruislaan 259A, 1098 SH Amsterdam, Netherlands","52.352624299999995","4.9473817","Monday: 8:00 AM - 4:00 PM
Tuesday: 8:00 AM - 4:00 PM
Wednesday: 8:00 AM - 4:00 PM
Thursday: 8:00 AM - 4:00 PM
Friday: 8:00 AM - 4:00 PM
Saturday: 9:00 AM - 4:00 PM
Sunday: 9:00 AM - 4:00 PM","2025-08-13T14:00:00Z","16.0","1"
"Koffiespot","4.5","595","coffee_shop","https://maps.google.com/?cid=2122484869929095106&g_mp=Cidnb29nbGUubWFwcy5wbGFjZXMudjEuUGxhY2VzLlNlYXJjaFRleHQQABgEIAA","Elandsgracht 53, 1016 TN Amsterdam, Netherlands","52.3694002","4.8805982","Monday: 8:00 AM - 6:00 PM
Tuesday: 8:00 AM - 6:00 PM
Wednesday: 8:00 AM - 6:00 PM
Thursday: 8:00 AM - 6:00 PM
Friday: 8:00 AM - 6:00 PM
Saturday: 9:00 AM - 6:00 PM
Sunday: 9:00 AM - 6:00 PM","2025-08-13T16:00:00Z","18.0","1"
"Café ‘t Sluisje","4.6","1237","pub","https://maps.google.com/?cid=7637137552336811555&g_mp=Cidnb29nbGUubWFwcy5wbGFjZXMudjEuUGxhY2VzLlNlYXJjaFRleHQQABgEIAA","Nieuwendammerdijk 297, 1025 LM Amsterdam, Netherlands","52.3912274","4.9382201","Monday: 11:00 AM - 11:00 PM
Tuesday: 11:00 AM - 12:00 AM
Wednesday: 11:00 AM - 12:00 AM
Thursday: 11:00 AM - 12:00 AM
Friday: 11:00 AM - 1:00 AM
Saturday: 11:00 AM - 1:00 AM
Sunday: 11:00 AM - 12:00 AM","2025-08-13T22:00:00Z","0.0","0"
"BBROOD","4.2","564","bakery","https://maps.google.com/?cid=15850487330555279334&g_mp=Cidnb29nbGUubWFwcy5wbGFjZXMudjEuUGxhY2VzLlNlYXJjaFRleHQQABgEIAA","Ms. van Riemsdijkweg 192, 1033 RD Amsterdam, Netherlands","52.401452199999994","4.8922142","Monday: 7:30 AM - 5:00 PM
Tuesday: 7:30 AM - 5:00 PM
Wednesday: 7:30 AM - 5:00 PM
Thursday: 7:30 AM - 5:00 PM
Friday: 7:30 AM - 5:00 PM
Saturday: 8:00 AM - 5:00 PM
Sunday: 8:00 AM - 5:00 PM","2025-08-13T15:00:00Z","17.0","1"
"Daily coffee","4.3","4","coffee_shop","https://maps.google.com/?cid=9416026525643025803&g_mp=Cidnb29nbGUubWFwcy5wbGFjZXMudjEuUGxhY2VzLlNlYXJjaFRleHQQABgEIAA","Buikslotermeerplein 15-17, 1025 ES Amsterdam, Netherlands","52.3998734","4.9353566","Monday: Closed
Tuesday: Closed
Wednesday: 8:00 AM - 4:00 PM
Thursday: 8:00 AM - 4:00 PM
Friday: 8:00 AM - 4:00 PM
Saturday: 8:00 AM - 4:00 PM
Sunday: Closed","2025-08-13T14:00:00Z","16.0","1"
"NOORDERLING | IJS - SHAKES - ESPRESSO","4.9","33","ice_cream_shop","https://maps.google.com/?cid=13591037385051082911&g_mp=Cidnb29nbGUubWFwcy5wbGFjZXMudjEuUGxhY2VzLlNlYXJjaFRleHQQABgEIAA","NDSM-Kade 12, 1033 PG Amsterdam, Netherlands","52.401850599999996","4.8908526","Monday: 12:00 - 10:00 PM
Tuesday: 12:00 - 10:00 PM
Wednesday: 12:00 - 10:00 PM
Thursday: 12:00 - 10:00 PM
Friday: 12:00 - 10:00 PM
Saturday: 12:00 - 10:00 PM
Sunday: 12:00 - 10:00 PM","","","1"
"Coffee lounge West","4.2","352","coffee_shop","https://maps.google.com/?cid=15148317941318159912&g_mp=Cidnb29nbGUubWFwcy5wbGFjZXMudjEuUGxhY2VzLlNlYXJjaFRleHQQABgEIAA","Eerste Constantijn Huygensstraat 82, 1054 BX Amsterdam, Netherlands","52.3632554","4.8746126","Monday: 7:00 AM - 6:00 PM
Tuesday: 7:00 AM - 6:00 PM
Wednesday: 7:00 AM - 6:00 PM
Thursday: 7:00 AM - 6:00 PM
Friday: 7:00 AM - 6:00 PM
Saturday: 7:00 AM - 6:00 PM
Sunday: 7:00 AM - 6:00 PM","2025-08-13T16:00:00Z","18.0","1"
"Café koffiehuis Blokker","4.2","56","cafe","https://maps.google.com/?cid=5848155230824418848&g_mp=Cidnb29nbGUubWFwcy5wbGFjZXMudjEuUGxhY2VzLlNlYXJjaFRleHQQABgEIAA","Mosveld 49, 1031 AD Amsterdam, Netherlands","52.390852599999995","4.9131437","Monday: 9:00 AM - 6:00 PM
Tuesday: 9:00 AM - 6:00 PM
Wednesday: 9:00 AM - 6:00 PM
Thursday: 9:00 AM - 6:00 PM
Friday: 9:00 AM - 6:00 PM
Saturday: 9:00 AM - 6:00 PM
Sunday: 6:00 AM - 6:00 PM","2025-08-13T16:00:00Z","18.0","1"
"Bocca Coffee","4.4","1863","coffee_shop","https://maps.google.com/?cid=18188383309989194106&g_mp=Cidnb29nbGUubWFwcy5wbGFjZXMudjEuUGxhY2VzLlNlYXJjaFRleHQQABgEIAA","Kerkstraat 96H, 1017 GP Amsterdam, Netherlands","52.3643905","4.8868164","Monday: 8:00 AM - 6:00 PM
Tuesday: 8:00 AM - 6:00 PM
Wednesday: 8:00 AM - 6:00 PM
Thursday: 8:00 AM - 6:00 PM
Friday: 8:00 AM - 6:00 PM
Saturday: 9:00 AM - 6:00 PM
Sunday: 9:00 AM - 6:00 PM","2025-08-13T16:00:00Z","18.0","1"
"The Greek Embassy - All Day Brunch & Specialty Coffee - Amsterdam Centrum","4.3","184","brunch_restaurant","https://maps.google.com/?cid=13830437391668563054&g_mp=Cidnb29nbGUubWFwcy5wbGFjZXMudjEuUGxhY2VzLlNlYXJjaFRleHQQABgEIAA","Spui 8, 1012 PB Amsterdam, Netherlands","52.3691308","4.8913775","Monday: 10:00 AM - 7:00 PM
Tuesday: 10:00 AM - 7:00 PM
Wednesday: 10:00 AM - 7:00 PM
Thursday: 10:00 AM - 7:00 PM
Friday: 10:00 AM - 7:00 PM
Saturday: 10:00 AM - 7:00 PM
Sunday: 10:00 AM - 7:00 PM","2025-08-13T17:00:00Z","19.0","1"
"Stone's Café","4.3","175","cafe","https://maps.google.com/?cid=6365554043050432100&g_mp=Cidnb29nbGUubWFwcy5wbGFjZXMudjEuUGxhY2VzLlNlYXJjaFRleHQQABgEIAA","Warmoesstraat 91, 1012 HZ Amsterdam, Netherlands","52.3746012","4.8971979999999995","Monday: 10:00 AM - 1:00 AM
Tuesday: 10:00 AM - 1:00 AM
Wednesday: 10:00 AM - 1:00 AM
Thursday: 10:00 AM - 1:00 AM
Friday: 10:00 AM - 3:00 AM
Saturday: 10:00 AM - 3:00 AM
Sunday: 10:00 AM - 1:00 AM","2025-08-13T23:00:00Z","1.0","0"
"Coffee Room.","4.3","869","coffee_shop","https://maps.google.com/?cid=11138241219506320027&g_mp=Cidnb29nbGUubWFwcy5wbGFjZXMudjEuUGxhY2VzLlNlYXJjaFRleHQQABgEIAA","Kinkerstraat 110, 1053 EC Amsterdam, Netherlands","52.367047199999995","4.8711193999999995","Monday: 8:00 AM - 7:00 PM
Tuesday: 8:00 AM - 7:00 PM
Wednesday: 8:00 AM - 7:00 PM
Thursday: 8:00 AM - 7:00 PM
Friday: 8:00 AM - 7:00 PM
Saturday: 8:00 AM - 7:00 PM
Sunday: 9:00 AM - 7:00 PM","2025-08-13T17:00:00Z","19.0","1"
"Tha Dogg House a Snoop Dogg Store","4.4","414","coffee_shop","https://maps.google.com/?cid=16144764438666098397&g_mp=Cidnb29nbGUubWFwcy5wbGFjZXMudjEuUGxhY2VzLlNlYXJjaFRleHQQABgEIAA","Marnixstraat 333, 1016 TC Amsterdam, Netherlands","52.3727133","4.8761101","Monday: 9:00 AM - 1:00 AM
Tuesday: 9:00 AM - 1:00 AM
Wednesday: 9:00 AM - 1:00 AM
Thursday: 9:00 AM - 1:00 AM
Friday: 8:00 AM - 1:00 AM
Saturday: 8:00 AM - 1:00 AM
Sunday: 8:00 AM - 1:00 AM","2025-08-13T23:00:00Z","1.0","0"
"NRD","4.1","167","cafe","https://maps.google.com/?cid=8355853583040517246&g_mp=Cidnb29nbGUubWFwcy5wbGFjZXMudjEuUGxhY2VzLlNlYXJjaFRleHQQABgEIAA","Asterweg 14, 1031 HN Amsterdam, Netherlands","52.3897669","4.9048148","Monday: 8:00 AM - 5:00 PM
Tuesday: 8:00 AM - 5:00 PM
Wednesday: 8:00 AM - 5:00 PM
Thursday: 8:00 AM - 5:00 PM
Friday: 8:00 AM - 5:00 PM
Saturday: Closed
Sunday: Closed","2025-08-13T15:00:00Z","17.0","1"
"Bagels & Beans Overhoeks","4.4","45","bagel_shop","https://maps.google.com/?cid=3611777628799746473&g_mp=Cidnb29nbGUubWFwcy5wbGFjZXMudjEuUGxhY2VzLlNlYXJjaFRleHQQABgEIAA","Bercylaan 301, 1031 KP Amsterdam, Netherlands","52.3848686","4.9035082999999995","Monday: 8:00 AM - 5:00 PM
Tuesday: 8:00 AM - 5:00 PM
Wednesday: 8:00 AM - 5:00 PM
Thursday: 8:00 AM - 5:00 PM
Friday: 8:00 AM - 5:00 PM
Saturday: 9:00 AM - 5:00 PM
Sunday: 9:00 AM - 5:00 PM","2025-08-13T15:00:00Z","17.0","1"
"Noord Tuin café","5.0","35","cafe","https://maps.google.com/?cid=6732296252802146006&g_mp=Cidnb29nbGUubWFwcy5wbGFjZXMudjEuUGxhY2VzLlNlYXJjaFRleHQQABgEIAA","Plejadenplein 44, 1033 VL Amsterdam, Netherlands","52.414349599999994","4.8857876","Monday: Closed
Tuesday: Closed
Wednesday: Closed
Thursday: 8:30 AM - 5:30 PM
Friday: Closed
Saturday: Closed
Sunday: Closed","","","1"
"LOT61 Amsterdam Centraal Station","4.4","746","coffee_shop","https://maps.google.com/?cid=4810359084861603137&g_mp=Cidnb29nbGUubWFwcy5wbGFjZXMudjEuUGxhY2VzLlNlYXJjaFRleHQQABgEIAA","Oosterdoksstraat 4, 1011 DK Amsterdam, Netherlands","52.376894","4.9043325","Monday: 6:30 AM - 9:00 PM
Tuesday: 6:30 AM - 9:00 PM
Wednesday: 6:30 AM - 9:00 PM
Thursday: 6:30 AM - 9:00 PM
Friday: 6:30 AM - 9:00 PM
Saturday: 7:00 AM - 9:00 PM
Sunday: 7:00 AM - 9:00 PM","2025-08-13T19:00:00Z","21.0","1"
"De Koffieschenkerij","4.7","3057","cafe","https://maps.google.com/?cid=5588248605643341817&g_mp=Cidnb29nbGUubWFwcy5wbGFjZXMudjEuUGxhY2VzLlNlYXJjaFRleHQQABgEIAA","Oudekerksplein 27, 1012 GX Amsterdam, Netherlands","52.3741148","4.898346699999999","Monday: 9:00 AM - 6:00 PM
Tuesday: 9:00 AM - 6:00 PM
Wednesday: 9:00 AM - 6:00 PM
Thursday: 9:00 AM - 6:00 PM
Friday: 9:00 AM - 6:00 PM
Saturday: 9:00 AM - 6:00 PM
Sunday: 9:00 AM - 6:00 PM","2025-08-13T16:00:00Z","18.0","1"
"Alpha coffee Amsterdam","4.9","192","coffee_shop","https://maps.google.com/?cid=4986897687822909375&g_mp=Cidnb29nbGUubWFwcy5wbGFjZXMudjEuUGxhY2VzLlNlYXJjaFRleHQQABgEIAA","Amstel 47, 1011 PW Amsterdam, Netherlands","52.3662631","4.9018763","Monday: 9:00 AM - 6:00 PM
Tuesday: 9:00 AM - 6:00 PM
Wednesday: 9:00 AM - 6:00 PM
Thursday: 9:00 AM - 6:00 PM
Friday: 9:00 AM - 6:00 PM
Saturday: 9:30 AM - 6:00 PM
Sunday: 9:30 AM - 6:00 PM","2025-08-13T16:00:00Z","18.0","1"
"Dak Showroom by Dak Coffee Roasters","4.8","124","coffee_shop","https://maps.google.com/?cid=10131096394286370724&g_mp=Cidnb29nbGUubWFwcy5wbGFjZXMudjEuUGxhY2VzLlNlYXJjaFRleHQQABgEIAA","Bellamyplein 16H, 1053 AS Amsterdam, Netherlands","52.3684127","4.867310499999999","Monday: 8:00 AM - 5:00 PM
Tuesday: 8:00 AM - 5:00 PM
Wednesday: 8:00 AM - 5:00 PM
Thursday: 8:00 AM - 5:00 PM
Friday: 8:00 AM - 5:00 PM
Saturday: 9:00 AM - 5:00 PM
Sunday: 9:00 AM - 5:00 PM","2025-08-13T15:00:00Z","17.0","1"
"noon coffee & culture","5.0","30","coffee_shop","https://maps.google.com/?cid=17550316578453985676&g_mp=Cidnb29nbGUubWFwcy5wbGFjZXMudjEuUGxhY2VzLlNlYXJjaFRleHQQABgEIAA","Kruislaan 259A, 1098 SH Amsterdam, Netherlands","52.352624299999995","4.9473817","Monday: 8:00 AM - 4:00 PM
Tuesday: 8:00 AM - 4:00 PM
Wednesday: 8:00 AM - 4:00 PM
Thursday: 8:00 AM - 4:00 PM
Friday: 8:00 AM - 4:00 PM
Saturday: 9:00 AM - 4:00 PM
Sunday: 9:00 AM - 4:00 PM","2025-08-13T14:00:00Z","16.0","1"
"Koffiespot","4.5","595","coffee_shop","https://maps.google.com/?cid=2122484869929095106&g_mp=Cidnb29nbGUubWFwcy5wbGFjZXMudjEuUGxhY2VzLlNlYXJjaFRleHQQABgEIAA","Elandsgracht 53, 1016 TN Amsterdam, Netherlands","52.3694002","4.8805982","Monday: 8:00 AM - 6:00 PM
Tuesday: 8:00 AM - 6:00 PM
Wednesday: 8:00 AM - 6:00 PM
Thursday: 8:00 AM - 6:00 PM
Friday: 8:00 AM - 6:00 PM
Saturday: 9:00 AM - 6:00 PM
Sunday: 9:00 AM - 6:00 PM","2025-08-13T16:00:00Z","18.0","1"
"Café ‘t Sluisje","4.6","1237","pub","https://maps.google.com/?cid=7637137552336811555&g_mp=Cidnb29nbGUubWFwcy5wbGFjZXMudjEuUGxhY2VzLlNlYXJjaFRleHQQABgEIAA","Nieuwendammerdijk 297, 1025 LM Amsterdam, Netherlands","52.3912274","4.9382201","Monday: 11:00 AM - 11:00 PM
Tuesday: 11:00 AM - 12:00 AM
Wednesday: 11:00 AM - 12:00 AM
Thursday: 11:00 AM - 12:00 AM
Friday: 11:00 AM - 1:00 AM
Saturday: 11:00 AM - 1:00 AM
Sunday: 11:00 AM - 12:00 AM","2025-08-13T22:00:00Z","0.0","0"
"BBROOD","4.2","564","bakery","https://maps.google.com/?cid=15850487330555279334&g_mp=Cidnb29nbGUubWFwcy5wbGFjZXMudjEuUGxhY2VzLlNlYXJjaFRleHQQABgEIAA","Ms. van Riemsdijkweg 192, 1033 RD Amsterdam, Netherlands","52.401452199999994","4.8922142","Monday: 7:30 AM - 5:00 PM
Tuesday: 7:30 AM - 5:00 PM
Wednesday: 7:30 AM - 5:00 PM
Thursday: 7:30 AM - 5:00 PM
Friday: 7:30 AM - 5:00 PM
Saturday: 8:00 AM - 5:00 PM
Sunday: 8:00 AM - 5:00 PM","2025-08-13T15:00:00Z","17.0","1"
"Daily coffee","4.3","4","coffee_shop","https://maps.google.com/?cid=9416026525643025803&g_mp=Cidnb29nbGUubWFwcy5wbGFjZXMudjEuUGxhY2VzLlNlYXJjaFRleHQQABgEIAA","Buikslotermeerplein 15-17, 1025 ES Amsterdam, Netherlands","52.3998734","4.9353566","Monday: Closed
Tuesday: Closed
Wednesday: 8:00 AM - 4:00 PM
Thursday: 8:00 AM - 4:00 PM
Friday: 8:00 AM - 4:00 PM
Saturday: 8:00 AM - 4:00 PM
Sunday: Closed","2025-08-13T14:00:00Z","16.0","1"
"NOORDERLING | IJS - SHAKES - ESPRESSO","4.9","33","ice_cream_shop","https://maps.google.com/?cid=13591037385051082911&g_mp=Cidnb29nbGUubWFwcy5wbGFjZXMudjEuUGxhY2VzLlNlYXJjaFRleHQQABgEIAA","NDSM-Kade 12, 1033 PG Amsterdam, Netherlands","52.401850599999996","4.8908526","Monday: 12:00 - 10:00 PM
Tuesday: 12:00 - 10:00 PM
Wednesday: 12:00 - 10:00 PM
Thursday: 12:00 - 10:00 PM
Friday: 12:00 - 10:00 PM
Saturday: 12:00 - 10:00 PM
Sunday: 12:00 - 10:00 PM","","","1"
"Coffee lounge West","4.2","352","coffee_shop","https://maps.google.com/?cid=15148317941318159912&g_mp=Cidnb29nbGUubWFwcy5wbGFjZXMudjEuUGxhY2VzLlNlYXJjaFRleHQQABgEIAA","Eerste Constantijn Huygensstraat 82, 1054 BX Amsterdam, Netherlands","52.3632554","4.8746126","Monday: 7:00 AM - 6:00 PM
Tuesday: 7:00 AM - 6:00 PM
Wednesday: 7:00 AM - 6:00 PM
Thursday: 7:00 AM - 6:00 PM
Friday: 7:00 AM - 6:00 PM
Saturday: 7:00 AM - 6:00 PM
Sunday: 7:00 AM - 6:00 PM","2025-08-13T16:00:00Z","18.0","1"
"Café koffiehuis Blokker","4.2","56","cafe","https://maps.google.com/?cid=5848155230824418848&g_mp=Cidnb29nbGUubWFwcy5wbGFjZXMudjEuUGxhY2VzLlNlYXJjaFRleHQQABgEIAA","Mosveld 49, 1031 AD Amsterdam, Netherlands","52.390852599999995","4.9131437","Monday: 9:00 AM - 6:00 PM
Tuesday: 9:00 AM - 6:00 PM
Wednesday: 9:00 AM - 6:00 PM
Thursday: 9:00 AM - 6:00 PM
Friday: 9:00 AM - 6:00 PM
Saturday: 9:00 AM - 6:00 PM
Sunday: 6:00 AM - 6:00 PM","2025-08-13T16:00:00Z","18.0","1"
"Bocca Coffee","4.4","1863","coffee_shop","https://maps.google.com/?cid=18188383309989194106&g_mp=Cidnb29nbGUubWFwcy5wbGFjZXMudjEuUGxhY2VzLlNlYXJjaFRleHQQABgEIAA","Kerkstraat 96H, 1017 GP Amsterdam, Netherlands","52.3643905","4.8868164","Monday: 8:00 AM - 6:00 PM
Tuesday: 8:00 AM - 6:00 PM
Wednesday: 8:00 AM - 6:00 PM
Thursday: 8:00 AM - 6:00 PM
Friday: 8:00 AM - 6:00 PM
Saturday: 9:00 AM - 6:00 PM
Sunday: 9:00 AM - 6:00 PM","2025-08-13T16:00:00Z","18.0","1"
"The Greek Embassy - All Day Brunch & Specialty Coffee - Amsterdam Centrum","4.3","184","brunch_restaurant","https://maps.google.com/?cid=13830437391668563054&g_mp=Cidnb29nbGUubWFwcy5wbGFjZXMudjEuUGxhY2VzLlNlYXJjaFRleHQQABgEIAA","Spui 8, 1012 PB Amsterdam, Netherlands","52.3691308","4.8913775","Monday: 10:00 AM - 7:00 PM
Tuesday: 10:00 AM - 7:00 PM
Wednesday: 10:00 AM - 7:00 PM
Thursday: 10:00 AM - 7:00 PM
Friday: 10:00 AM - 7:00 PM
Saturday: 10:00 AM - 7:00 PM
Sunday: 10:00 AM - 7:00 PM","2025-08-13T17:00:00Z","19.0","1"
"Stone's Café","4.3","175","cafe","https://maps.google.com/?cid=6365554043050432100&g_mp=Cidnb29nbGUubWFwcy5wbGFjZXMudjEuUGxhY2VzLlNlYXJjaFRleHQQABgEIAA","Warmoesstraat 91, 1012 HZ Amsterdam, Netherlands","52.3746012","4.8971979999999995","Monday: 10:00 AM - 1:00 AM
Tuesday: 10:00 AM - 1:00 AM
Wednesday: 10:00 AM - 1:00 AM
Thursday: 10:00 AM - 1:00 AM
Friday: 10:00 AM - 3:00 AM
Saturday: 10:00 AM - 3:00 AM
Sunday: 10:00 AM - 1:00 AM","2025-08-13T23:00:00Z","1.0","0"
"Coffee Room.","4.3","869","coffee_shop","https://maps.google.com/?cid=11138241219506320027&g_mp=Cidnb29nbGUubWFwcy5wbGFjZXMudjEuUGxhY2VzLlNlYXJjaFRleHQQABgEIAA","Kinkerstraat 110, 1053 EC Amsterdam, Netherlands","52.367047199999995","4.8711193999999995","Monday: 8:00 AM - 7:00 PM
Tuesday: 8:00 AM - 7:00 PM
Wednesday: 8:00 AM - 7:00 PM
Thursday: 8:00 AM - 7:00 PM
Friday: 8:00 AM - 7:00 PM
Saturday: 8:00 AM - 7:00 PM
Sunday: 9:00 AM - 7:00 PM","2025-08-13T17:00:00Z","19.0","1"
"Tha Dogg House a Snoop Dogg Store","4.4","414","coffee_shop","https://maps.google.com/?cid=16144764438666098397&g_mp=Cidnb29nbGUubWFwcy5wbGFjZXMudjEuUGxhY2VzLlNlYXJjaFRleHQQABgEIAA","Marnixstraat 333, 1016 TC Amsterdam, Netherlands","52.3727133","4.8761101","Monday: 9:00 AM - 1:00 AM
Tuesday: 9:00 AM - 1:00 AM
Wednesday: 9:00 AM - 1:00 AM
Thursday: 9:00 AM - 1:00 AM
Friday: 8:00 AM - 1:00 AM
Saturday: 8:00 AM - 1:00 AM
Sunday: 8:00 AM - 1:00 AM","2025-08-13T23:00:00Z","1.0","0"
"NRD","4.1","167","cafe","https://maps.google.com/?cid=8355853583040517246&g_mp=Cidnb29nbGUubWFwcy5wbGFjZXMudjEuUGxhY2VzLlNlYXJjaFRleHQQABgEIAA","Asterweg 14, 1031 HN Amsterdam, Netherlands","52.3897669","4.9048148","Monday: 8:00 AM - 5:00 PM
Tuesday: 8:00 AM - 5:00 PM
Wednesday: 8:00 AM - 5:00 PM
Thursday: 8:00 AM - 5:00 PM
Friday: 8:00 AM - 5:00 PM
Saturday: Closed
Sunday: Closed","2025-08-13T15:00:00Z","17.0","1"
"Coffeeshop Central","4.4","1256","store","https://maps.google.com/?cid=16738760380294596344&g_mp=Cidnb29nbGUubWFwcy5wbGFjZXMudjEuUGxhY2VzLlNlYXJjaFRleHQQABgEIAA","Prins Hendrikkade 89, 1012 AE Amsterdam, Netherlands","52.3767193","4.9019128","Monday: 7:00 AM - 1:00 AM
Tuesday: 7:00 AM - 1:00 AM
Wednesday: 7:00 AM - 1:00 AM
Thursday: 7:00 AM - 1:00 AM
Friday: 7:00 AM - 1:00 AM
Saturday: 7:00 AM - 1:00 AM
Sunday: 7:00 AM - 1:00 AM","2025-08-13T23:00:00Z","1.0","0"
"De Koffieschenkerij","4.7","3057","cafe","https://maps.google.com/?cid=5588248605643341817&g_mp=Cidnb29nbGUubWFwcy5wbGFjZXMudjEuUGxhY2VzLlNlYXJjaFRleHQQABgEIAA","Oudekerksplein 27, 1012 GX Amsterdam, Netherlands","52.3741148","4.898346699999999","Monday: 9:00 AM - 6:00 PM
Tuesday: 9:00 AM - 6:00 PM
Wednesday: 9:00 AM - 6:00 PM
Thursday: 9:00 AM - 6:00 PM
Friday: 9:00 AM - 6:00 PM
Saturday: 9:00 AM - 6:00 PM
Sunday: 9:00 AM - 6:00 PM","2025-08-13T16:00:00Z","18.0","1"
"LOT61 Amsterdam Centraal Station","4.4","746","coffee_shop","https://maps.google.com/?cid=4810359084861603137&g_mp=Cidnb29nbGUubWFwcy5wbGFjZXMudjEuUGxhY2VzLlNlYXJjaFRleHQQABgEIAA","Oosterdoksstraat 4, 1011 DK Amsterdam, Netherlands","52.376894","4.9043325","Monday: 6:30 AM - 9:00 PM
Tuesday: 6:30 AM - 9:00 PM
Wednesday: 6:30 AM - 9:00 PM
Thursday: 6:30 AM - 9:00 PM
Friday: 6:30 AM - 9:00 PM
Saturday: 7:00 AM - 9:00 PM
Sunday: 7:00 AM - 9:00 PM","2025-08-13T19:00:00Z","21.0","1"
"Caffè il Momento","4.6","873","coffee_shop","https://maps.google.com/?cid=16136560569487544155&g_mp=Cidnb29nbGUubWFwcy5wbGFjZXMudjEuUGxhY2VzLlNlYXJjaFRleHQQABgEIAA","Singel 180, 1015 AJ Amsterdam, Netherlands","52.374684599999995","4.8890461","Monday: 8:00 AM - 6:00 PM
Tuesday: 8:00 AM - 6:00 PM
Wednesday: 8:00 AM - 6:00 PM
Thursday: 8:00 AM - 6:00 PM
Friday: 8:00 AM - 6:00 PM
Saturday: 9:00 AM - 5:00 PM
Sunday: 9:00 AM - 5:00 PM","2025-08-13T16:00:00Z","18.0","1"
"Priesthood","4.9","173","cafe","https://maps.google.com/?cid=17606743619959952587&g_mp=Cidnb29nbGUubWFwcy5wbGFjZXMudjEuUGxhY2VzLlNlYXJjaFRleHQQABgEIAA","Prins Hendrikkade 51, 1012 AC Amsterdam, Netherlands","52.376584","4.899513","Monday: Closed
Tuesday: 11:00 AM - 5:00 PM
Wednesday: 11:00 AM - 5:00 PM
Thursday: 11:00 AM - 5:00 PM
Friday: 11:00 AM - 5:00 PM
Saturday: Closed
Sunday: Closed","2025-08-13T15:00:00Z","17.0","1"
"Koffiespot","4.5","595","coffee_shop","https://maps.google.com/?cid=2122484869929095106&g_mp=Cidnb29nbGUubWFwcy5wbGFjZXMudjEuUGxhY2VzLlNlYXJjaFRleHQQABgEIAA","Elandsgracht 53, 1016 TN Amsterdam, Netherlands","52.3694002","4.8805982","Monday: 8:00 AM - 6:00 PM
Tuesday: 8:00 AM - 6:00 PM
Wednesday: 8:00 AM - 6:00 PM
Thursday: 8:00 AM - 6:00 PM
Friday: 8:00 AM - 6:00 PM
Saturday: 9:00 AM - 6:00 PM
Sunday: 9:00 AM - 6:00 PM","2025-08-13T16:00:00Z","18.0","1"
"Black Gold Amsterdam","4.8","749","coffee_shop","https://maps.google.com/?cid=13817876557388349051&g_mp=Cidnb29nbGUubWFwcy5wbGFjZXMudjEuUGxhY2VzLlNlYXJjaFRleHQQABgEIAA","Korte Koningsstraat 13 H, 1011 EX Amsterdam, Netherlands","52.371787999999995","4.9030432","Monday: 9:00 AM - 5:00 PM
Tuesday: 9:00 AM - 5:00 PM
Wednesday: 9:00 AM - 5:00 PM
Thursday: 9:00 AM - 5:00 PM
Friday: 9:00 AM - 5:00 PM
Saturday: 10:00 AM - 6:00 PM
Sunday: 10:00 AM - 6:00 PM","2025-08-13T15:00:00Z","17.0","1"
"Bocca Coffee","4.4","1863","coffee_shop","https://maps.google.com/?cid=18188383309989194106&g_mp=Cidnb29nbGUubWFwcy5wbGFjZXMudjEuUGxhY2VzLlNlYXJjaFRleHQQABgEIAA","Kerkstraat 96H, 1017 GP Amsterdam, Netherlands","52.3643905","4.8868164","Monday: 8:00 AM - 6:00 PM
Tuesday: 8:00 AM - 6:00 PM
Wednesday: 8:00 AM - 6:00 PM
Thursday: 8:00 AM - 6:00 PM
Friday: 8:00 AM - 6:00 PM
Saturday: 9:00 AM - 6:00 PM
Sunday: 9:00 AM - 6:00 PM","2025-08-13T16:00:00Z","18.0","1"
"KOF Amsterdam Coffee Roasters","4.5","160","coffee_shop","https://maps.google.com/?cid=12834393538407371771&g_mp=Cidnb29nbGUubWFwcy5wbGFjZXMudjEuUGxhY2VzLlNlYXJjaFRleHQQABgEIAA","Huidenstraat 30I, 1016 ET Amsterdam, Netherlands","52.368895599999995","4.8851448","Monday: 8:00 AM - 6:00 PM
Tuesday: 8:00 AM - 6:00 PM
Wednesday: 8:00 AM - 6:00 PM
Thursday: 8:00 AM - 6:00 PM
Friday: 8:00 AM - 6:00 PM
Saturday: 8:00 AM - 6:00 PM
Sunday: 8:00 AM - 6:00 PM","2025-08-13T16:00:00Z","18.0","1"
"Hummingbird Coffee Amsterdam","4.6","852","coffee_shop","https://maps.google.com/?cid=16912688596054977832&g_mp=Cidnb29nbGUubWFwcy5wbGFjZXMudjEuUGxhY2VzLlNlYXJjaFRleHQQABgEIAA","Spuistraat 217, 1012 RN Amsterdam, Netherlands","52.371586799999996","4.8895102999999995","Monday: 8:30 AM - 5:00 PM
Tuesday: 8:30 AM - 5:00 PM
Wednesday: 8:30 AM - 5:00 PM
Thursday: 8:30 AM - 5:00 PM
Friday: 8:30 AM - 5:00 PM
Saturday: 9:00 AM - 5:30 PM
Sunday: 9:00 AM - 5:30 PM","2025-08-13T15:00:00Z","17.0","1"
"Kafenion Amsterdam","4.9","3042","cafe","https://maps.google.com/?cid=13799867098777125081&g_mp=Cidnb29nbGUubWFwcy5wbGFjZXMudjEuUGxhY2VzLlNlYXJjaFRleHQQABgEIAA","Bloemgracht 49, 1016 KD Amsterdam, Netherlands","52.374677","4.8813721999999995","Monday: 8:00 AM - 7:00 PM
Tuesday: 8:00 AM - 7:00 PM
Wednesday: 8:00 AM - 7:00 PM
Thursday: 8:00 AM - 7:00 PM
Friday: 8:00 AM - 7:00 PM
Saturday: 9:00 AM - 7:30 PM
Sunday: 9:00 AM - 7:30 PM","2025-08-13T17:00:00Z","19.0","1"
"The Rookies Coffeeshop","4.6","2888","store","https://maps.google.com/?cid=16958853103162366491&g_mp=Cidnb29nbGUubWFwcy5wbGFjZXMudjEuUGxhY2VzLlNlYXJjaFRleHQQABgEIAA","Korte Leidsedwarsstraat 145-147, 1017 PZ Amsterdam, Netherlands","52.362981999999995","4.8853089999999995","Monday: 8:30 AM - 1:00 AM
Tuesday: 8:30 AM - 1:00 AM
Wednesday: 8:30 AM - 1:00 AM
Thursday: 8:30 AM - 1:00 AM
Friday: 8:30 AM - 1:00 AM
Saturday: 8:30 AM - 1:00 AM
Sunday: 8:30 AM - 1:00 AM","2025-08-13T23:00:00Z","1.0","0"
"Kaldi koffie & thee Amsterdam Herengracht","4.7","398","food_store","https://maps.google.com/?cid=10305850915157660175&g_mp=Cidnb29nbGUubWFwcy5wbGFjZXMudjEuUGxhY2VzLlNlYXJjaFRleHQQABgEIAA","Herengracht 300, 1016 CD Amsterdam, Netherlands","52.3702334","4.886512499999999","Monday: 8:30 AM - 5:30 PM
Tuesday: 8:30 AM - 5:30 PM
Wednesday: 8:30 AM - 5:30 PM
Thursday: 8:30 AM - 5:30 PM
Friday: 8:30 AM - 6:00 PM
Saturday: 10:00 AM - 6:00 PM
Sunday: 10:00 AM - 5:00 PM","2025-08-13T15:30:00Z","17.0","1"
"Coffee & Cakes","4.6","1140","coffee_shop","https://maps.google.com/?cid=9808674227877766445&g_mp=Cidnb29nbGUubWFwcy5wbGFjZXMudjEuUGxhY2VzLlNlYXJjaFRleHQQABgEIAA","Warmoesstraat 133, 1012 JB Amsterdam, Netherlands","52.3738628","4.896120799999999","Monday: 8:00 AM - 10:00 PM
Tuesday: 8:00 AM - 10:00 PM
Wednesday: 8:00 AM - 10:00 PM
Thursday: 8:00 AM - 10:00 PM
Friday: 8:00 AM - 10:00 PM
Saturday: 8:00 AM - 10:00 PM
Sunday: 8:00 AM - 10:00 PM","2025-08-13T20:00:00Z","22.0","1"
"LOT61 Coffee Roasters","4.6","1930","food_store","https://maps.google.com/?cid=15526938402491586985&g_mp=Cidnb29nbGUubWFwcy5wbGFjZXMudjEuUGxhY2VzLlNlYXJjaFRleHQQABgEIAA","Kinkerstraat 112, 1053 ED Amsterdam, Netherlands","52.3668272","4.870314","Monday: 8:00 AM - 6:00 PM
Tuesday: 8:00 AM - 6:00 PM
Wednesday: 8:00 AM - 6:00 PM
Thursday: 8:00 AM - 6:00 PM
Friday: 8:00 AM - 6:00 PM
Saturday: 9:00 AM - 6:00 PM
Sunday: 9:00 AM - 6:00 PM","2025-08-13T16:00:00Z","18.0","1"
"Coffee Culture Center","4.7","247","cafe","https://maps.google.com/?cid=18015170024222015084&g_mp=Cidnb29nbGUubWFwcy5wbGFjZXMudjEuUGxhY2VzLlNlYXJjaFRleHQQABgEIAA","Nieuwezijds Voorburgwal 133, 1012 RJ Amsterdam, Netherlands","52.3740825","4.891312999999999","Monday: 10:00 AM - 5:00 PM
Tuesday: 10:00 AM - 5:00 PM
Wednesday: 10:00 AM - 5:00 PM
Thursday: 10:00 AM - 5:00 PM
Friday: 10:00 AM - 5:00 PM
Saturday: 9:00 AM - 5:00 PM
Sunday: 10:00 AM - 5:00 PM","2025-08-13T15:00:00Z","17.0","1"
"Café Magari • Coffee • Matcha • Cake • Wi-Fi","4.8","428","coffee_shop","https://maps.google.com/?cid=16159108078698918581&g_mp=Cidnb29nbGUubWFwcy5wbGFjZXMudjEuUGxhY2VzLlNlYXJjaFRleHQQABgEIAA","Singel 379A, 1012 WL Amsterdam, Netherlands","52.3689865","4.8883166","Monday: 8:00 AM - 9:00 PM
Tuesday: 8:00 AM - 6:00 PM
Wednesday: 8:00 AM - 9:00 PM
Thursday: 8:00 AM - 9:00 PM
Friday: 8:00 AM - 9:00 PM
Saturday: 9:00 AM - 9:00 PM
Sunday: 9:00 AM - 9:00 PM","2025-08-13T19:00:00Z","21.0","1"
"Coffeeshop The Greenhouse Effect Amsterdam","4.4","3492","","https://maps.google.com/?cid=13751898002963946213&g_mp=Cidnb29nbGUubWFwcy5wbGFjZXMudjEuUGxhY2VzLlNlYXJjaFRleHQQABgEIAA","Nieuwmarkt 14, 1012 CR Amsterdam, Netherlands","52.372849","4.899859","Monday: 8:00 AM - 1:00 AM
Tuesday: 8:00 AM - 1:00 AM
Wednesday: 8:00 AM - 1:00 AM
Thursday: 8:00 AM - 1:00 AM
Friday: 8:00 AM - 1:00 AM
Saturday: 8:00 AM - 1:00 AM
Sunday: 8:00 AM - 1:00 AM","2025-08-13T23:00:00Z","1.0","0"
"Haku Specialty Coffee","4.8","329","food_store","https://maps.google.com/?cid=6154733505273622538&g_mp=Cidnb29nbGUubWFwcy5wbGFjZXMudjEuUGxhY2VzLlNlYXJjaFRleHQQABgEIAA","Rozengracht 69, 1016 LT Amsterdam, Netherlands","52.373287999999995","4.880800499999999","Monday: 8:00 AM - 5:00 PM
Tuesday: 8:00 AM - 5:00 PM
Wednesday: 8:00 AM - 5:00 PM
Thursday: 8:00 AM - 5:00 PM
Friday: 8:00 AM - 5:00 PM
Saturday: 9:00 AM - 6:00 PM
Sunday: 9:00 AM - 6:00 PM","2025-08-13T15:00:00Z","17.0","1"
"Wandu Amsterdam","4.5","297","coffee_shop","https://maps.google.com/?cid=9430587355522644994&g_mp=Cidnb29nbGUubWFwcy5wbGFjZXMudjEuUGxhY2VzLlNlYXJjaFRleHQQABgEIAA","Lauriergracht 71 H, 1016 RH Amsterdam, Netherlands","52.3709293","4.8796324","Monday: 9:00 AM - 5:00 PM
Tuesday: 8:30 AM - 5:00 PM
Wednesday: 8:30 AM - 5:00 PM
Thursday: 8:30 AM - 5:00 PM
Friday: 8:30 AM - 5:00 PM
Saturday: 9:00 AM - 5:00 PM
Sunday: 10:00 AM - 5:00 PM","2025-08-13T15:00:00Z","17.0","1"
"Luuk's Coffee Noordermarkt","4.8","882","coffee_shop","https://maps.google.com/?cid=11045848961108365584&g_mp=Cidnb29nbGUubWFwcy5wbGFjZXMudjEuUGxhY2VzLlNlYXJjaFRleHQQABgEIAA","Westerstraat 3, 1015 LT Amsterdam, Netherlands","52.378763899999996","4.8862575","Monday: 7:30 AM - 4:30 PM
Tuesday: 7:30 AM - 4:30 PM
Wednesday: 7:30 AM - 4:30 PM
Thursday: 7:30 AM - 4:30 PM
Friday: 7:30 AM - 4:30 PM
Saturday: 8:00 AM - 5:00 PM
Sunday: 9:00 AM - 5:00 PM","2025-08-13T14:30:00Z","16.0","1"
"Prix d'Ami.","4.4","10049","store","https://maps.google.com/?cid=6838805495389945681&g_mp=Cidnb29nbGUubWFwcy5wbGFjZXMudjEuUGxhY2VzLlNlYXJjaFRleHQQABgEIAA","Haringpakkerssteeg 3, 1012 LR Amsterdam, Netherlands","52.3768702","4.897145699999999","Monday: 7:00 AM - 1:00 AM
Tuesday: 7:00 AM - 1:00 AM
Wednesday: 7:00 AM - 1:00 AM
Thursday: 7:00 AM - 1:00 AM
Friday: 7:00 AM - 1:00 AM
Saturday: 7:00 AM - 1:00 AM
Sunday: 7:00 AM - 1:00 AM","2025-08-13T23:00:00Z","1.0","0"
"Barney's Coffeeshop Amsterdam THC Cannabis Dispensary","4.6","4783","store","https://maps.google.com/?cid=16644677838783126486&g_mp=Cidnb29nbGUubWFwcy5wbGFjZXMudjEuUGxhY2VzLlNlYXJjaFRleHQQABgEIAA","Haarlemmerstraat 102, 1013 EW Amsterdam, Netherlands","52.3806892","4.8908553","Monday: 9:00 AM - 1:00 AM
Tuesday: 9:00 AM - 1:00 AM
Wednesday: 9:00 AM - 1:00 AM
Thursday: 9:00 AM - 1:00 AM
Friday: 9:00 AM - 1:00 AM
Saturday: 9:00 AM - 1:00 AM
Sunday: 9:00 AM - 1:00 AM","2025-08-13T23:00:00Z","1.0","0"
"Quartier Putain","4.4","1178","breakfast_restaurant","https://maps.google.com/?cid=2297549056591729758&g_mp=Cidnb29nbGUubWFwcy5wbGFjZXMudjEuUGxhY2VzLlNlYXJjaFRleHQQABgEIAA","Oudekerksplein 4, 1012 GZ Amsterdam, Netherlands","52.374611699999996","4.898705","Monday: 8:00 AM - 6:00 PM
Tuesday: 8:00 AM - 6:00 PM
Wednesday: 8:00 AM - 6:00 PM
Thursday: 8:00 AM - 6:00 PM
Friday: 8:00 AM - 12:00 AM
Saturday: 9:00 AM - 12:00 AM
Sunday: 9:00 AM - 6:00 PM","2025-08-13T16:00:00Z","18.0","1"
"Coffeeshop Siberië","4.7","1958","store","https://maps.google.com/?cid=11653184681306962218&g_mp=Cidnb29nbGUubWFwcy5wbGFjZXMudjEuUGxhY2VzLlNlYXJjaFRleHQQABgEIAA","Brouwersgracht 11, 1015 GA Amsterdam, Netherlands","52.3788926","4.892991","Monday: 9:00 AM - 12:00 AM
Tuesday: 9:00 AM - 12:00 AM
Wednesday: 9:00 AM - 12:00 AM
Thursday: 9:00 AM - 12:00 AM
Friday: 9:00 AM - 12:00 AM
Saturday: 9:00 AM - 12:00 AM
Sunday: 9:00 AM - 12:00 AM","2025-08-13T22:00:00Z","0.0","0"
"illy Caffè","4.3","1787","coffee_shop","https://maps.google.com/?cid=8133513117487304981&g_mp=Cidnb29nbGUubWFwcy5wbGFjZXMudjEuUGxhY2VzLlNlYXJjaFRleHQQABgEIAA","Hasselaerssteeg 4, 1012 MB Amsterdam, Netherlands","52.377486","4.897479","Monday: 8:00 AM - 6:00 PM
Tuesday: 8:00 AM - 6:00 PM
Wednesday: 8:00 AM - 6:00 PM
Thursday: 8:00 AM - 6:00 PM
Friday: 8:00 AM - 6:00 PM
Saturday: 8:00 AM - 6:00 PM
Sunday: 9:00 AM - 6:00 PM","2025-08-13T16:00:00Z","18.0","1"
"Coffee & Cakes.","4.4","943","coffee_shop","https://maps.google.com/?cid=12887066011726907892&g_mp=Cidnb29nbGUubWFwcy5wbGFjZXMudjEuUGxhY2VzLlNlYXJjaFRleHQQABgEIAA","Sint Luciënsteeg 21, 1012 PM Amsterdam, Netherlands","52.3706508","4.8910036","Monday: 10:00 AM - 7:00 PM
Tuesday: 10:00 AM - 7:00 PM
Wednesday: 10:00 AM - 7:00 PM
Thursday: 10:00 AM - 7:00 PM
Friday: 10:00 AM - 8:00 PM
Saturday: 10:00 AM - 8:00 PM
Sunday: 10:00 AM - 8:00 PM","2025-08-13T17:00:00Z","19.0","1"
"Coffeeshop Relax | Amsterdam Centrum","4.7","692","store","https://maps.google.com/?cid=12392756335133000111&g_mp=Cidnb29nbGUubWFwcy5wbGFjZXMudjEuUGxhY2VzLlNlYXJjaFRleHQQABgEIAA","Binnen Oranjestraat 9, 1013 HZ Amsterdam, Netherlands","52.3821959","4.8871458","Monday: 8:00 AM - 1:00 AM
Tuesday: 8:00 AM - 1:00 AM
Wednesday: 8:00 AM - 1:00 AM
Thursday: 8:00 AM - 1:00 AM
Friday: 8:00 AM - 1:00 AM
Saturday: 8:00 AM - 1:00 AM
Sunday: 8:00 AM - 1:00 AM","2025-08-13T23:00:00Z","1.0","0"
"Alpha coffee Amsterdam","4.9","192","coffee_shop","https://maps.google.com/?cid=4986897687822909375&g_mp=Cidnb29nbGUubWFwcy5wbGFjZXMudjEuUGxhY2VzLlNlYXJjaFRleHQQABgEIAA","Amstel 47, 1011 PW Amsterdam, Netherlands","52.3662631","4.9018763","Monday: 9:00 AM - 6:00 PM
Tuesday: 9:00 AM - 6:00 PM
Wednesday: 9:00 AM - 6:00 PM
Thursday: 9:00 AM - 6:00 PM
Friday: 9:00 AM - 6:00 PM
Saturday: 9:30 AM - 6:00 PM
Sunday: 9:30 AM - 6:00 PM","2025-08-13T16:00:00Z","18.0","1"
"Sango Specialty Coffee Roasters","4.7","986","","https://maps.google.com/?cid=8425108917556132359&g_mp=Cidnb29nbGUubWFwcy5wbGFjZXMudjEuUGxhY2VzLlNlYXJjaFRleHQQABgEIAA","Stromarkt 15, 1012 MZ Amsterdam, Netherlands","52.3785368","4.8945098","Monday: 8:30 AM - 4:00 PM
Tuesday: 8:30 AM - 4:00 PM
Wednesday: 8:30 AM - 4:00 PM
Thursday: 8:30 AM - 4:00 PM
Friday: 8:30 AM - 4:00 PM
Saturday: 8:30 AM - 4:00 PM
Sunday: 9:00 AM - 4:00 PM","2025-08-13T14:00:00Z","16.0","1"
"Starbucks","3.8","1271","coffee_shop","https://maps.google.com/?cid=8362704336356106188&g_mp=Cidnb29nbGUubWFwcy5wbGFjZXMudjEuUGxhY2VzLlNlYXJjaFRleHQQABgEIAA","Stationsplein 17C, 1012 AB Amsterdam, Netherlands","52.3784104","4.9006577","Monday: 7:00 AM - 7:00 PM
Tuesday: 7:00 AM - 7:00 PM
Wednesday: 7:00 AM - 7:00 PM
Thursday: 7:00 AM - 7:00 PM
Friday: 7:00 AM - 7:00 PM
Saturday: 8:00 AM - 6:00 PM
Sunday: 8:00 AM - 6:00 PM","2025-08-13T17:00:00Z","19.0","1"
"Cafe De Pels","4.5","514","cafe","https://maps.google.com/?cid=17371220662127304208&g_mp=Cidnb29nbGUubWFwcy5wbGFjZXMudjEuUGxhY2VzLlNlYXJjaFRleHQQABgEIAA","Huidenstraat 25, 1016 ER Amsterdam, Netherlands","52.368755","4.885263","Monday: 9:00 AM - 1:00 AM
Tuesday: 9:00 AM - 1:00 AM
Wednesday: 9:00 AM - 1:00 AM
Thursday: 9:00 AM - 1:00 AM
Friday: 9:00 AM - 2:00 AM
Saturday: 9:00 AM - 2:00 AM
Sunday: 9:00 AM - 1:00 AM","2025-08-13T23:00:00Z","1.0","0"
"Café Emmelot","3.9","1366","bar","https://maps.google.com/?cid=591391469637045184&g_mp=Cidnb29nbGUubWFwcy5wbGFjZXMudjEuUGxhY2VzLlNlYXJjaFRleHQQABgEIAA","Oudezijds Voorburgwal 52, 1012 GE Amsterdam, Netherlands","52.374788699999996","4.899060899999999","Monday: 10:00 AM - 1:00 AM
Tuesday: 10:00 AM - 1:00 AM
Wednesday: 10:00 AM - 1:00 AM
Thursday: 10:00 AM - 1:00 AM
Friday: 10:00 AM - 2:00 AM
Saturday: 10:00 AM - 2:00 AM
Sunday: 10:00 AM - 1:00 AM","2025-08-13T23:00:00Z","1.0","0"
"GoodNews Haarlemmerstraat","5.0","12","coffee_shop","https://maps.google.com/?cid=9809500782866349117&g_mp=Cidnb29nbGUubWFwcy5wbGFjZXMudjEuUGxhY2VzLlNlYXJjaFRleHQQABgEIAA","Haarlemmerstraat 56C, 1013 ES Amsterdam, Netherlands","52.380198899999996","4.8924804","Monday: 7:30 AM - 7:30 PM
Tuesday: 7:30 AM - 7:30 PM
Wednesday: 7:30 AM - 7:30 PM
Thursday: 7:30 AM - 7:30 PM
Friday: 7:30 AM - 7:30 PM
Saturday: 7:30 AM - 7:30 PM
Sunday: 7:30 AM - 7:30 PM","2025-08-13T17:30:00Z","19.0","1"
"Green Place","4.3","1285","store","https://maps.google.com/?cid=14378538325403784578&g_mp=Cidnb29nbGUubWFwcy5wbGFjZXMudjEuUGxhY2VzLlNlYXJjaFRleHQQABgEIAA","Kloveniersburgwal 4, 1012 CT Amsterdam, Netherlands","52.3721177","4.8992756","Monday: 8:00 AM - 1:00 AM
Tuesday: 8:00 AM - 1:00 AM
Wednesday: 8:00 AM - 1:00 AM
Thursday: 8:00 AM - 1:00 AM
Friday: 8:00 AM - 1:00 AM
Saturday: 8:00 AM - 1:00 AM
Sunday: 8:00 AM - 1:00 AM","2025-08-13T23:00:00Z","1.0","0"
"Coffeeshop Amsterdam","4.5","2292","store","https://maps.google.com/?cid=18172252392115299358&g_mp=Cidnb29nbGUubWFwcy5wbGFjZXMudjEuUGxhY2VzLlNlYXJjaFRleHQQABgEIAA","Haarlemmerstraat 44, 1013 ES Amsterdam, Netherlands","52.3800848","4.8929082","Monday: 8:00 AM - 1:00 AM
Tuesday: 8:00 AM - 1:00 AM
Wednesday: 8:00 AM - 1:00 AM
Thursday: 8:00 AM - 1:00 AM
Friday: 8:00 AM - 1:00 AM
Saturday: 8:00 AM - 1:00 AM
Sunday: 8:00 AM - 1:00 AM","2025-08-13T23:00:00Z","1.0","0"
"Café Zeepost (Schele Greet)","4.4","140","cafe","https://maps.google.com/?cid=4946997363518632641&g_mp=Cidnb29nbGUubWFwcy5wbGFjZXMudjEuUGxhY2VzLlNlYXJjaFRleHQQABgEIAA","Prins Hendrikkade 88, 1012 AE Amsterdam, Netherlands","52.376784099999995","4.9019273","Monday: 1:00 PM - 1:00 AM
Tuesday: 11:00 AM - 1:00 AM
Wednesday: 11:00 AM - 1:00 AM
Thursday: 11:00 AM - 1:00 AM
Friday: 11:00 AM - 3:00 AM
Saturday: 11:00 AM - 3:00 AM
Sunday: 11:00 AM - 1:00 AM","2025-08-13T23:00:00Z","1.0","0"
"STARBUCKS","3.9","4908","coffee_shop","https://maps.google.com/?cid=9343907485348717004&g_mp=Cidnb29nbGUubWFwcy5wbGFjZXMudjEuUGxhY2VzLlNlYXJjaFRleHQQABgEIAA","Damrak 80-81, 1012 LN Amsterdam, Netherlands","52.374289999999995","4.894307","Monday: 6:30 AM - 11:00 PM
Tuesday: 6:30 AM - 11:00 PM
Wednesday: 6:30 AM - 11:00 PM
Thursday: 6:30 AM - 11:00 PM
Friday: 6:30 AM - 12:00 AM
Saturday: 6:30 AM - 12:00 AM
Sunday: 6:30 AM - 11:00 PM","2025-08-13T21:00:00Z","23.0","0"
"Coffeeshop La Tertulia","4.5","884","store","https://maps.google.com/?cid=18115952138417670872&g_mp=Cidnb29nbGUubWFwcy5wbGFjZXMudjEuUGxhY2VzLlNlYXJjaFRleHQQABgEIAA","Prinsengracht 312, 1016 HX Amsterdam, Netherlands","52.3694808","4.8822851","Monday: Closed
Tuesday: 11:00 AM - 7:00 PM
Wednesday: 11:00 AM - 7:00 PM
Thursday: 11:00 AM - 7:00 PM
Friday: 11:00 AM - 7:00 PM
Saturday: 11:00 AM - 7:00 PM
Sunday: Closed","2025-08-13T17:00:00Z","19.0","1"
"Back to Black","4.7","1719","","https://maps.google.com/?cid=10287456413340688134&g_mp=Cidnb29nbGUubWFwcy5wbGFjZXMudjEuUGxhY2VzLlNlYXJjaFRleHQQABgEIAA","Weteringstraat 48, 1017 RN Amsterdam, Netherlands","52.361076999999995","4.888494","Monday: 8:00 AM - 6:00 PM
Tuesday: 8:00 AM - 6:00 PM
Wednesday: 8:00 AM - 6:00 PM
Thursday: 8:00 AM - 6:00 PM
Friday: 8:00 AM - 6:00 PM
Saturday: 9:00 AM - 6:00 PM
Sunday: 9:00 AM - 6:00 PM","2025-08-13T16:00:00Z","18.0","1"
"Coffee & Bites","4.6","656","breakfast_restaurant","https://maps.google.com/?cid=5284912426198355488&g_mp=Cidnb29nbGUubWFwcy5wbGFjZXMudjEuUGxhY2VzLlNlYXJjaFRleHQQABgEIAA","Plantage Middenlaan 44-HS, 1018 DH Amsterdam, Netherlands","52.365945499999995","4.9125043999999995","Monday: 8:30 AM - 4:00 PM
Tuesday: 8:30 AM - 4:00 PM
Wednesday: 8:30 AM - 4:00 PM
Thursday: 8:30 AM - 4:00 PM
Friday: 8:30 AM - 4:00 PM
Saturday: 8:30 AM - 4:00 PM
Sunday: 8:30 AM - 4:00 PM","2025-08-13T14:00:00Z","16.0","1"
"Coffeeshop Voyagers","4.2","353","store","https://maps.google.com/?cid=13462733277197075119&g_mp=Cidnb29nbGUubWFwcy5wbGFjZXMudjEuUGxhY2VzLlNlYXJjaFRleHQQABgEIAA","Geldersekade 2HS, 1012 BH Amsterdam, Netherlands","52.3763791","4.902004","Monday: 8:00 AM - 1:00 AM
Tuesday: 8:00 AM - 1:00 AM
Wednesday: 8:00 AM - 1:00 AM
Thursday: 8:00 AM - 1:00 AM
Friday: 8:00 AM - 1:00 AM
Saturday: 8:00 AM - 1:00 AM
Sunday: 8:00 AM - 1:00 AM","2025-08-13T23:00:00Z","1.0","0"
"Coffeeshopamsterdam Café","4.6","1069","coffee_shop","https://maps.google.com/?cid=515847854484118816&g_mp=Cidnb29nbGUubWFwcy5wbGFjZXMudjEuUGxhY2VzLlNlYXJjaFRleHQQABgEIAA","Singel 8, 1013 GA Amsterdam, Netherlands","52.379163999999996","4.893925299999999","Monday: 10:00 AM - 1:00 AM
Tuesday: 10:00 AM - 1:00 AM
Wednesday: 10:00 AM - 1:00 AM
Thursday: 10:00 AM - 1:00 AM
Friday: 10:00 AM - 1:00 AM
Saturday: 10:00 AM - 1:00 AM
Sunday: 10:00 AM - 1:00 AM","2025-08-13T23:00:00Z","1.0","0"
"Carstens Cafe","4.4","413","cafe","https://maps.google.com/?cid=3146478422051242019&g_mp=Cidnb29nbGUubWFwcy5wbGFjZXMudjEuUGxhY2VzLlNlYXJjaFRleHQQABgEIAA","Prins Hendrikkade 34-35, 1012 TM Amsterdam, Netherlands","52.3775329","4.8973922","Monday: 9:00 AM - 5:00 PM
Tuesday: 9:00 AM - 5:00 PM
Wednesday: 9:00 AM - 5:00 PM
Thursday: 9:00 AM - 5:00 PM
Friday: 9:00 AM - 5:00 PM
Saturday: 9:00 AM - 5:00 PM
Sunday: 9:00 AM - 5:00 PM","2025-08-13T15:00:00Z","17.0","1"
"Abraxas","4.6","5674","store","https://maps.google.com/?cid=566715139965854026&g_mp=Cidnb29nbGUubWFwcy5wbGFjZXMudjEuUGxhY2VzLlNlYXJjaFRleHQQABgEIAA","Jonge Roelensteeg 12-14, 1012 PL Amsterdam, Netherlands","52.3721009","4.8912195999999994","Monday: 9:30 AM - 1:00 AM
Tuesday: 9:30 AM - 1:00 AM
Wednesday: 9:30 AM - 1:00 AM
Thursday: 9:30 AM - 1:00 AM
Friday: 9:30 AM - 1:00 AM
Saturday: 9:30 AM - 1:00 AM
Sunday: 9:30 AM - 1:00 AM","2025-08-13T23:00:00Z","1.0","0"
"De Kroon Coffeeshop Amsterdam","4.6","1828","store","https://maps.google.com/?cid=2472012917864741574&g_mp=Cidnb29nbGUubWFwcy5wbGFjZXMudjEuUGxhY2VzLlNlYXJjaFRleHQQABgEIAA","Oudebrugsteeg 26, 1012 JP Amsterdam, Netherlands","52.3759993","4.8960146","Monday: 7:00 AM - 1:00 AM
Tuesday: 7:00 AM - 1:00 AM
Wednesday: 7:00 AM - 1:00 AM
Thursday: 7:00 AM - 1:00 AM
Friday: 7:00 AM - 1:00 AM
Saturday: 7:00 AM - 1:00 AM
Sunday: 7:00 AM - 1:00 AM","2025-08-13T23:00:00Z","1.0","0"
"de koffiesalon spui","4.3","1187","coffee_shop","https://maps.google.com/?cid=1116871452306062634&g_mp=Cidnb29nbGUubWFwcy5wbGFjZXMudjEuUGxhY2VzLlNlYXJjaFRleHQQABgEIAA","Spuistraat 281, 1012 VR Amsterdam, Netherlands","52.3695824","4.8890002","Monday: 7:00 AM - 7:00 PM
Tuesday: 7:00 AM - 7:00 PM
Wednesday: 7:00 AM - 7:00 PM
Thursday: 7:00 AM - 7:00 PM
Friday: 7:00 AM - 7:00 PM
Saturday: 7:00 AM - 7:00 PM
Sunday: 7:00 AM - 7:00 PM","2025-08-13T17:00:00Z","19.0","1"
"Stone's Café","4.3","175","cafe","https://maps.google.com/?cid=6365554043050432100&g_mp=Cidnb29nbGUubWFwcy5wbGFjZXMudjEuUGxhY2VzLlNlYXJjaFRleHQQABgEIAA","Warmoesstraat 91, 1012 HZ Amsterdam, Netherlands","52.3746012","4.8971979999999995","Monday: 10:00 AM - 1:00 AM
Tuesday: 10:00 AM - 1:00 AM
Wednesday: 10:00 AM - 1:00 AM
Thursday: 10:00 AM - 1:00 AM
Friday: 10:00 AM - 3:00 AM
Saturday: 10:00 AM - 3:00 AM
Sunday: 10:00 AM - 1:00 AM","2025-08-13T23:00:00Z","1.0","0"
"Coffee gallery","4.3","46","coffee_shop","https://maps.google.com/?cid=17821040503290335270&g_mp=Cidnb29nbGUubWFwcy5wbGFjZXMudjEuUGxhY2VzLlNlYXJjaFRleHQQABgEIAA","Nieuwendijk 185, 1012 MG Amsterdam, Netherlands","52.3748618","4.8942647","","","","1"
"Coffeeshop Get Down","4.4","1608","store","https://maps.google.com/?cid=14488763558202109286&g_mp=Cidnb29nbGUubWFwcy5wbGFjZXMudjEuUGxhY2VzLlNlYXJjaFRleHQQABgEIAA","Korte Leidsedwarsstraat 77, 1017 PW Amsterdam, Netherlands","52.36401","4.8838","Monday: 9:30 AM - 1:00 AM
Tuesday: 9:30 AM - 1:00 AM
Wednesday: 9:30 AM - 1:00 AM
Thursday: 9:30 AM - 1:00 AM
Friday: 9:30 AM - 1:00 AM
Saturday: 9:30 AM - 1:00 AM
Sunday: 9:30 AM - 1:00 AM","2025-08-13T23:00:00Z","1.0","0"
"Toki","4.5","1148","coffee_shop","https://maps.google.com/?cid=291165814650215684&g_mp=Cidnb29nbGUubWFwcy5wbGFjZXMudjEuUGxhY2VzLlNlYXJjaFRleHQQABgEIAA","Binnen Dommersstraat 15, 1013 HK Amsterdam, Netherlands","52.3829109","4.885517500000001","Monday: 8:00 AM - 5:00 PM
Tuesday: 8:00 AM - 5:00 PM
Wednesday: 8:00 AM - 5:00 PM
Thursday: 8:00 AM - 5:00 PM
Friday: 8:00 AM - 5:00 PM
Saturday: 9:00 AM - 5:00 PM
Sunday: 9:00 AM - 5:00 PM","2025-08-13T15:00:00Z","17.0","1"
"Toastable Nieuwendijk","4.7","1305","restaurant","https://maps.google.com/?cid=13389822119055105011&g_mp=Cidnb29nbGUubWFwcy5wbGFjZXMudjEuUGxhY2VzLlNlYXJjaFRleHQQABgEIAA","Nieuwendijk 6, 1012 MK Amsterdam, Netherlands","52.3787714","4.894698399999999","Monday: 9:00 AM - 5:00 PM
Tuesday: 9:00 AM - 5:00 PM
Wednesday: 9:00 AM - 5:00 PM
Thursday: 9:00 AM - 5:00 PM
Friday: 9:00 AM - 5:00 PM
Saturday: 9:00 AM - 5:00 PM
Sunday: 9:00 AM - 5:00 PM","2025-08-13T15:00:00Z","17.0","1"
"Moods Coffee Corner","4.7","798","breakfast_restaurant","https://maps.google.com/?cid=16500492570205299249&g_mp=Cidnb29nbGUubWFwcy5wbGFjZXMudjEuUGxhY2VzLlNlYXJjaFRleHQQABgEIAA","Lindengracht 249, 1015 KH Amsterdam, Netherlands","52.379482499999995","4.8806432","Monday: 8:00 AM - 3:00 PM
Tuesday: 8:00 AM - 3:00 PM
Wednesday: 8:00 AM - 3:00 PM
Thursday: 8:00 AM - 3:00 PM
Friday: 8:00 AM - 3:00 PM
Saturday: 8:00 AM - 4:00 PM
Sunday: 9:00 AM - 3:00 PM","2025-08-13T13:00:00Z","15.0","1"
"coffeecompany","4.1","1755","coffee_shop","https://maps.google.com/?cid=13350948010606199250&g_mp=Cidnb29nbGUubWFwcy5wbGFjZXMudjEuUGxhY2VzLlNlYXJjaFRleHQQABgEIAA","11, Oude Doelenstraat, 1012 ED Amsterdam, Netherlands","52.371636099999996","4.8967306","Monday: 7:30 AM - 7:30 PM
Tuesday: 7:30 AM - 7:30 PM
Wednesday: 7:30 AM - 7:30 PM
Thursday: 7:30 AM - 7:30 PM
Friday: 7:30 AM - 8:30 PM
Saturday: 8:30 AM - 8:30 PM
Sunday: 8:30 AM - 7:30 PM","2025-08-13T17:30:00Z","19.0","1"
"Hagen Espresso Bar (Hagen Kleine Gartmanplantsoen)","4.9","102","coffee_shop","https://maps.google.com/?cid=2780747951265489092&g_mp=Cidnb29nbGUubWFwcy5wbGFjZXMudjEuUGxhY2VzLlNlYXJjaFRleHQQABgEIAA","Kleine-Gartmanplantsoen 28, 1017 RR Amsterdam, Netherlands","52.3625541","4.8835014999999995","Monday: 7:30 AM - 6:00 PM
Tuesday: 7:30 AM - 6:00 PM
Wednesday: 7:30 AM - 6:00 PM
Thursday: 7:30 AM - 6:00 PM
Friday: 7:30 AM - 6:00 PM
Saturday: 8:30 AM - 6:00 PM
Sunday: 8:30 AM - 6:00 PM","2025-08-13T16:00:00Z","18.0","1"
"Artista - Brunch & Specialty Coffee *By Day - Italian Dinner & Cocktails *By Night - Amsterdam Centrum","4.6","225","restaurant","https://maps.google.com/?cid=17550182011760793828&g_mp=Cidnb29nbGUubWFwcy5wbGFjZXMudjEuUGxhY2VzLlNlYXJjaFRleHQQABgEIAA","Nieuwezijds Kolk 12, 1012 PV Amsterdam, Netherlands","52.3763492","4.8947921","Monday: 9:00 AM - 11:00 PM
Tuesday: 9:00 AM - 11:00 PM
Wednesday: 9:00 AM - 11:00 PM
Thursday: 9:00 AM - 11:00 PM
Friday: 9:00 AM - 11:00 PM
Saturday: 9:00 AM - 11:00 PM
Sunday: 9:00 AM - 11:00 PM","2025-08-13T21:00:00Z","23.0","0"
"The Bulldog Mack","4.2","2879","cafe","https://maps.google.com/?cid=11995537173612307485&g_mp=Cidnb29nbGUubWFwcy5wbGFjZXMudjEuUGxhY2VzLlNlYXJjaFRleHQQABgEIAA","Oudezijds Voorburgwal 132, 1012 GH Amsterdam, Netherlands","52.3732681","4.8971443","Monday: 9:00 AM - 1:00 AM
Tuesday: 9:00 AM - 1:00 AM
Wednesday: 9:00 AM - 1:00 AM
Thursday: 9:00 AM - 1:00 AM
Friday: 9:00 AM - 2:00 AM
Saturday: 9:00 AM - 2:00 AM
Sunday: 9:00 AM - 1:00 AM","2025-08-13T23:00:00Z","1.0","0"
"Luuk's Coffee Vijzelgracht","4.7","285","coffee_shop","https://maps.google.com/?cid=4240338882888545458&g_mp=Cidnb29nbGUubWFwcy5wbGFjZXMudjEuUGxhY2VzLlNlYXJjaFRleHQQABgEIAA","Vijzelgracht 49, 1017 HP Amsterdam, Netherlands","52.360563500000005","4.8914177","Monday: 7:30 AM - 4:30 PM
Tuesday: 7:30 AM - 4:30 PM
Wednesday: 7:30 AM - 4:30 PM
Thursday: 7:30 AM - 4:30 PM
Friday: 7:30 AM - 4:30 PM
Saturday: 8:30 AM - 5:00 PM
Sunday: 9:00 AM - 5:00 PM","2025-08-13T14:30:00Z","16.0","1"
"King's Cross","4.3","669","","https://maps.google.com/?cid=15243425509735925135&g_mp=Cidnb29nbGUubWFwcy5wbGFjZXMudjEuUGxhY2VzLlNlYXJjaFRleHQQABgEIAA","Warmoesstraat 95, 1012 HZ Amsterdam, Netherlands","52.3745288","4.8970813","Monday: 10:00 AM - 3:00 AM
Tuesday: 10:00 AM - 3:00 AM
Wednesday: 10:00 AM - 3:00 AM
Thursday: 10:00 AM - 3:00 AM
Friday: 10:00 AM - 4:00 AM
Saturday: 10:00 AM - 4:00 AM
Sunday: 10:00 AM - 3:00 AM","2025-08-14T01:00:00Z","3.0","0"
"The Greek Embassy - All Day Brunch & Specialty Coffee - Amsterdam Centrum","4.3","184","brunch_restaurant","https://maps.google.com/?cid=13830437391668563054&g_mp=Cidnb29nbGUubWFwcy5wbGFjZXMudjEuUGxhY2VzLlNlYXJjaFRleHQQABgEIAA","Spui 8, 1012 PB Amsterdam, Netherlands","52.3691308","4.8913775","Monday: 10:00 AM - 7:00 PM
Tuesday: 10:00 AM - 7:00 PM
Wednesday: 10:00 AM - 7:00 PM
Thursday: 10:00 AM - 7:00 PM
Friday: 10:00 AM - 7:00 PM
Saturday: 10:00 AM - 7:00 PM
Sunday: 10:00 AM - 7:00 PM","2025-08-13T17:00:00Z","19.0","1"
"Coffee & Bites","4.6","656","breakfast_restaurant","https://maps.google.com/?cid=5284912426198355488&g_mp=Cidnb29nbGUubWFwcy5wbGFjZXMudjEuUGxhY2VzLlNlYXJjaFRleHQQABgEIAA","Plantage Middenlaan 44-HS, 1018 DH Amsterdam, Netherlands","52.365945499999995","4.9125043999999995","Monday: 8:30 AM - 4:00 PM
Tuesday: 8:30 AM - 4:00 PM
Wednesday: 8:30 AM - 4:00 PM
Thursday: 8:30 AM - 4:00 PM
Friday: 8:30 AM - 4:00 PM
Saturday: 8:30 AM - 4:00 PM
Sunday: 8:30 AM - 4:00 PM","2025-08-13T14:00:00Z","16.0","1"
"Coffeeshop Voyagers","4.2","353","store","https://maps.google.com/?cid=13462733277197075119&g_mp=Cidnb29nbGUubWFwcy5wbGFjZXMudjEuUGxhY2VzLlNlYXJjaFRleHQQABgEIAA","Geldersekade 2HS, 1012 BH Amsterdam, Netherlands","52.3763791","4.902004","Monday: 8:00 AM - 1:00 AM
Tuesday: 8:00 AM - 1:00 AM
Wednesday: 8:00 AM - 1:00 AM
Thursday: 8:00 AM - 1:00 AM
Friday: 8:00 AM - 1:00 AM
Saturday: 8:00 AM - 1:00 AM
Sunday: 8:00 AM - 1:00 AM","2025-08-13T23:00:00Z","1.0","0"
"Coffeeshopamsterdam Café","4.6","1069","coffee_shop","https://maps.google.com/?cid=515847854484118816&g_mp=Cidnb29nbGUubWFwcy5wbGFjZXMudjEuUGxhY2VzLlNlYXJjaFRleHQQABgEIAA","Singel 8, 1013 GA Amsterdam, Netherlands","52.379163999999996","4.893925299999999","Monday: 10:00 AM - 1:00 AM
Tuesday: 10:00 AM - 1:00 AM
Wednesday: 10:00 AM - 1:00 AM
Thursday: 10:00 AM - 1:00 AM
Friday: 10:00 AM - 1:00 AM
Saturday: 10:00 AM - 1:00 AM
Sunday: 10:00 AM - 1:00 AM","2025-08-13T23:00:00Z","1.0","0"
"Carstens Cafe","4.4","413","cafe","https://maps.google.com/?cid=3146478422051242019&g_mp=Cidnb29nbGUubWFwcy5wbGFjZXMudjEuUGxhY2VzLlNlYXJjaFRleHQQABgEIAA","Prins Hendrikkade 34-35, 1012 TM Amsterdam, Netherlands","52.3775329","4.8973922","Monday: 9:00 AM - 5:00 PM
Tuesday: 9:00 AM - 5:00 PM
Wednesday: 9:00 AM - 5:00 PM
Thursday: 9:00 AM - 5:00 PM
Friday: 9:00 AM - 5:00 PM
Saturday: 9:00 AM - 5:00 PM
Sunday: 9:00 AM - 5:00 PM","2025-08-13T15:00:00Z","17.0","1"
"Abraxas","4.6","5674","store","https://maps.google.com/?cid=566715139965854026&g_mp=Cidnb29nbGUubWFwcy5wbGFjZXMudjEuUGxhY2VzLlNlYXJjaFRleHQQABgEIAA","Jonge Roelensteeg 12-14, 1012 PL Amsterdam, Netherlands","52.3721009","4.8912195999999994","Monday: 9:30 AM - 1:00 AM
Tuesday: 9:30 AM - 1:00 AM
Wednesday: 9:30 AM - 1:00 AM
Thursday: 9:30 AM - 1:00 AM
Friday: 9:30 AM - 1:00 AM
Saturday: 9:30 AM - 1:00 AM
Sunday: 9:30 AM - 1:00 AM","2025-08-13T23:00:00Z","1.0","0"
"De Kroon Coffeeshop Amsterdam","4.6","1828","store","https://maps.google.com/?cid=2472012917864741574&g_mp=Cidnb29nbGUubWFwcy5wbGFjZXMudjEuUGxhY2VzLlNlYXJjaFRleHQQABgEIAA","Oudebrugsteeg 26, 1012 JP Amsterdam, Netherlands","52.3759993","4.8960146","Monday: 7:00 AM - 1:00 AM
Tuesday: 7:00 AM - 1:00 AM
Wednesday: 7:00 AM - 1:00 AM
Thursday: 7:00 AM - 1:00 AM
Friday: 7:00 AM - 1:00 AM
Saturday: 7:00 AM - 1:00 AM
Sunday: 7:00 AM - 1:00 AM","2025-08-13T23:00:00Z","1.0","0"
"de koffiesalon spui","4.3","1187","coffee_shop","https://maps.google.com/?cid=1116871452306062634&g_mp=Cidnb29nbGUubWFwcy5wbGFjZXMudjEuUGxhY2VzLlNlYXJjaFRleHQQABgEIAA","Spuistraat 281, 1012 VR Amsterdam, Netherlands","52.3695824","4.8890002","Monday: 7:00 AM - 7:00 PM
Tuesday: 7:00 AM - 7:00 PM
Wednesday: 7:00 AM - 7:00 PM
Thursday: 7:00 AM - 7:00 PM
Friday: 7:00 AM - 7:00 PM
Saturday: 7:00 AM - 7:00 PM
Sunday: 7:00 AM - 7:00 PM","2025-08-13T17:00:00Z","19.0","1"
"Stone's Café","4.3","175","cafe","https://maps.google.com/?cid=6365554043050432100&g_mp=Cidnb29nbGUubWFwcy5wbGFjZXMudjEuUGxhY2VzLlNlYXJjaFRleHQQABgEIAA","Warmoesstraat 91, 1012 HZ Amsterdam, Netherlands","52.3746012","4.8971979999999995","Monday: 10:00 AM - 1:00 AM
Tuesday: 10:00 AM - 1:00 AM
Wednesday: 10:00 AM - 1:00 AM
Thursday: 10:00 AM - 1:00 AM
Friday: 10:00 AM - 3:00 AM
Saturday: 10:00 AM - 3:00 AM
Sunday: 10:00 AM - 1:00 AM","2025-08-13T23:00:00Z","1.0","0"
"Coffee gallery","4.3","46","coffee_shop","https://maps.google.com/?cid=17821040503290335270&g_mp=Cidnb29nbGUubWFwcy5wbGFjZXMudjEuUGxhY2VzLlNlYXJjaFRleHQQABgEIAA","Nieuwendijk 185, 1012 MG Amsterdam, Netherlands","52.3748618","4.8942647","","","","1"
"Coffeeshop Get Down","4.4","1608","store","https://maps.google.com/?cid=14488763558202109286&g_mp=Cidnb29nbGUubWFwcy5wbGFjZXMudjEuUGxhY2VzLlNlYXJjaFRleHQQABgEIAA","Korte Leidsedwarsstraat 77, 1017 PW Amsterdam, Netherlands","52.36401","4.8838","Monday: 9:30 AM - 1:00 AM
Tuesday: 9:30 AM - 1:00 AM
Wednesday: 9:30 AM - 1:00 AM
Thursday: 9:30 AM - 1:00 AM
Friday: 9:30 AM - 1:00 AM
Saturday: 9:30 AM - 1:00 AM
Sunday: 9:30 AM - 1:00 AM","2025-08-13T23:00:00Z","1.0","0"
"Toki","4.5","1148","coffee_shop","https://maps.google.com/?cid=291165814650215684&g_mp=Cidnb29nbGUubWFwcy5wbGFjZXMudjEuUGxhY2VzLlNlYXJjaFRleHQQABgEIAA","Binnen Dommersstraat 15, 1013 HK Amsterdam, Netherlands","52.3829109","4.885517500000001","Monday: 8:00 AM - 5:00 PM
Tuesday: 8:00 AM - 5:00 PM
Wednesday: 8:00 AM - 5:00 PM
Thursday: 8:00 AM - 5:00 PM
Friday: 8:00 AM - 5:00 PM
Saturday: 9:00 AM - 5:00 PM
Sunday: 9:00 AM - 5:00 PM","2025-08-13T15:00:00Z","17.0","1"
"Toastable Nieuwendijk","4.7","1305","restaurant","https://maps.google.com/?cid=13389822119055105011&g_mp=Cidnb29nbGUubWFwcy5wbGFjZXMudjEuUGxhY2VzLlNlYXJjaFRleHQQABgEIAA","Nieuwendijk 6, 1012 MK Amsterdam, Netherlands","52.3787714","4.894698399999999","Monday: 9:00 AM - 5:00 PM
Tuesday: 9:00 AM - 5:00 PM
Wednesday: 9:00 AM - 5:00 PM
Thursday: 9:00 AM - 5:00 PM
Friday: 9:00 AM - 5:00 PM
Saturday: 9:00 AM - 5:00 PM
Sunday: 9:00 AM - 5:00 PM","2025-08-13T15:00:00Z","17.0","1"
"Moods Coffee Corner","4.7","798","breakfast_restaurant","https://maps.google.com/?cid=16500492570205299249&g_mp=Cidnb29nbGUubWFwcy5wbGFjZXMudjEuUGxhY2VzLlNlYXJjaFRleHQQABgEIAA","Lindengracht 249, 1015 KH Amsterdam, Netherlands","52.379482499999995","4.8806432","Monday: 8:00 AM - 3:00 PM
Tuesday: 8:00 AM - 3:00 PM
Wednesday: 8:00 AM - 3:00 PM
Thursday: 8:00 AM - 3:00 PM
Friday: 8:00 AM - 3:00 PM
Saturday: 8:00 AM - 4:00 PM
Sunday: 9:00 AM - 3:00 PM","2025-08-13T13:00:00Z","15.0","1"
"coffeecompany","4.1","1755","coffee_shop","https://maps.google.com/?cid=13350948010606199250&g_mp=Cidnb29nbGUubWFwcy5wbGFjZXMudjEuUGxhY2VzLlNlYXJjaFRleHQQABgEIAA","11, Oude Doelenstraat, 1012 ED Amsterdam, Netherlands","52.371636099999996","4.8967306","Monday: 7:30 AM - 7:30 PM
Tuesday: 7:30 AM - 7:30 PM
Wednesday: 7:30 AM - 7:30 PM
Thursday: 7:30 AM - 7:30 PM
Friday: 7:30 AM - 8:30 PM
Saturday: 8:30 AM - 8:30 PM
Sunday: 8:30 AM - 7:30 PM","2025-08-13T17:30:00Z","19.0","1"
"Hagen Espresso Bar (Hagen Kleine Gartmanplantsoen)","4.9","102","coffee_shop","https://maps.google.com/?cid=2780747951265489092&g_mp=Cidnb29nbGUubWFwcy5wbGFjZXMudjEuUGxhY2VzLlNlYXJjaFRleHQQABgEIAA","Kleine-Gartmanplantsoen 28, 1017 RR Amsterdam, Netherlands","52.3625541","4.8835014999999995","Monday: 7:30 AM - 6:00 PM
Tuesday: 7:30 AM - 6:00 PM
Wednesday: 7:30 AM - 6:00 PM
Thursday: 7:30 AM - 6:00 PM
Friday: 7:30 AM - 6:00 PM
Saturday: 8:30 AM - 6:00 PM
Sunday: 8:30 AM - 6:00 PM","2025-08-13T16:00:00Z","18.0","1"
"Artista - Brunch & Specialty Coffee *By Day - Italian Dinner & Cocktails *By Night - Amsterdam Centrum","4.6","225","restaurant","https://maps.google.com/?cid=17550182011760793828&g_mp=Cidnb29nbGUubWFwcy5wbGFjZXMudjEuUGxhY2VzLlNlYXJjaFRleHQQABgEIAA","Nieuwezijds Kolk 12, 1012 PV Amsterdam, Netherlands","52.3763492","4.8947921","Monday: 9:00 AM - 11:00 PM
Tuesday: 9:00 AM - 11:00 PM
Wednesday: 9:00 AM - 11:00 PM
Thursday: 9:00 AM - 11:00 PM
Friday: 9:00 AM - 11:00 PM
Saturday: 9:00 AM - 11:00 PM
Sunday: 9:00 AM - 11:00 PM","2025-08-13T21:00:00Z","23.0","0"
"The Bulldog Mack","4.2","2879","cafe","https://maps.google.com/?cid=11995537173612307485&g_mp=Cidnb29nbGUubWFwcy5wbGFjZXMudjEuUGxhY2VzLlNlYXJjaFRleHQQABgEIAA","Oudezijds Voorburgwal 132, 1012 GH Amsterdam, Netherlands","52.3732681","4.8971443","Monday: 9:00 AM - 1:00 AM
Tuesday: 9:00 AM - 1:00 AM
Wednesday: 9:00 AM - 1:00 AM
Thursday: 9:00 AM - 1:00 AM
Friday: 9:00 AM - 2:00 AM
Saturday: 9:00 AM - 2:00 AM
Sunday: 9:00 AM - 1:00 AM","2025-08-13T23:00:00Z","1.0","0"
"Luuk's Coffee Vijzelgracht","4.7","285","coffee_shop","https://maps.google.com/?cid=4240338882888545458&g_mp=Cidnb29nbGUubWFwcy5wbGFjZXMudjEuUGxhY2VzLlNlYXJjaFRleHQQABgEIAA","Vijzelgracht 49, 1017 HP Amsterdam, Netherlands","52.360563500000005","4.8914177","Monday: 7:30 AM - 4:30 PM
Tuesday: 7:30 AM - 4:30 PM
Wednesday: 7:30 AM - 4:30 PM
Thursday: 7:30 AM - 4:30 PM
Friday: 7:30 AM - 4:30 PM
Saturday: 8:30 AM - 5:00 PM
Sunday: 9:00 AM - 5:00 PM","2025-08-13T14:30:00Z","16.0","1"
"King's Cross","4.3","669","","https://maps.google.com/?cid=15243425509735925135&g_mp=Cidnb29nbGUubWFwcy5wbGFjZXMudjEuUGxhY2VzLlNlYXJjaFRleHQQABgEIAA","Warmoesstraat 95, 1012 HZ Amsterdam, Netherlands","52.3745288","4.8970813","Monday: 10:00 AM - 3:00 AM
Tuesday: 10:00 AM - 3:00 AM
Wednesday: 10:00 AM - 3:00 AM
Thursday: 10:00 AM - 3:00 AM
Friday: 10:00 AM - 4:00 AM
Saturday: 10:00 AM - 4:00 AM
Sunday: 10:00 AM - 3:00 AM","2025-08-14T01:00:00Z","3.0","0"
"The Greek Embassy - All Day Brunch & Specialty Coffee - Amsterdam Centrum","4.3","184","brunch_restaurant","https://maps.google.com/?cid=13830437391668563054&g_mp=Cidnb29nbGUubWFwcy5wbGFjZXMudjEuUGxhY2VzLlNlYXJjaFRleHQQABgEIAA","Spui 8, 1012 PB Amsterdam, Netherlands","52.3691308","4.8913775","Monday: 10:00 AM - 7:00 PM
Tuesday: 10:00 AM - 7:00 PM
Wednesday: 10:00 AM - 7:00 PM
Thursday: 10:00 AM - 7:00 PM
Friday: 10:00 AM - 7:00 PM
Saturday: 10:00 AM - 7:00 PM
Sunday: 10:00 AM - 7:00 PM","2025-08-13T17:00:00Z","19.0","1"
"Coffee & Bites","4.6","656","breakfast_restaurant","https://maps.google.com/?cid=5284912426198355488&g_mp=Cidnb29nbGUubWFwcy5wbGFjZXMudjEuUGxhY2VzLlNlYXJjaFRleHQQABgEIAA","Plantage Middenlaan 44-HS, 1018 DH Amsterdam, Netherlands","52.365945499999995","4.9125043999999995","Monday: 8:30 AM - 4:00 PM
Tuesday: 8:30 AM - 4:00 PM
Wednesday: 8:30 AM - 4:00 PM
Thursday: 8:30 AM - 4:00 PM
Friday: 8:30 AM - 4:00 PM
Saturday: 8:30 AM - 4:00 PM
Sunday: 8:30 AM - 4:00 PM","2025-08-13T14:00:00Z","16.0","1"
"Coffeeshop Voyagers","4.2","353","store","https://maps.google.com/?cid=13462733277197075119&g_mp=Cidnb29nbGUubWFwcy5wbGFjZXMudjEuUGxhY2VzLlNlYXJjaFRleHQQABgEIAA","Geldersekade 2HS, 1012 BH Amsterdam, Netherlands","52.3763791","4.902004","Monday: 8:00 AM - 1:00 AM
Tuesday: 8:00 AM - 1:00 AM
Wednesday: 8:00 AM - 1:00 AM
Thursday: 8:00 AM - 1:00 AM
Friday: 8:00 AM - 1:00 AM
Saturday: 8:00 AM - 1:00 AM
Sunday: 8:00 AM - 1:00 AM","2025-08-13T23:00:00Z","1.0","0"
"Coffeeshopamsterdam Café","4.6","1069","coffee_shop","https://maps.google.com/?cid=515847854484118816&g_mp=Cidnb29nbGUubWFwcy5wbGFjZXMudjEuUGxhY2VzLlNlYXJjaFRleHQQABgEIAA","Singel 8, 1013 GA Amsterdam, Netherlands","52.379163999999996","4.893925299999999","Monday: 10:00 AM - 1:00 AM
Tuesday: 10:00 AM - 1:00 AM
Wednesday: 10:00 AM - 1:00 AM
Thursday: 10:00 AM - 1:00 AM
Friday: 10:00 AM - 1:00 AM
Saturday: 10:00 AM - 1:00 AM
Sunday: 10:00 AM - 1:00 AM","2025-08-13T23:00:00Z","1.0","0"
"Carstens Cafe","4.4","413","cafe","https://maps.google.com/?cid=3146478422051242019&g_mp=Cidnb29nbGUubWFwcy5wbGFjZXMudjEuUGxhY2VzLlNlYXJjaFRleHQQABgEIAA","Prins Hendrikkade 34-35, 1012 TM Amsterdam, Netherlands","52.3775329","4.8973922","Monday: 9:00 AM - 5:00 PM
Tuesday: 9:00 AM - 5:00 PM
Wednesday: 9:00 AM - 5:00 PM
Thursday: 9:00 AM - 5:00 PM
Friday: 9:00 AM - 5:00 PM
Saturday: 9:00 AM - 5:00 PM
Sunday: 9:00 AM - 5:00 PM","2025-08-13T15:00:00Z","17.0","1"
"Abraxas","4.6","5674","store","https://maps.google.com/?cid=566715139965854026&g_mp=Cidnb29nbGUubWFwcy5wbGFjZXMudjEuUGxhY2VzLlNlYXJjaFRleHQQABgEIAA","Jonge Roelensteeg 12-14, 1012 PL Amsterdam, Netherlands","52.3721009","4.8912195999999994","Monday: 9:30 AM - 1:00 AM
Tuesday: 9:30 AM - 1:00 AM
Wednesday: 9:30 AM - 1:00 AM
Thursday: 9:30 AM - 1:00 AM
Friday: 9:30 AM - 1:00 AM
Saturday: 9:30 AM - 1:00 AM
Sunday: 9:30 AM - 1:00 AM","2025-08-13T23:00:00Z","1.0","0"
"De Kroon Coffeeshop Amsterdam","4.6","1828","store","https://maps.google.com/?cid=2472012917864741574&g_mp=Cidnb29nbGUubWFwcy5wbGFjZXMudjEuUGxhY2VzLlNlYXJjaFRleHQQABgEIAA","Oudebrugsteeg 26, 1012 JP Amsterdam, Netherlands","52.3759993","4.8960146","Monday: 7:00 AM - 1:00 AM
Tuesday: 7:00 AM - 1:00 AM
Wednesday: 7:00 AM - 1:00 AM
Thursday: 7:00 AM - 1:00 AM
Friday: 7:00 AM - 1:00 AM
Saturday: 7:00 AM - 1:00 AM
Sunday: 7:00 AM - 1:00 AM","2025-08-13T23:00:00Z","1.0","0"
"de koffiesalon spui","4.3","1187","coffee_shop","https://maps.google.com/?cid=1116871452306062634&g_mp=Cidnb29nbGUubWFwcy5wbGFjZXMudjEuUGxhY2VzLlNlYXJjaFRleHQQABgEIAA","Spuistraat 281, 1012 VR Amsterdam, Netherlands","52.3695824","4.8890002","Monday: 7:00 AM - 7:00 PM
Tuesday: 7:00 AM - 7:00 PM
Wednesday: 7:00 AM - 7:00 PM
Thursday: 7:00 AM - 7:00 PM
Friday: 7:00 AM - 7:00 PM
Saturday: 7:00 AM - 7:00 PM
Sunday: 7:00 AM - 7:00 PM","2025-08-13T17:00:00Z","19.0","1"
"Stone's Café","4.3","175","cafe","https://maps.google.com/?cid=6365554043050432100&g_mp=Cidnb29nbGUubWFwcy5wbGFjZXMudjEuUGxhY2VzLlNlYXJjaFRleHQQABgEIAA","Warmoesstraat 91, 1012 HZ Amsterdam, Netherlands","52.3746012","4.8971979999999995","Monday: 10:00 AM - 1:00 AM
Tuesday: 10:00 AM - 1:00 AM
Wednesday: 10:00 AM - 1:00 AM
Thursday: 10:00 AM - 1:00 AM
Friday: 10:00 AM - 3:00 AM
Saturday: 10:00 AM - 3:00 AM
Sunday: 10:00 AM - 1:00 AM","2025-08-13T23:00:00Z","1.0","0"
"Coffee gallery","4.3","46","coffee_shop","https://maps.google.com/?cid=17821040503290335270&g_mp=Cidnb29nbGUubWFwcy5wbGFjZXMudjEuUGxhY2VzLlNlYXJjaFRleHQQABgEIAA","Nieuwendijk 185, 1012 MG Amsterdam, Netherlands","52.3748618","4.8942647","","","","1"
"Coffeeshop Get Down","4.4","1608","store","https://maps.google.com/?cid=14488763558202109286&g_mp=Cidnb29nbGUubWFwcy5wbGFjZXMudjEuUGxhY2VzLlNlYXJjaFRleHQQABgEIAA","Korte Leidsedwarsstraat 77, 1017 PW Amsterdam, Netherlands","52.36401","4.8838","Monday: 9:30 AM - 1:00 AM
Tuesday: 9:30 AM - 1:00 AM
Wednesday: 9:30 AM - 1:00 AM
Thursday: 9:30 AM - 1:00 AM
Friday: 9:30 AM - 1:00 AM
Saturday: 9:30 AM - 1:00 AM
Sunday: 9:30 AM - 1:00 AM","2025-08-13T23:00:00Z","1.0","0"
"Toki","4.5","1148","coffee_shop","https://maps.google.com/?cid=291165814650215684&g_mp=Cidnb29nbGUubWFwcy5wbGFjZXMudjEuUGxhY2VzLlNlYXJjaFRleHQQABgEIAA","Binnen Dommersstraat 15, 1013 HK Amsterdam, Netherlands","52.3829109","4.885517500000001","Monday: 8:00 AM - 5:00 PM
Tuesday: 8:00 AM - 5:00 PM
Wednesday: 8:00 AM - 5:00 PM
Thursday: 8:00 AM - 5:00 PM
Friday: 8:00 AM - 5:00 PM
Saturday: 9:00 AM - 5:00 PM
Sunday: 9:00 AM - 5:00 PM","2025-08-13T15:00:00Z","17.0","1"
"Toastable Nieuwendijk","4.7","1305","restaurant","https://maps.google.com/?cid=13389822119055105011&g_mp=Cidnb29nbGUubWFwcy5wbGFjZXMudjEuUGxhY2VzLlNlYXJjaFRleHQQABgEIAA","Nieuwendijk 6, 1012 MK Amsterdam, Netherlands","52.3787714","4.894698399999999","Monday: 9:00 AM - 5:00 PM
Tuesday: 9:00 AM - 5:00 PM
Wednesday: 9:00 AM - 5:00 PM
Thursday: 9:00 AM - 5:00 PM
Friday: 9:00 AM - 5:00 PM
Saturday: 9:00 AM - 5:00 PM
Sunday: 9:00 AM - 5:00 PM","2025-08-13T15:00:00Z","17.0","1"
"Moods Coffee Corner","4.7","798","breakfast_restaurant","https://maps.google.com/?cid=16500492570205299249&g_mp=Cidnb29nbGUubWFwcy5wbGFjZXMudjEuUGxhY2VzLlNlYXJjaFRleHQQABgEIAA","Lindengracht 249, 1015 KH Amsterdam, Netherlands","52.379482499999995","4.8806432","Monday: 8:00 AM - 3:00 PM
Tuesday: 8:00 AM - 3:00 PM
Wednesday: 8:00 AM - 3:00 PM
Thursday: 8:00 AM - 3:00 PM
Friday: 8:00 AM - 3:00 PM
Saturday: 8:00 AM - 4:00 PM
Sunday: 9:00 AM - 3:00 PM","2025-08-13T13:00:00Z","15.0","1"
"coffeecompany","4.1","1755","coffee_shop","https://maps.google.com/?cid=13350948010606199250&g_mp=Cidnb29nbGUubWFwcy5wbGFjZXMudjEuUGxhY2VzLlNlYXJjaFRleHQQABgEIAA","11, Oude Doelenstraat, 1012 ED Amsterdam, Netherlands","52.371636099999996","4.8967306","Monday: 7:30 AM - 7:30 PM
Tuesday: 7:30 AM - 7:30 PM
Wednesday: 7:30 AM - 7:30 PM
Thursday: 7:30 AM - 7:30 PM
Friday: 7:30 AM - 8:30 PM
Saturday: 8:30 AM - 8:30 PM
Sunday: 8:30 AM - 7:30 PM","2025-08-13T17:30:00Z","19.0","1"
"Hagen Espresso Bar (Hagen Kleine Gartmanplantsoen)","4.9","102","coffee_shop","https://maps.google.com/?cid=2780747951265489092&g_mp=Cidnb29nbGUubWFwcy5wbGFjZXMudjEuUGxhY2VzLlNlYXJjaFRleHQQABgEIAA","Kleine-Gartmanplantsoen 28, 1017 RR Amsterdam, Netherlands","52.3625541","4.8835014999999995","Monday: 7:30 AM - 6:00 PM
Tuesday: 7:30 AM - 6:00 PM
Wednesday: 7:30 AM - 6:00 PM
Thursday: 7:30 AM - 6:00 PM
Friday: 7:30 AM - 6:00 PM
Saturday: 8:30 AM - 6:00 PM
Sunday: 8:30 AM - 6:00 PM","2025-08-13T16:00:00Z","18.0","1"
"Artista - Brunch & Specialty Coffee *By Day - Italian Dinner & Cocktails *By Night - Amsterdam Centrum","4.6","225","restaurant","https://maps.google.com/?cid=17550182011760793828&g_mp=Cidnb29nbGUubWFwcy5wbGFjZXMudjEuUGxhY2VzLlNlYXJjaFRleHQQABgEIAA","Nieuwezijds Kolk 12, 1012 PV Amsterdam, Netherlands","52.3763492","4.8947921","Monday: 9:00 AM - 11:00 PM
Tuesday: 9:00 AM - 11:00 PM
Wednesday: 9:00 AM - 11:00 PM
Thursday: 9:00 AM - 11:00 PM
Friday: 9:00 AM - 11:00 PM
Saturday: 9:00 AM - 11:00 PM
Sunday: 9:00 AM - 11:00 PM","2025-08-13T21:00:00Z","23.0","0"
"The Bulldog Mack","4.2","2879","cafe","https://maps.google.com/?cid=11995537173612307485&g_mp=Cidnb29nbGUubWFwcy5wbGFjZXMudjEuUGxhY2VzLlNlYXJjaFRleHQQABgEIAA","Oudezijds Voorburgwal 132, 1012 GH Amsterdam, Netherlands","52.3732681","4.8971443","Monday: 9:00 AM - 1:00 AM
Tuesday: 9:00 AM - 1:00 AM
Wednesday: 9:00 AM - 1:00 AM
Thursday: 9:00 AM - 1:00 AM
Friday: 9:00 AM - 2:00 AM
Saturday: 9:00 AM - 2:00 AM
Sunday: 9:00 AM - 1:00 AM","2025-08-13T23:00:00Z","1.0","0"
"Luuk's Coffee Vijzelgracht","4.7","285","coffee_shop","https://maps.google.com/?cid=4240338882888545458&g_mp=Cidnb29nbGUubWFwcy5wbGFjZXMudjEuUGxhY2VzLlNlYXJjaFRleHQQABgEIAA","Vijzelgracht 49, 1017 HP Amsterdam, Netherlands","52.360563500000005","4.8914177","Monday: 7:30 AM - 4:30 PM
Tuesday: 7:30 AM - 4:30 PM
Wednesday: 7:30 AM - 4:30 PM
Thursday: 7:30 AM - 4:30 PM
Friday: 7:30 AM - 4:30 PM
Saturday: 8:30 AM - 5:00 PM
Sunday: 9:00 AM - 5:00 PM","2025-08-13T14:30:00Z","16.0","1"
"King's Cross","4.3","669","","https://maps.google.com/?cid=15243425509735925135&g_mp=Cidnb29nbGUubWFwcy5wbGFjZXMudjEuUGxhY2VzLlNlYXJjaFRleHQQABgEIAA","Warmoesstraat 95, 1012 HZ Amsterdam, Netherlands","52.3745288","4.8970813","Monday: 10:00 AM - 3:00 AM
Tuesday: 10:00 AM - 3:00 AM
Wednesday: 10:00 AM - 3:00 AM
Thursday: 10:00 AM - 3:00 AM
Friday: 10:00 AM - 4:00 AM
Saturday: 10:00 AM - 4:00 AM
Sunday: 10:00 AM - 3:00 AM","2025-08-14T01:00:00Z","3.0","0"
"The Greek Embassy - All Day Brunch & Specialty Coffee - Amsterdam Centrum","4.3","184","brunch_restaurant","https://maps.google.com/?cid=13830437391668563054&g_mp=Cidnb29nbGUubWFwcy5wbGFjZXMudjEuUGxhY2VzLlNlYXJjaFRleHQQABgEIAA","Spui 8, 1012 PB Amsterdam, Netherlands","52.3691308","4.8913775","Monday: 10:00 AM - 7:00 PM
Tuesday: 10:00 AM - 7:00 PM
Wednesday: 10:00 AM - 7:00 PM
Thursday: 10:00 AM - 7:00 PM
Friday: 10:00 AM - 7:00 PM
Saturday: 10:00 AM - 7:00 PM
Sunday: 10:00 AM - 7:00 PM","2025-08-13T17:00:00Z","19.0","1"
